customerID,gender,SeniorCitizen,Partner,Dependents,tenure,PhoneService,InternetService,OnlineSecurity,TechSupport,Contract,PaperlessBilling,PaymentMethod,MonthlyCharges,TotalCharges,Churn
CUST-10000,Female,0,No,No,72,Yes,DSL,No internet service,No internet service,One year,No,Mailed check,68.56,4781.51,No
CUST-10001,Female,0,No,No,58,Yes,No,No,Yes,Two year,No,Electronic check,29.2,1587.35,No
CUST-10002,Male,1,No,No,26,Yes,Fiber optic,Yes,No,Two year,Yes,Mailed check,98.5,2499.92,No
CUST-10003,Male,1,Yes,No,14,Yes,Fiber optic,No,No internet service,One year,Yes,Mailed check,64.42,917.83,No
CUST-10004,Male,0,Yes,No,34,Yes,Fiber optic,No,No,One year,Yes,Electronic check,85.0,2927.26,Yes
CUST-10005,Male,0,No,Yes,61,Yes,DSL,Yes,No,Month-to-month,No,Electronic check,69.31,4123.97,No
CUST-10006,Male,0,No,Yes,1,No,Fiber optic,No internet service,Yes,Month-to-month,No,Electronic check,68.47,63.33,No
CUST-10007,Female,0,No,No,4,Yes,No,Yes,No internet service,One year,No,Electronic check,19.14,70.78,No
CUST-10008,Male,0,No,No,46,Yes,Fiber optic,No internet service,No,One year,Yes,Electronic check,71.66,3433.68,No
CUST-10009,Male,0,No,No,7,Yes,Fiber optic,No,No internet service,Two year,No,Mailed check,93.11,674.91,No
CUST-10010,Female,0,No,Yes,15,Yes,DSL,Yes,Yes,Two year,Yes,Electronic check,60.7,935.27,No
CUST-10011,Female,0,Yes,No,17,Yes,DSL,No,No,Two year,Yes,Electronic check,43.82,704.02,No
CUST-10012,Male,1,No,Yes,3,Yes,No,No,Yes,Month-to-month,Yes,Mailed check,18.0,55.61,No
CUST-10013,Male,0,No,No,27,Yes,Fiber optic,No internet service,No,Month-to-month,No,Bank transfer (automatic),103.96,2732.52,No
CUST-10014,Male,0,Yes,Yes,8,Yes,No,Yes,No,Month-to-month,Yes,Credit card (automatic),35.14,291.64,No
CUST-10015,Female,1,Yes,Yes,6,Yes,Fiber optic,Yes,No internet service,Month-to-month,Yes,Mailed check,87.82,548.59,No
CUST-10016,Male,0,Yes,No,0,Yes,No,No internet service,No internet service,Month-to-month,No,Credit card (automatic),24.69,,No
CUST-10017,Female,1,No,No,2,Yes,No,Yes,No,Month-to-month,Yes,Electronic check,32.57,61.1,No
CUST-10018,Female,0,No,No,23,No,DSL,No internet service,Yes,Month-to-month,Yes,Mailed check,47.21,1133.53,No
CUST-10019,Female,0,Yes,No,72,Yes,DSL,No,No internet service,Month-to-month,Yes,Bank transfer (automatic),69.59,4788.59,No
CUST-10020,Female,0,No,No,9,Yes,DSL,No,Yes,Month-to-month,No,Mailed check,51.38,478.33,No
CUST-10021,Male,0,Yes,Yes,32,Yes,Fiber optic,No,No,Month-to-month,Yes,Electronic check,103.49,3409.21,No
CUST-10022,Male,0,No,No,19,Yes,Fiber optic,Yes,Yes,Month-to-month,No,Bank transfer (automatic),60.07,1181.49,No
CUST-10023,Male,0,Yes,No,6,Yes,Fiber optic,Yes,No,Month-to-month,No,Electronic check,77.15,438.79,Yes
CUST-10024,Male,0,Yes,No,0,Yes,Fiber optic,No,No internet service,Month-to-month,Yes,Credit card (automatic),98.15,,Yes
CUST-10025,Male,1,Yes,No,5,No,No,No,Yes,Month-to-month,Yes,Credit card (automatic),30.86,141.37,No
CUST-10026,Male,1,No,No,20,Yes,Fiber optic,No internet service,Yes,Two year,No,Bank transfer (automatic),65.38,1242.22,Yes
CUST-10027,Male,0,Yes,No,13,Yes,Fiber optic,No,No,One year,No,Electronic check,81.12,1079.91,No
CUST-10028,Female,0,No,No,13,Yes,DSL,Yes,Yes,One year,Yes,Credit card (automatic),55.13,745.08,No
CUST-10029,Male,0,No,No,2,Yes,Fiber optic,Yes,No,One year,No,Bank transfer (automatic),88.11,169.87,No
CUST-10030,Female,0,No,Yes,9,Yes,Fiber optic,No,No,One year,No,Credit card (automatic),93.85,824.18,Yes
CUST-10031,Male,1,No,No,9,Yes,Fiber optic,Yes,No internet service,Month-to-month,Yes,Mailed check,76.56,666.99,No
CUST-10032,Male,0,Yes,Yes,22,Yes,DSL,No,No,Month-to-month,Yes,Mailed check,53.47,1209.53,No
CUST-10033,Female,0,No,No,13,Yes,No,No,No,One year,No,Bank transfer (automatic),18.0,219.73,No
CUST-10034,Female,0,Yes,Yes,8,Yes,DSL,No,No internet service,Month-to-month,No,Electronic check,59.0,486.37,No
CUST-10035,Male,1,No,Yes,12,Yes,DSL,No,No,Two year,Yes,Bank transfer (automatic),74.08,877.39,No
CUST-10036,Female,0,No,No,6,Yes,DSL,No,No internet service,Month-to-month,No,Electronic check,66.87,410.43,Yes
CUST-10037,Male,1,No,Yes,14,Yes,DSL,No internet service,No,Month-to-month,Yes,Mailed check,80.32,1034.54,No
CUST-10038,Male,0,No,No,44,Yes,No,No internet service,Yes,Two year,No,Mailed check,24.23,1022.63,No
CUST-10039,Male,0,No,No,13,Yes,Fiber optic,No,Yes,Two year,Yes,Electronic check,108.22,1268.7,No
CUST-10040,Male,0,Yes,No,5,Yes,DSL,Yes,Yes,Month-to-month,No,Electronic check,61.22,285.64,No
CUST-10041,Male,0,Yes,Yes,2,Yes,No,No,No,Month-to-month,No,Bank transfer (automatic),39.23,80.86,No
CUST-10042,Male,0,No,No,72,Yes,DSL,No internet service,No,Two year,No,Bank transfer (automatic),42.25,3070.9,No
CUST-10043,Male,0,No,No,5,Yes,DSL,No,No,Month-to-month,Yes,Electronic check,39.69,193.66,No
CUST-10044,Female,1,No,Yes,42,Yes,Fiber optic,No,Yes,Month-to-month,No,Bank transfer (automatic),88.63,3765.81,Yes
CUST-10045,Female,0,No,No,13,Yes,Fiber optic,No,No,Month-to-month,Yes,Mailed check,73.46,902.94,Yes
CUST-10046,Male,0,Yes,No,23,Yes,No,Yes,No,Month-to-month,Yes,Mailed check,27.52,607.23,No
CUST-10047,Male,0,Yes,No,0,No,Fiber optic,Yes,No,One year,No,Credit card (automatic),52.22,,No
CUST-10048,Female,0,No,No,4,No,DSL,No internet service,Yes,Month-to-month,No,Electronic check,66.62,270.07,No
CUST-10049,Male,0,Yes,No,54,Yes,Fiber optic,No,No internet service,Month-to-month,No,Electronic check,65.05,3312.51,Yes
CUST-10050,Male,0,No,No,17,Yes,DSL,Yes,No,Month-to-month,Yes,Electronic check,63.52,1093.42,Yes
CUST-10051,Female,0,No,No,3,Yes,No,No,Yes,One year,Yes,Electronic check,25.1,77.25,No
CUST-10052,Female,0,Yes,No,0,Yes,DSL,No,No internet service,One year,Yes,Electronic check,50.35,,No
CUST-10053,Male,0,No,No,7,Yes,Fiber optic,No,No,Month-to-month,Yes,Credit card (automatic),80.95,534.65,Yes
CUST-10054,Male,0,No,No,8,No,Fiber optic,No,Yes,Month-to-month,Yes,Electronic check,98.99,768.72,No
CUST-10055,Male,0,No,Yes,19,Yes,No,No internet service,No,Two year,Yes,Electronic check,19.71,355.18,No
CUST-10056,Female,0,Yes,No,32,Yes,DSL,No internet service,No internet service,One year,Yes,Electronic check,49.34,1572.57,No
CUST-10057,Male,0,Yes,No,20,Yes,No,No internet service,Yes,Month-to-month,Yes,Electronic check,25.09,452.01,Yes
CUST-10058,Male,1,No,No,35,Yes,Fiber optic,Yes,No internet service,Month-to-month,No,Electronic check,87.25,2849.8,Yes
CUST-10059,Male,0,No,Yes,20,No,Fiber optic,No internet service,No,One year,No,Electronic check,69.54,1303.45,No
CUST-10060,Male,0,No,No,9,Yes,DSL,Yes,Yes,One year,No,Electronic check,66.95,557.19,No
CUST-10061,Female,0,No,No,16,Yes,Fiber optic,No,No internet service,Month-to-month,Yes,Mailed check,68.37,1088.38,No
CUST-10062,Male,0,No,Yes,5,Yes,Fiber optic,No,No internet service,Two year,No,Electronic check,88.14,419.02,No
CUST-10063,Female,0,Yes,No,18,Yes,No,Yes,Yes,Month-to-month,Yes,Electronic check,43.3,808.2,No
CUST-10064,Male,0,No,Yes,51,Yes,Fiber optic,No internet service,Yes,Month-to-month,Yes,Credit card (automatic),79.16,4162.62,No
CUST-10065,Female,0,No,No,46,Yes,Fiber optic,Yes,No,Two year,No,Bank transfer (automatic),91.83,4168.35,Yes
CUST-10066,Female,1,No,No,50,Yes,Fiber optic,No,Yes,Month-to-month,No,Mailed check,78.21,4000.2,No
CUST-10067,Female,0,No,Yes,38,Yes,Fiber optic,No internet service,No,Month-to-month,Yes,Electronic check,74.5,2560.32,No
CUST-10068,Female,0,Yes,No,53,Yes,DSL,No,No,Month-to-month,Yes,Bank transfer (automatic),72.85,3974.6,No
CUST-10069,Male,1,No,No,43,Yes,DSL,Yes,Yes,Month-to-month,No,Credit card (automatic),76.92,3269.72,No
CUST-10070,Female,0,Yes,No,11,Yes,Fiber optic,No internet service,No,One year,Yes,Electronic check,91.95,1015.08,No
CUST-10071,Male,0,Yes,No,22,Yes,DSL,No internet service,Yes,One year,Yes,Credit card (automatic),61.52,1372.24,No
CUST-10072,Male,0,No,No,12,Yes,Fiber optic,No,No internet service,Month-to-month,No,Mailed check,94.66,1159.5,Yes
CUST-10073,Male,0,Yes,No,14,Yes,No,Yes,Yes,Month-to-month,No,Electronic check,31.52,457.67,Yes
CUST-10074,Male,1,No,Yes,18,Yes,Fiber optic,No,Yes,Month-to-month,Yes,Electronic check,93.14,1680.92,Yes
CUST-10075,Male,0,No,No,27,No,Fiber optic,No,No,Two year,Yes,Credit card (automatic),92.2,2499.86,No
CUST-10076,Male,1,Yes,No,19,Yes,No,No,Yes,Two year,Yes,Mailed check,26.3,512.43,No
CUST-10077,Female,0,No,No,53,Yes,DSL,No,No internet service,Two year,No,Electronic check,61.4,3116.25,No
CUST-10078,Male,0,Yes,No,39,Yes,Fiber optic,No internet service,No,Month-to-month,No,Electronic check,99.14,3969.57,Yes
CUST-10079,Male,0,Yes,No,48,Yes,No,No,No,Month-to-month,Yes,Bank transfer (automatic),20.85,1025.37,No
CUST-10080,Male,0,No,No,14,Yes,DSL,No,No,Month-to-month,Yes,Credit card (automatic),42.26,606.01,No
CUST-10081,Male,0,No,No,43,Yes,No,Yes,Yes,One year,No,Credit card (automatic),22.64,1013.87,No
CUST-10082,Male,1,Yes,Yes,49,Yes,DSL,No internet service,No,Month-to-month,Yes,Bank transfer (automatic),53.32,2568.41,No
CUST-10083,Male,0,No,No,59,Yes,DSL,No,No,Month-to-month,Yes,Mailed check,75.42,4662.64,Yes
CUST-10084,Female,1,Yes,No,46,Yes,Fiber optic,No,No,Two year,Yes,Electronic check,95.0,4322.19,No
CUST-10085,Female,1,Yes,No,26,Yes,No,No,No internet service,Month-to-month,Yes,Electronic check,38.99,1033.17,No
CUST-10086,Female,0,Yes,Yes,17,Yes,Fiber optic,No,No,Month-to-month,No,Electronic check,86.13,1370.16,Yes
CUST-10087,Female,0,Yes,Yes,10,Yes,Fiber optic,No,No internet service,Month-to-month,No,Mailed check,74.29,766.0,No
CUST-10088,Male,0,Yes,No,30,Yes,Fiber optic,No,No,One year,Yes,Bank transfer (automatic),83.17,2434.39,No
CUST-10089,Male,0,No,Yes,25,Yes,DSL,No internet service,Yes,Month-to-month,Yes,Mailed check,58.2,1314.78,No
CUST-10090,Female,1,No,No,52,Yes,Fiber optic,No,No internet service,Month-to-month,No,Mailed check,59.17,2998.63,Yes
CUST-10091,Female,0,No,No,15,Yes,Fiber optic,No,No internet service,One year,Yes,Electronic check,84.59,1197.59,No
CUST-10092,Female,0,Yes,No,54,Yes,Fiber optic,No,No,Two year,No,Electronic check,77.46,3837.72,No
CUST-10093,Male,0,Yes,No,16,Yes,No,No,No,Month-to-month,No,Bank transfer (automatic),20.47,295.35,No
CUST-10094,Male,0,No,No,3,Yes,Fiber optic,No,No,Month-to-month,No,Bank transfer (automatic),74.43,211.46,Yes
CUST-10095,Male,0,No,Yes,39,Yes,Fiber optic,No,Yes,Two year,Yes,Bank transfer (automatic),98.1,3790.85,No
CUST-10096,Female,0,Yes,No,13,Yes,DSL,No,Yes,Two year,No,Credit card (automatic),45.23,559.07,No
CUST-10097,Male,0,No,No,0,Yes,Fiber optic,No,Yes,Month-to-month,Yes,Credit card (automatic),92.2,,Yes
CUST-10098,Male,0,No,No,72,Yes,Fiber optic,No internet service,No,Month-to-month,Yes,Credit card (automatic),71.99,5149.83,Yes
CUST-10099,Female,0,No,Yes,52,Yes,DSL,Yes,Yes,Two year,No,Credit card (automatic),59.33,3077.51,No
CUST-10100,Male,1,Yes,No,8,Yes,Fiber optic,No,No,Month-to-month,Yes,Credit card (automatic),94.97,730.67,No
CUST-10101,Female,0,Yes,Yes,1,Yes,DSL,Yes,No internet service,Two year,No,Electronic check,47.66,48.83,No
CUST-10102,Male,0,No,No,72,Yes,No,Yes,No internet service,Month-to-month,Yes,Bank transfer (automatic),45.75,2965.5,No
CUST-10103,Female,0,No,No,22,Yes,Fiber optic,No,No internet service,Month-to-month,No,Electronic check,76.28,1754.31,Yes
CUST-10104,Male,0,No,No,60,Yes,DSL,Yes,No,Month-to-month,Yes,Bank transfer (automatic),68.09,3821.24,No
CUST-10105,Male,0,Yes,No,35,Yes,DSL,No,Yes,Two year,Yes,Bank transfer (automatic),67.0,2192.06,No
CUST-10106,Female,0,Yes,Yes,30,Yes,No,No,Yes,Month-to-month,No,Credit card (automatic),18.0,502.28,Yes
CUST-10107,Female,1,Yes,Yes,72,No,No,No,No,Month-to-month,No,Electronic check,39.12,2797.77,No
CUST-10108,Female,0,Yes,Yes,6,Yes,No,No internet service,Yes,Month-to-month,No,Electronic check,18.0,104.67,Yes
CUST-10109,Female,0,Yes,Yes,3,Yes,Fiber optic,No internet service,No,Two year,No,Mailed check,86.86,238.82,No
CUST-10110,Male,0,No,No,36,Yes,DSL,Yes,Yes,Month-to-month,Yes,Bank transfer (automatic),66.05,2321.68,No
CUST-10111,Female,0,No,No,72,Yes,Fiber optic,No,No,Two year,No,Bank transfer (automatic),83.76,5434.42,No
CUST-10112,Female,0,Yes,No,72,Yes,Fiber optic,Yes,Yes,Month-to-month,Yes,Mailed check,89.23,5802.86,Yes
CUST-10113,Male,0,No,Yes,14,Yes,Fiber optic,Yes,No,Month-to-month,Yes,Electronic check,66.56,854.87,Yes
CUST-10114,Male,0,Yes,No,9,No,No,No,No internet service,One year,Yes,Mailed check,31.09,279.69,No
CUST-10115,Male,0,No,Yes,12,Yes,Fiber optic,No,No,Two year,Yes,Credit card (automatic),63.8,786.2,No
CUST-10116,Male,1,No,No,4,Yes,DSL,No,No,Month-to-month,No,Mailed check,66.62,248.85,Yes
CUST-10117,Male,0,Yes,Yes,7,Yes,DSL,No,No,Two year,Yes,Electronic check,53.95,341.45,No
CUST-10118,Male,1,No,Yes,4,Yes,DSL,No,No,Month-to-month,Yes,Electronic check,56.89,215.26,Yes
CUST-10119,Female,0,No,No,27,Yes,Fiber optic,No,Yes,One year,Yes,Mailed check,100.45,2785.72,No
CUST-10120,Female,0,No,No,19,Yes,Fiber optic,No,No,Two year,Yes,Bank transfer (automatic),86.74,1601.39,Yes
CUST-10121,Female,0,Yes,Yes,15,Yes,DSL,No,No internet service,Two year,No,Bank transfer (automatic),46.55,639.48,No
CUST-10122,Male,1,Yes,Yes,14,Yes,Fiber optic,No internet service,No,Month-to-month,Yes,Electronic check,62.72,853.58,Yes
CUST-10123,Female,0,Yes,No,6,Yes,Fiber optic,No internet service,No,Month-to-month,Yes,Electronic check,83.86,455.59,Yes
CUST-10124,Female,0,No,No,18,Yes,No,No,No,One year,No,Electronic check,28.07,467.53,No
CUST-10125,Female,0,No,No,11,Yes,No,No,Yes,Two year,No,Mailed check,18.0,191.87,No
CUST-10126,Female,0,Yes,No,14,Yes,DSL,Yes,No internet service,Month-to-month,Yes,Electronic check,69.87,947.11,Yes
CUST-10127,Female,1,No,Yes,5,No,Fiber optic,No internet service,Yes,Two year,No,Electronic check,67.53,327.13,No
CUST-10128,Female,0,No,No,72,Yes,Fiber optic,No,Yes,One year,No,Credit card (automatic),79.88,5498.87,No
CUST-10129,Male,0,No,No,3,Yes,No,Yes,No,Month-to-month,No,Bank transfer (automatic),21.85,61.43,No
CUST-10130,Male,0,No,Yes,72,Yes,Fiber optic,Yes,Yes,Month-to-month,Yes,Bank transfer (automatic),104.71,7817.51,No
CUST-10131,Female,0,No,Yes,50,Yes,Fiber optic,No,Yes,Month-to-month,Yes,Mailed check,105.17,5400.09,No
CUST-10132,Male,0,No,Yes,16,Yes,No,No,No,Month-to-month,Yes,Mailed check,18.0,271.72,Yes
CUST-10133,Male,0,Yes,No,19,Yes,Fiber optic,No internet service,No,Month-to-month,No,Electronic check,61.92,1183.49,Yes
CUST-10134,Male,0,No,No,5,Yes,Fiber optic,Yes,No,Two year,Yes,Mailed check,89.55,410.19,No
CUST-10135,Female,0,No,No,11,Yes,DSL,No,No,Month-to-month,Yes,Electronic check,89.1,961.01,Yes
CUST-10136,Female,0,Yes,Yes,23,Yes,Fiber optic,Yes,No,One year,No,Credit card (automatic),107.38,2224.39,Yes
CUST-10137,Female,0,No,No,20,Yes,DSL,No,No,Two year,No,Electronic check,83.09,1715.66,No
CUST-10138,Male,0,No,No,14,Yes,Fiber optic,No,No,Month-to-month,Yes,Mailed check,88.76,1215.87,Yes
CUST-10139,Female,0,No,No,15,Yes,DSL,No,No internet service,One year,Yes,Mailed check,69.15,953.41,No
CUST-10140,Female,0,Yes,No,8,Yes,Fiber optic,No,No,Two year,No,Credit card (automatic),92.84,767.86,Yes
CUST-10141,Female,0,No,No,8,No,Fiber optic,Yes,No,Month-to-month,Yes,Electronic check,93.14,741.49,Yes
CUST-10142,Female,0,No,No,20,Yes,No,No,Yes,Two year,Yes,Mailed check,18.0,362.93,No
CUST-10143,Female,0,No,No,27,Yes,Fiber optic,No,No,Month-to-month,No,Bank transfer (automatic),94.15,2428.53,Yes
CUST-10144,Female,0,Yes,No,15,Yes,Fiber optic,No internet service,No,Month-to-month,No,Bank transfer (automatic),101.25,1513.12,No
CUST-10145,Female,0,No,Yes,4,Yes,No,Yes,Yes,Month-to-month,No,Electronic check,26.75,103.99,Yes
CUST-10146,Female,0,Yes,No,9,Yes,Fiber optic,Yes,No,Two year,No,Mailed check,69.51,634.4,No
CUST-10147,Female,0,No,Yes,27,Yes,Fiber optic,Yes,No,Month-to-month,No,Mailed check,84.36,2077.82,No
CUST-10148,Female,0,No,No,2,Yes,Fiber optic,No,Yes,Month-to-month,Yes,Electronic check,83.79,173.78,Yes
CUST-10149,Male,0,Yes,Yes,1,Yes,Fiber optic,No,No,Month-to-month,Yes,Electronic check,51.84,47.74,No
CUST-10150,Female,1,No,No,16,Yes,DSL,Yes,Yes,Month-to-month,Yes,Electronic check,72.01,1126.21,No
CUST-10151,Female,0,No,No,12,Yes,Fiber optic,No internet service,No,Two year,No,Mailed check,61.76,678.68,No
CUST-10152,Female,0,No,Yes,6,Yes,No,No,Yes,Month-to-month,Yes,Bank transfer (automatic),32.17,200.6,No
CUST-10153,Male,0,No,No,19,Yes,Fiber optic,Yes,No,Two year,No,Mailed check,98.29,1938.25,No
CUST-10154,Male,1,No,No,5,Yes,DSL,No,No,Month-to-month,Yes,Electronic check,62.01,296.87,Yes
CUST-10155,Female,1,No,No,18,Yes,DSL,Yes,No,Month-to-month,Yes,Electronic check,69.8,1240.2,Yes
CUST-10156,Female,1,Yes,No,10,Yes,Fiber optic,Yes,No,Month-to-month,No,Mailed check,70.26,697.16,Yes
CUST-10157,Female,0,No,No,3,Yes,Fiber optic,Yes,Yes,One year,No,Mailed check,75.85,225.78,No
CUST-10158,Female,0,Yes,No,0,Yes,Fiber optic,Yes,No,Month-to-month,No,Credit card (automatic),88.61,,Yes
CUST-10159,Female,0,No,Yes,21,Yes,Fiber optic,No,No,Two year,Yes,Electronic check,64.06,1395.44,No
CUST-10160,Female,0,Yes,No,14,Yes,Fiber optic,Yes,No,Month-to-month,No,Bank transfer (automatic),96.73,1408.95,No
CUST-10161,Male,0,No,No,3,Yes,Fiber optic,No,Yes,One year,No,Credit card (automatic),71.49,217.26,No
CUST-10162,Female,0,No,Yes,22,Yes,DSL,No,No internet service,One year,Yes,Credit card (automatic),59.5,1240.56,No
CUST-10163,Male,0,No,Yes,4,Yes,DSL,No internet service,No internet service,Two year,Yes,Mailed check,51.54,187.48,No
CUST-10164,Male,0,Yes,No,14,Yes,No,Yes,No,Month-to-month,Yes,Credit card (automatic),25.63,338.42,Yes
CUST-10165,Male,0,Yes,No,8,Yes,Fiber optic,No,Yes,Month-to-month,No,Electronic check,87.72,725.65,Yes
CUST-10166,Male,0,No,No,17,Yes,Fiber optic,No,Yes,Two year,Yes,Mailed check,80.57,1303.43,No
CUST-10167,Male,1,No,No,3,Yes,No,No,No,Month-to-month,Yes,Mailed check,31.77,95.51,Yes
CUST-10168,Female,0,No,Yes,52,Yes,Fiber optic,No,No,One year,Yes,Mailed check,84.87,4325.54,No
CUST-10169,Female,1,No,No,6,Yes,Fiber optic,No,Yes,Two year,Yes,Mailed check,74.76,447.56,No
CUST-10170,Female,0,No,Yes,2,Yes,Fiber optic,No,Yes,Month-to-month,No,Mailed check,90.15,171.5,No
CUST-10171,Male,0,Yes,No,19,Yes,DSL,No internet service,Yes,Month-to-month,No,Electronic check,75.22,1382.32,Yes
CUST-10172,Male,0,Yes,No,29,Yes,DSL,No,Yes,Month-to-month,Yes,Mailed check,47.32,1419.41,Yes
CUST-10173,Female,0,Yes,No,27,Yes,Fiber optic,Yes,Yes,Month-to-month,No,Mailed check,74.36,2020.94,Yes
CUST-10174,Female,1,Yes,No,3,Yes,Fiber optic,Yes,No,Two year,Yes,Electronic check,117.05,325.86,Yes
CUST-10175,Female,0,No,Yes,30,Yes,Fiber optic,Yes,No,Two year,Yes,Electronic check,89.34,2482.19,Yes
CUST-10176,Female,0,Yes,No,15,Yes,DSL,No internet service,No internet service,Two year,Yes,Electronic check,33.3,484.97,No
CUST-10177,Male,0,Yes,Yes,23,Yes,DSL,Yes,No,Month-to-month,Yes,Credit card (automatic),54.36,1140.1,No
CUST-10178,Female,0,No,No,32,Yes,Fiber optic,No,Yes,Two year,No,Mailed check,63.38,2088.84,No
CUST-10179,Male,0,Yes,Yes,42,Yes,DSL,No,No,Two year,Yes,Credit card (automatic),79.64,3299.83,No
CUST-10180,Female,0,Yes,No,18,Yes,DSL,No,No,One year,No,Bank transfer (automatic),52.64,916.35,No
CUST-10181,Male,0,No,Yes,26,Yes,Fiber optic,No internet service,No internet service,Month-to-month,Yes,Mailed check,76.94,2051.15,No
CUST-10182,Male,0,No,No,2,Yes,Fiber optic,No,No,One year,No,Electronic check,50.74,95.05,No
CUST-10183,Male,0,No,No,23,Yes,Fiber optic,Yes,No,Month-to-month,Yes,Electronic check,75.0,1652.65,Yes
CUST-10184,Male,0,No,Yes,32,No,DSL,Yes,No,Two year,Yes,Electronic check,77.75,2569.31,No
CUST-10185,Female,0,No,No,8,No,Fiber optic,No internet service,Yes,Month-to-month,Yes,Credit card (automatic),87.15,652.77,No
CUST-10186,Male,0,Yes,Yes,5,Yes,No,No,No,Month-to-month,Yes,Mailed check,21.84,98.34,No
CUST-10187,Male,0,Yes,No,1,Yes,Fiber optic,Yes,No,One year,Yes,Electronic check,72.46,65.99,No
CUST-10188,Male,0,Yes,No,6,Yes,Fiber optic,No,No internet service,Two year,Yes,Electronic check,91.26,532.6,No
CUST-10189,Male,0,Yes,No,39,Yes,Fiber optic,Yes,Yes,Two year,Yes,Bank transfer (automatic),95.34,3357.15,No
CUST-10190,Female,0,Yes,No,1,Yes,DSL,No internet service,No,Month-to-month,No,Electronic check,52.26,48.89,Yes
CUST-10191,Male,1,No,Yes,0,Yes,DSL,No,Yes,Two year,No,Credit card (automatic),39.5,,No
CUST-10192,Female,0,No,Yes,23,Yes,Fiber optic,No,No internet service,Month-to-month,Yes,Electronic check,62.05,1442.64,Yes
CUST-10193,Male,1,Yes,No,26,No,Fiber optic,No internet service,No,Month-to-month,No,Credit card (automatic),75.24,1849.43,Yes
CUST-10194,Male,0,No,No,61,Yes,No,No internet service,No internet service,One year,Yes,Bank transfer (automatic),18.0,1044.18,No
CUST-10195,Male,0,No,No,15,No,Fiber optic,Yes,No,One year,Yes,Mailed check,98.45,1384.6,Yes
CUST-10196,Male,0,Yes,No,23,Yes,DSL,No,No,One year,No,Mailed check,52.44,1199.89,No
CUST-10197,Female,0,Yes,Yes,34,Yes,No,No,No,Month-to-month,Yes,Bank transfer (automatic),18.0,564.47,No
CUST-10198,Female,1,No,No,24,Yes,DSL,No,No,Two year,Yes,Mailed check,49.04,1118.91,No
CUST-10199,Male,1,No,No,50,Yes,Fiber optic,Yes,No internet service,Month-to-month,Yes,Credit card (automatic),83.5,3858.75,No
CUST-10200,Female,0,Yes,Yes,11,Yes,No,No internet service,No internet service,One year,Yes,Electronic check,28.3,304.73,No
CUST-10201,Female,1,Yes,No,22,Yes,Fiber optic,No,Yes,One year,Yes,Mailed check,89.44,1826.95,No
CUST-10202,Female,0,No,No,14,Yes,Fiber optic,No,No,Month-to-month,No,Credit card (automatic),67.86,954.02,Yes
CUST-10203,Male,0,Yes,Yes,0,Yes,Fiber optic,No,Yes,One year,Yes,Bank transfer (automatic),69.0,,No
CUST-10204,Male,0,Yes,No,40,No,Fiber optic,No,No,Month-to-month,Yes,Electronic check,67.9,2515.57,No
CUST-10205,Female,0,Yes,No,0,No,No,No,No internet service,Month-to-month,Yes,Credit card (automatic),25.06,,No
CUST-10206,Female,0,No,Yes,45,No,DSL,Yes,Yes,One year,Yes,Mailed check,78.39,3229.37,No
CUST-10207,Male,0,Yes,No,7,Yes,No,No,No internet service,Month-to-month,No,Mailed check,18.0,129.24,No
CUST-10208,Male,1,No,Yes,11,Yes,DSL,No,Yes,Month-to-month,Yes,Electronic check,51.0,542.78,Yes
CUST-10209,Male,0,No,No,21,Yes,DSL,No internet service,Yes,Two year,No,Electronic check,57.7,1093.69,Yes
CUST-10210,Female,0,No,No,70,Yes,Fiber optic,Yes,Yes,Month-to-month,No,Electronic check,88.15,5629.59,Yes
CUST-10211,Female,1,Yes,Yes,1,Yes,Fiber optic,No internet service,Yes,Month-to-month,No,Bank transfer (automatic),76.11,77.95,No
CUST-10212,Female,0,Yes,No,51,Yes,No,No internet service,No internet service,Month-to-month,No,Credit card (automatic),19.58,984.66,No
CUST-10213,Female,0,No,Yes,3,Yes,DSL,Yes,No internet service,Two year,No,Mailed check,66.57,206.52,No
CUST-10214,Male,0,No,No,53,Yes,DSL,No internet service,No,Month-to-month,No,Mailed check,39.98,2041.98,No
CUST-10215,Female,1,Yes,No,17,Yes,DSL,Yes,No,One year,Yes,Mailed check,71.68,1236.96,No
CUST-10216,Male,0,No,Yes,6,Yes,Fiber optic,No internet service,Yes,Month-to-month,Yes,Credit card (automatic),71.59,427.2,Yes
CUST-10217,Male,0,No,No,32,Yes,Fiber optic,No,No,Month-to-month,Yes,Bank transfer (automatic),80.69,2553.61,Yes
CUST-10218,Female,0,No,Yes,12,Yes,DSL,Yes,Yes,Month-to-month,No,Credit card (automatic),69.08,784.6,No
CUST-10219,Male,0,No,No,36,No,Fiber optic,Yes,No internet service,Two year,Yes,Mailed check,67.25,2210.55,No
CUST-10220,Male,1,Yes,Yes,65,No,DSL,Yes,No,Month-to-month,Yes,Bank transfer (automatic),52.11,3351.25,Yes
CUST-10221,Male,0,Yes,No,11,Yes,DSL,No internet service,Yes,Month-to-month,No,Credit card (automatic),75.31,865.71,No
CUST-10222,Female,0,Yes,Yes,37,Yes,Fiber optic,No internet service,Yes,Month-to-month,Yes,Mailed check,77.56,2705.74,No
CUST-10223,Male,0,No,Yes,72,Yes,DSL,No,Yes,Two year,No,Credit card (automatic),46.99,3466.22,No
CUST-10224,Female,0,No,No,69,Yes,No,No,Yes,Month-to-month,No,Bank transfer (automatic),18.0,1231.73,No
CUST-10225,Female,0,No,No,13,No,No,Yes,Yes,One year,Yes,Electronic check,18.0,225.0,No
CUST-10226,Male,0,No,Yes,27,Yes,Fiber optic,No,No,Month-to-month,Yes,Mailed check,109.58,2860.55,Yes
CUST-10227,Male,0,No,No,16,Yes,Fiber optic,Yes,No internet service,Month-to-month,Yes,Bank transfer (automatic),93.85,1530.23,No
CUST-10228,Male,1,No,No,34,Yes,Fiber optic,No internet service,No,Two year,Yes,Credit card (automatic),89.39,2776.95,No
CUST-10229,Male,0,No,No,1,Yes,Fiber optic,Yes,No,One year,No,Electronic check,83.58,78.61,No
CUST-10230,Male,0,No,Yes,72,Yes,Fiber optic,No,No,Two year,Yes,Electronic check,93.58,6336.42,No
CUST-10231,Female,0,No,No,25,Yes,Fiber optic,No internet service,No internet service,Month-to-month,Yes,Bank transfer (automatic),65.03,1539.73,No
CUST-10232,Male,0,Yes,Yes,67,Yes,DSL,No,No internet service,One year,No,Bank transfer (automatic),63.13,4249.99,No
CUST-10233,Male,0,Yes,No,4,Yes,DSL,No internet service,Yes,Month-to-month,Yes,Electronic check,74.84,301.93,Yes
CUST-10234,Female,0,Yes,No,41,Yes,No,No internet service,No,Month-to-month,No,Credit card (automatic),27.67,1131.09,No
CUST-10235,Male,0,No,No,57,Yes,Fiber optic,No internet service,No,One year,Yes,Credit card (automatic),113.93,6017.86,Yes
CUST-10236,Female,0,No,Yes,5,Yes,DSL,No,No internet service,Two year,No,Bank transfer (automatic),82.89,434.54,No
CUST-10237,Female,0,Yes,No,25,Yes,DSL,Yes,No,Month-to-month,No,Mailed check,60.28,1553.07,Yes
CUST-10238,Male,0,Yes,Yes,16,Yes,No,No,Yes,Month-to-month,Yes,Mailed check,22.73,358.58,No
CUST-10239,Male,0,Yes,No,2,Yes,Fiber optic,Yes,No internet service,Two year,Yes,Credit card (automatic),83.13,168.58,No
CUST-10240,Male,1,Yes,No,0,Yes,DSL,No internet service,Yes,One year,Yes,Electronic check,61.09,,Yes
CUST-10241,Male,0,No,No,13,No,Fiber optic,No,No,Two year,No,Credit card (automatic),69.82,893.35,Yes
CUST-10242,Female,0,No,No,46,Yes,No,No internet service,Yes,Month-to-month,Yes,Electronic check,41.24,1919.33,No
CUST-10243,Male,0,No,No,15,Yes,Fiber optic,No internet service,No internet service,Month-to-month,No,Electronic check,71.96,1068.81,Yes
CUST-10244,Female,0,Yes,Yes,37,Yes,Fiber optic,No,No,Month-to-month,Yes,Electronic check,84.21,2919.24,Yes
CUST-10245,Male,0,Yes,No,12,Yes,DSL,No,Yes,Two year,No,Mailed check,59.52,643.81,No
CUST-10246,Female,1,No,No,14,Yes,Fiber optic,No internet service,No,Month-to-month,Yes,Electronic check,94.68,1256.09,Yes
CUST-10247,Female,0,No,No,45,Yes,DSL,Yes,No internet service,Month-to-month,Yes,Electronic check,69.91,3031.33,No
CUST-10248,Female,0,Yes,Yes,72,No,No,No,No,One year,Yes,Bank transfer (automatic),18.0,1317.28,No
CUST-10249,Female,0,Yes,No,2,No,Fiber optic,No internet service,Yes,Month-to-month,No,Credit card (automatic),87.06,162.47,Yes
CUST-10250,Male,1,No,No,19,Yes,Fiber optic,Yes,No,Month-to-month,No,Mailed check,85.49,1536.91,No
CUST-10251,Female,1,Yes,No,2,Yes,DSL,Yes,No,One year,Yes,Credit card (automatic),57.03,104.89,No
CUST-10252,Female,0,Yes,No,12,Yes,DSL,Yes,No,Two year,No,Electronic check,43.67,484.48,No
CUST-10253,Male,0,Yes,No,50,Yes,DSL,No,Yes,Month-to-month,Yes,Credit card (automatic),41.95,2084.03,Yes
CUST-10254,Male,0,Yes,No,36,Yes,Fiber optic,No,No internet service,Two year,Yes,Electronic check,85.11,2978.62,No
CUST-10255,Female,0,Yes,Yes,53,Yes,Fiber optic,No,No,Month-to-month,Yes,Bank transfer (automatic),98.7,5419.43,Yes
CUST-10256,Male,0,No,No,3,Yes,No,Yes,No,Month-to-month,Yes,Electronic check,26.37,74.54,No
CUST-10257,Female,0,Yes,No,16,Yes,DSL,No,Yes,Two year,No,Electronic check,68.63,1093.46,No
CUST-10258,Female,0,No,No,14,Yes,Fiber optic,No,No internet service,Two year,No,Credit card (automatic),88.81,1295.47,No
CUST-10259,Male,0,No,No,39,No,Fiber optic,No,No internet service,Month-to-month,Yes,Electronic check,84.74,3164.82,Yes
CUST-10260,Female,0,Yes,No,21,Yes,DSL,No internet service,No,One year,No,Electronic check,58.31,1137.54,No
CUST-10261,Male,0,Yes,Yes,8,Yes,DSL,No internet service,Yes,Month-to-month,Yes,Mailed check,32.75,265.99,Yes
CUST-10262,Female,0,Yes,No,43,Yes,Fiber optic,Yes,Yes,Two year,Yes,Credit card (automatic),80.53,3596.03,No
CUST-10263,Female,0,Yes,No,36,Yes,DSL,No internet service,No internet service,Two year,Yes,Mailed check,76.77,2749.17,No
CUST-10264,Female,0,No,No,12,Yes,DSL,No internet service,Yes,Month-to-month,Yes,Electronic check,48.67,549.07,Yes
CUST-10265,Male,0,Yes,No,8,Yes,Fiber optic,No,No internet service,Month-to-month,No,Electronic check,58.42,428.9,No
CUST-10266,Female,0,Yes,Yes,19,Yes,Fiber optic,No,Yes,Month-to-month,Yes,Electronic check,116.17,2175.86,Yes
CUST-10267,Male,0,No,No,3,Yes,No,No internet service,No internet service,Month-to-month,Yes,Credit card (automatic),32.34,95.83,No
CUST-10268,Female,0,No,No,72,Yes,Fiber optic,No,No,Two year,Yes,Electronic check,90.51,5961.66,No
CUST-10269,Male,0,Yes,No,1,Yes,No,Yes,No,One year,No,Electronic check,18.0,18.74,Yes
CUST-10270,Female,1,Yes,No,33,Yes,DSL,No,No,One year,No,Bank transfer (automatic),61.31,2119.6,No
CUST-10271,Female,0,No,No,29,Yes,DSL,No,No,One year,Yes,Bank transfer (automatic),56.79,1578.67,No
CUST-10272,Male,0,Yes,No,10,Yes,No,Yes,No,Month-to-month,No,Electronic check,29.47,299.68,Yes
CUST-10273,Female,0,Yes,No,11,Yes,DSL,No,Yes,Month-to-month,No,Bank transfer (automatic),82.44,883.25,No
CUST-10274,Female,0,No,No,22,Yes,Fiber optic,No,No,Two year,No,Mailed check,75.96,1628.05,No
CUST-10275,Male,0,Yes,No,72,No,DSL,No,No internet service,Month-to-month,Yes,Bank transfer (automatic),47.25,3205.14,No
CUST-10276,Female,1,Yes,Yes,0,Yes,DSL,No,No internet service,Month-to-month,Yes,Mailed check,51.49,,No
CUST-10277,Female,0,Yes,No,8,Yes,No,No internet service,No,Month-to-month,No,Credit card (automatic),24.69,194.34,No
CUST-10278,Male,0,Yes,Yes,11,Yes,Fiber optic,Yes,Yes,One year,No,Bank transfer (automatic),96.12,1077.92,No
CUST-10279,Male,0,No,No,28,Yes,DSL,No,No,Month-to-month,No,Electronic check,67.79,1934.89,No
CUST-10280,Male,0,No,No,1,Yes,Fiber optic,Yes,Yes,Month-to-month,No,Mailed check,94.1,93.96,Yes
CUST-10281,Female,0,Yes,No,10,Yes,Fiber optic,No,No,Month-to-month,Yes,Electronic check,81.08,762.06,No
CUST-10282,Female,0,No,No,41,Yes,Fiber optic,Yes,No,One year,Yes,Electronic check,72.38,2892.62,Yes
CUST-10283,Male,0,Yes,Yes,72,Yes,No,No,No internet service,Month-to-month,Yes,Mailed check,30.59,2158.38,No
CUST-10284,Female,0,Yes,No,19,Yes,DSL,No internet service,No,Two year,No,Mailed check,46.65,819.25,No
CUST-10285,Female,1,Yes,Yes,25,Yes,DSL,No,Yes,Month-to-month,Yes,Bank transfer (automatic),54.99,1344.06,No
CUST-10286,Female,0,No,No,30,Yes,DSL,No internet service,No,One year,Yes,Credit card (automatic),69.0,2093.91,No
CUST-10287,Female,0,Yes,No,57,Yes,No,Yes,No,One year,Yes,Electronic check,30.43,1666.02,Yes
CUST-10288,Female,0,Yes,No,19,Yes,DSL,Yes,Yes,Month-to-month,Yes,Bank transfer (automatic),46.49,886.44,Yes
CUST-10289,Male,0,No,Yes,15,Yes,Fiber optic,No,No,Month-to-month,Yes,Electronic check,89.66,1293.22,No
CUST-10290,Female,0,No,Yes,36,Yes,Fiber optic,No internet service,No internet service,One year,Yes,Mailed check,76.63,2877.85,No
CUST-10291,Female,0,Yes,No,51,Yes,No,Yes,No,Two year,Yes,Bank transfer (automatic),18.0,888.8,No
CUST-10292,Male,0,Yes,No,9,Yes,Fiber optic,No,No,One year,No,Electronic check,104.84,955.47,Yes
CUST-10293,Male,0,Yes,No,5,Yes,Fiber optic,Yes,No internet service,Two year,No,Credit card (automatic),95.63,456.99,No
CUST-10294,Male,0,No,No,10,Yes,DSL,No internet service,No,Month-to-month,Yes,Mailed check,75.04,711.25,Yes
CUST-10295,Female,0,Yes,No,12,Yes,Fiber optic,Yes,No,Month-to-month,No,Mailed check,74.81,849.64,No
CUST-10296,Female,0,No,Yes,16,Yes,DSL,No internet service,Yes,Month-to-month,No,Electronic check,48.84,782.53,Yes
CUST-10297,Female,0,No,No,4,Yes,DSL,No,No,Two year,No,Credit card (automatic),44.5,175.87,No
CUST-10298,Male,1,Yes,Yes,54,Yes,Fiber optic,No internet service,Yes,One year,No,Credit card (automatic),120.0,6642.2,Yes
CUST-10299,Male,0,Yes,No,13,Yes,Fiber optic,Yes,No,Month-to-month,Yes,Mailed check,87.8,1190.05,No
CUST-10300,Female,0,No,No,28,Yes,DSL,No internet service,No,Two year,No,Mailed check,56.52,1613.79,No
CUST-10301,Male,0,Yes,No,13,Yes,Fiber optic,No,No,Month-to-month,No,Bank transfer (automatic),64.83,808.89,No
CUST-10302,Female,0,No,Yes,15,Yes,DSL,No,Yes,Month-to-month,No,Bank transfer (automatic),66.99,1030.14,No
CUST-10303,Female,0,No,Yes,66,Yes,Fiber optic,No,No internet service,One year,No,Electronic check,83.44,5523.84,No
CUST-10304,Female,0,Yes,No,35,Yes,Fiber optic,Yes,No,Two year,No,Mailed check,74.07,2569.38,Yes
CUST-10305,Female,0,No,Yes,5,Yes,No,Yes,Yes,One year,Yes,Credit card (automatic),24.83,130.35,No
CUST-10306,Female,0,Yes,Yes,4,No,No,No,No,Month-to-month,Yes,Credit card (automatic),25.35,99.62,No
CUST-10307,Female,0,Yes,Yes,3,Yes,No,No,No,One year,Yes,Mailed check,20.64,59.94,No
CUST-10308,Male,0,No,No,38,No,No,No,No,Month-to-month,Yes,Mailed check,18.0,681.91,No
CUST-10309,Female,0,No,Yes,7,Yes,Fiber optic,Yes,No,One year,Yes,Mailed check,73.64,482.72,No
CUST-10310,Female,0,No,Yes,13,Yes,Fiber optic,No,No internet service,Month-to-month,Yes,Credit card (automatic),89.92,1118.74,No
CUST-10311,Female,0,Yes,No,65,Yes,Fiber optic,No internet service,No,One year,Yes,Credit card (automatic),85.32,5004.21,No
CUST-10312,Female,0,No,No,28,Yes,DSL,No,No,One year,Yes,Electronic check,57.72,1538.13,No
CUST-10313,Female,1,Yes,Yes,10,Yes,Fiber optic,Yes,No,Month-to-month,Yes,Bank transfer (automatic),103.61,988.14,Yes
CUST-10314,Male,0,Yes,No,8,Yes,No,No internet service,No internet service,One year,No,Mailed check,37.31,296.61,No
CUST-10315,Male,0,Yes,Yes,57,Yes,No,Yes,No,Month-to-month,No,Credit card (automatic),21.03,1174.0,No
CUST-10316,Female,0,Yes,Yes,19,Yes,DSL,No,No,Month-to-month,Yes,Electronic check,56.0,1086.4,Yes
CUST-10317,Female,0,No,No,35,Yes,DSL,No,No internet service,One year,No,Electronic check,55.23,2016.57,No
CUST-10318,Female,0,No,No,4,Yes,Fiber optic,Yes,No internet service,Month-to-month,Yes,Electronic check,77.28,279.41,Yes
CUST-10319,Male,0,Yes,No,33,Yes,Fiber optic,No internet service,Yes,Month-to-month,Yes,Credit card (automatic),81.84,2482.75,No
CUST-10320,Female,0,Yes,No,72,Yes,DSL,No,No,Month-to-month,Yes,Electronic check,29.96,2204.46,Yes
CUST-10321,Male,1,No,No,5,Yes,No,No,No,Month-to-month,No,Electronic check,28.56,137.85,No
CUST-10322,Male,0,No,No,7,Yes,Fiber optic,No internet service,No internet service,Two year,No,Bank transfer (automatic),111.46,806.7,No
CUST-10323,Male,0,No,Yes,70,Yes,No,No,No internet service,Two year,No,Electronic check,25.38,1695.18,No
CUST-10324,Female,0,No,Yes,13,No,Fiber optic,No,Yes,Month-to-month,No,Electronic check,65.38,890.35,Yes
CUST-10325,Male,0,No,No,11,Yes,Fiber optic,No,No,Two year,No,Electronic check,62.61,655.99,No
CUST-10326,Male,0,No,No,59,No,Fiber optic,No,No,Month-to-month,Yes,Credit card (automatic),85.96,5085.69,Yes
CUST-10327,Female,0,No,No,20,Yes,DSL,Yes,No,Month-to-month,No,Bank transfer (automatic),59.47,1196.51,Yes
CUST-10328,Male,1,No,No,44,Yes,DSL,No,No internet service,Two year,No,Bank transfer (automatic),78.09,3310.63,No
CUST-10329,Female,0,No,No,11,Yes,DSL,No,No internet service,Two year,Yes,Electronic check,39.14,425.82,No
CUST-10330,Female,1,No,Yes,19,Yes,Fiber optic,No,No internet service,Month-to-month,No,Electronic check,75.26,1487.28,Yes
CUST-10331,Male,0,No,Yes,1,Yes,DSL,Yes,Yes,Two year,Yes,Electronic check,57.41,55.48,No
CUST-10332,Female,0,No,No,40,Yes,DSL,No,No,Two year,Yes,Mailed check,65.31,2472.3,Yes
CUST-10333,Male,0,Yes,No,4,Yes,No,No internet service,No,One year,Yes,Mailed check,24.54,94.02,No
CUST-10334,Female,0,No,No,2,No,Fiber optic,No internet service,No,One year,No,Mailed check,112.31,209.34,Yes
CUST-10335,Male,1,No,No,12,No,Fiber optic,No,Yes,One year,Yes,Credit card (automatic),88.02,1026.39,No
CUST-10336,Male,0,No,No,2,Yes,Fiber optic,No internet service,Yes,Month-to-month,Yes,Electronic check,72.96,149.26,Yes
CUST-10337,Male,0,No,Yes,41,Yes,Fiber optic,No internet service,No internet service,One year,No,Electronic check,98.68,3991.55,No
CUST-10338,Female,0,No,No,11,Yes,No,No,No,Month-to-month,Yes,Mailed check,18.0,195.36,No
CUST-10339,Male,0,No,Yes,3,Yes,DSL,Yes,Yes,One year,Yes,Mailed check,46.17,132.71,No
CUST-10340,Female,0,No,No,44,Yes,Fiber optic,No,Yes,One year,No,Credit card (automatic),86.61,3529.07,No
CUST-10341,Female,0,Yes,No,72,Yes,DSL,Yes,No,One year,Yes,Bank transfer (automatic),62.71,4527.72,No
CUST-10342,Female,0,No,No,11,Yes,Fiber optic,Yes,No internet service,Month-to-month,No,Electronic check,75.5,837.52,Yes
CUST-10343,Male,0,Yes,Yes,2,Yes,Fiber optic,No,No internet service,Two year,Yes,Electronic check,84.36,160.38,No
CUST-10344,Female,0,No,Yes,72,No,No,Yes,No internet service,Month-to-month,Yes,Credit card (automatic),24.28,1694.72,No
CUST-10345,Female,0,Yes,No,28,Yes,DSL,No internet service,No,Two year,No,Electronic check,79.22,2068.9,No
CUST-10346,Male,1,Yes,No,24,Yes,Fiber optic,No,No internet service,Month-to-month,No,Electronic check,117.02,2888.74,No
CUST-10347,Female,1,Yes,No,13,Yes,DSL,No,No,Two year,No,Electronic check,79.5,974.38,No
CUST-10348,Female,0,No,Yes,28,Yes,DSL,No internet service,Yes,Month-to-month,Yes,Bank transfer (automatic),65.29,1753.73,No
CUST-10349,Male,1,Yes,Yes,23,Yes,Fiber optic,No internet service,No,Month-to-month,Yes,Mailed check,98.0,2181.74,Yes
CUST-10350,Female,0,Yes,Yes,42,Yes,No,No internet service,Yes,Month-to-month,No,Credit card (automatic),35.35,1388.86,No
CUST-10351,Male,0,Yes,Yes,26,Yes,DSL,No,No,Two year,Yes,Electronic check,49.72,1294.0,No
CUST-10352,Female,1,No,No,13,Yes,Fiber optic,No internet service,Yes,Two year,No,Bank transfer (automatic),78.43,952.13,No
CUST-10353,Male,0,No,No,7,Yes,Fiber optic,Yes,Yes,Month-to-month,No,Mailed check,94.58,653.4,No
CUST-10354,Male,1,No,No,21,Yes,DSL,No,No,Month-to-month,Yes,Electronic check,53.86,1085.52,No
CUST-10355,Male,0,No,Yes,4,Yes,Fiber optic,Yes,Yes,Month-to-month,Yes,Credit card (automatic),99.07,395.15,Yes
CUST-10356,Male,1,No,No,1,Yes,Fiber optic,No internet service,No,One year,Yes,Bank transfer (automatic),83.47,84.34,No
CUST-10357,Female,0,Yes,No,4,Yes,Fiber optic,Yes,Yes,Month-to-month,Yes,Bank transfer (automatic),41.54,173.64,No
CUST-10358,Female,1,No,No,41,Yes,DSL,No,No,Month-to-month,No,Bank transfer (automatic),63.01,2710.21,No
CUST-10359,Female,0,Yes,No,1,Yes,Fiber optic,No,Yes,One year,Yes,Mailed check,78.1,80.34,No
CUST-10360,Male,1,Yes,No,7,Yes,Fiber optic,No,No internet service,Two year,Yes,Bank transfer (automatic),69.88,474.89,No
CUST-10361,Male,0,Yes,Yes,0,Yes,DSL,Yes,Yes,Two year,No,Bank transfer (automatic),32.36,,Yes
CUST-10362,Male,0,No,No,33,Yes,No,No,No,Month-to-month,No,Mailed check,22.59,749.42,Yes
CUST-10363,Male,1,Yes,Yes,9,Yes,Fiber optic,No,No,Two year,No,Credit card (automatic),58.23,497.21,No
CUST-10364,Female,0,Yes,Yes,34,Yes,No,Yes,No internet service,One year,No,Mailed check,23.4,789.61,No
CUST-10365,Female,0,Yes,No,30,Yes,Fiber optic,Yes,No,One year,No,Mailed check,93.21,2881.61,Yes
CUST-10366,Male,0,Yes,No,2,Yes,No,No internet service,No,Month-to-month,No,Mailed check,18.0,36.34,No
CUST-10367,Female,0,No,No,11,Yes,DSL,No,No internet service,Month-to-month,No,Electronic check,57.53,627.44,No
CUST-10368,Female,0,Yes,No,39,Yes,No,Yes,Yes,Month-to-month,Yes,Credit card (automatic),22.96,881.26,No
CUST-10369,Female,0,Yes,Yes,21,No,Fiber optic,No internet service,No,Month-to-month,Yes,Electronic check,85.4,1829.4,No
CUST-10370,Male,0,No,No,18,Yes,DSL,No,Yes,One year,Yes,Mailed check,61.97,1043.34,No
CUST-10371,Male,0,No,No,57,Yes,Fiber optic,No,Yes,Month-to-month,Yes,Mailed check,90.7,4739.46,No
CUST-10372,Female,1,Yes,Yes,29,Yes,DSL,No internet service,No,One year,No,Mailed check,53.06,1559.04,No
CUST-10373,Female,0,No,No,7,Yes,DSL,No,No,Month-to-month,Yes,Electronic check,71.47,515.07,Yes
CUST-10374,Female,0,Yes,Yes,1,Yes,Fiber optic,Yes,No,One year,Yes,Credit card (automatic),77.67,76.65,No
CUST-10375,Female,0,No,No,16,Yes,Fiber optic,No,No,Month-to-month,No,Credit card (automatic),96.92,1541.18,Yes
CUST-10376,Female,1,No,Yes,34,Yes,Fiber optic,No,No,Month-to-month,Yes,Credit card (automatic),64.67,2083.41,No
CUST-10377,Male,0,No,No,9,Yes,DSL,Yes,No internet service,Month-to-month,No,Credit card (automatic),49.45,419.73,No
CUST-10378,Male,0,Yes,No,0,Yes,No,No,No internet service,Two year,No,Electronic check,26.72,,No
CUST-10379,Female,0,Yes,No,72,Yes,No,No,No,One year,No,Electronic check,25.48,1916.47,No
CUST-10380,Male,0,Yes,No,3,Yes,Fiber optic,Yes,No,Two year,Yes,Bank transfer (automatic),70.94,198.06,No
CUST-10381,Male,0,No,No,43,Yes,Fiber optic,No,No,Month-to-month,Yes,Credit card (automatic),75.98,3024.87,No
CUST-10382,Female,0,No,Yes,18,Yes,DSL,No,No,Two year,Yes,Bank transfer (automatic),66.82,1213.96,No
CUST-10383,Female,1,No,No,23,Yes,DSL,No,Yes,Month-to-month,No,Credit card (automatic),55.75,1170.02,No
CUST-10384,Male,0,No,No,19,Yes,Fiber optic,No internet service,No internet service,One year,Yes,Bank transfer (automatic),108.53,2143.14,No
CUST-10385,Male,0,Yes,No,12,Yes,Fiber optic,No,Yes,One year,No,Electronic check,88.27,997.18,Yes
CUST-10386,Female,0,No,Yes,14,Yes,Fiber optic,Yes,No internet service,Month-to-month,Yes,Electronic check,86.54,1254.4,No
CUST-10387,Male,0,Yes,Yes,24,Yes,Fiber optic,No,Yes,Two year,No,Electronic check,79.12,1900.74,No
CUST-10388,Female,1,No,Yes,16,Yes,No,No,No,Month-to-month,Yes,Bank transfer (automatic),27.2,404.23,No
CUST-10389,Female,1,No,No,29,Yes,DSL,Yes,No internet service,Month-to-month,Yes,Bank transfer (automatic),43.93,1164.25,Yes
CUST-10390,Male,1,No,Yes,48,Yes,Fiber optic,No internet service,Yes,Two year,No,Bank transfer (automatic),113.35,5695.98,No
CUST-10391,Male,0,Yes,No,18,Yes,Fiber optic,No,No internet service,Month-to-month,Yes,Bank transfer (automatic),81.94,1343.45,Yes
CUST-10392,Male,0,Yes,Yes,28,Yes,No,No,No,One year,No,Bank transfer (automatic),25.49,724.81,No
CUST-10393,Female,0,No,Yes,0,Yes,Fiber optic,No internet service,No internet service,Month-to-month,No,Mailed check,60.84,,No
CUST-10394,Female,1,No,No,23,Yes,Fiber optic,No internet service,Yes,Month-to-month,Yes,Mailed check,83.59,1946.69,Yes
CUST-10395,Female,0,Yes,No,72,No,Fiber optic,No,No,Month-to-month,No,Electronic check,107.62,7058.82,Yes
CUST-10396,Female,0,No,Yes,1,Yes,DSL,No,No,Month-to-month,Yes,Electronic check,40.7,37.19,No
CUST-10397,Male,0,Yes,No,39,Yes,No,No internet service,Yes,Month-to-month,Yes,Bank transfer (automatic),39.67,1602.65,Yes
CUST-10398,Female,0,Yes,Yes,24,Yes,No,No,No,One year,Yes,Electronic check,26.97,582.72,No
CUST-10399,Female,0,No,No,0,Yes,DSL,Yes,No,Month-to-month,No,Credit card (automatic),39.86,,Yes
CUST-10400,Male,0,No,No,7,Yes,DSL,No,Yes,One year,Yes,Electronic check,48.5,331.47,No
CUST-10401,Male,0,No,No,36,Yes,No,No internet service,No,Two year,Yes,Credit card (automatic),31.59,1180.93,Yes
CUST-10402,Female,0,Yes,Yes,3,Yes,Fiber optic,No internet service,Yes,One year,No,Electronic check,105.14,321.05,No
CUST-10403,Female,0,Yes,No,2,Yes,Fiber optic,No,No internet service,Month-to-month,Yes,Electronic check,85.87,158.97,Yes
CUST-10404,Female,0,No,No,21,Yes,No,No,No,Two year,Yes,Bank transfer (automatic),18.0,381.07,No
CUST-10405,Female,0,Yes,No,10,Yes,Fiber optic,No internet service,No internet service,Two year,No,Credit card (automatic),80.19,738.14,Yes
CUST-10406,Male,0,No,No,39,Yes,Fiber optic,No,No,One year,No,Bank transfer (automatic),80.05,2838.72,No
CUST-10407,Female,0,No,No,1,Yes,DSL,No,Yes,One year,No,Mailed check,47.36,43.63,No
CUST-10408,Male,0,No,No,15,Yes,DSL,Yes,No,Month-to-month,Yes,Electronic check,60.27,885.92,No
CUST-10409,Female,0,Yes,Yes,4,Yes,DSL,No internet service,Yes,Two year,Yes,Credit card (automatic),39.07,140.74,No
CUST-10410,Female,0,Yes,No,16,Yes,No,No internet service,No internet service,Month-to-month,Yes,Bank transfer (automatic),20.29,332.44,No
CUST-10411,Female,0,No,No,9,Yes,DSL,No,No,One year,Yes,Bank transfer (automatic),46.81,434.54,No
CUST-10412,Male,0,Yes,No,42,Yes,Fiber optic,No,Yes,Month-to-month,No,Bank transfer (automatic),99.68,4343.44,Yes
CUST-10413,Female,1,Yes,No,17,Yes,Fiber optic,No,No,Month-to-month,Yes,Credit card (automatic),83.27,1385.19,No
CUST-10414,Male,0,No,No,18,Yes,No,Yes,No,Month-to-month,No,Credit card (automatic),33.09,593.0,No
CUST-10415,Female,0,No,No,72,Yes,DSL,No,No internet service,One year,No,Electronic check,58.73,4131.1,No
CUST-10416,Male,0,Yes,No,12,Yes,DSL,No internet service,Yes,Month-to-month,No,Credit card (automatic),47.62,544.49,No
CUST-10417,Female,0,No,No,26,Yes,DSL,No internet service,Yes,Month-to-month,No,Credit card (automatic),83.02,2121.01,No
CUST-10418,Female,0,No,Yes,11,Yes,Fiber optic,No,No internet service,Month-to-month,Yes,Bank transfer (automatic),79.52,906.3,Yes
CUST-10419,Male,0,Yes,No,72,Yes,Fiber optic,No internet service,No internet service,Month-to-month,Yes,Electronic check,73.97,4932.21,No
CUST-10420,Male,0,Yes,Yes,15,Yes,No,No internet service,No,Month-to-month,No,Mailed check,18.0,257.72,No
CUST-10421,Male,0,No,No,28,Yes,DSL,No,No,Two year,No,Credit card (automatic),62.06,1812.75,No
CUST-10422,Female,0,No,Yes,8,Yes,DSL,No,No internet service,Month-to-month,No,Electronic check,62.9,520.24,Yes
CUST-10423,Female,0,No,No,11,Yes,Fiber optic,Yes,No,Month-to-month,No,Electronic check,77.55,854.94,Yes
CUST-10424,Male,0,No,Yes,72,Yes,DSL,No,No,Month-to-month,Yes,Credit card (automatic),62.44,4695.21,No
CUST-10425,Female,0,No,Yes,1,Yes,DSL,No,No,Month-to-month,Yes,Electronic check,83.46,79.28,No
CUST-10426,Female,0,Yes,No,5,Yes,Fiber optic,Yes,No internet service,Two year,No,Electronic check,70.56,362.16,No
CUST-10427,Female,0,Yes,No,0,Yes,Fiber optic,No,No internet service,Month-to-month,Yes,Credit card (automatic),76.74,,Yes
CUST-10428,Male,1,Yes,Yes,44,No,DSL,Yes,No,Month-to-month,Yes,Bank transfer (automatic),93.86,4152.12,No
CUST-10429,Male,0,Yes,Yes,8,Yes,Fiber optic,No internet service,No,Two year,No,Mailed check,68.46,494.02,No
CUST-10430,Male,0,Yes,No,44,Yes,Fiber optic,Yes,No,Month-to-month,Yes,Bank transfer (automatic),56.1,2556.12,No
CUST-10431,Female,0,Yes,No,3,Yes,No,Yes,Yes,Month-to-month,No,Mailed check,38.49,107.59,No
CUST-10432,Male,0,No,Yes,7,Yes,DSL,No,No internet service,Month-to-month,Yes,Mailed check,54.59,388.47,No
CUST-10433,Female,0,Yes,Yes,22,Yes,DSL,No,Yes,One year,Yes,Electronic check,58.41,1256.22,No
CUST-10434,Male,1,Yes,No,0,Yes,No,No internet service,No,Two year,Yes,Credit card (automatic),41.11,,No
CUST-10435,Female,0,No,No,48,Yes,No,Yes,Yes,Month-to-month,No,Mailed check,31.9,1471.39,No
CUST-10436,Male,0,Yes,Yes,21,Yes,DSL,Yes,Yes,Month-to-month,Yes,Electronic check,61.14,1344.67,No
CUST-10437,Male,0,Yes,No,3,Yes,DSL,No,Yes,Month-to-month,Yes,Electronic check,47.46,129.18,No
CUST-10438,Male,0,Yes,No,65,Yes,Fiber optic,No internet service,No,Two year,Yes,Credit card (automatic),96.29,5958.6,No
CUST-10439,Female,0,No,Yes,42,Yes,No,No,No,Two year,Yes,Electronic check,18.0,703.98,No
CUST-10440,Female,0,No,No,2,No,No,Yes,No,Two year,No,Electronic check,18.56,34.95,No
CUST-10441,Female,0,No,No,16,Yes,DSL,Yes,Yes,Month-to-month,Yes,Electronic check,55.02,856.45,Yes
CUST-10442,Male,0,Yes,Yes,2,Yes,Fiber optic,No,No,Two year,Yes,Mailed check,69.03,134.92,No
CUST-10443,Female,0,No,No,35,Yes,Fiber optic,No internet service,No,Month-to-month,No,Bank transfer (automatic),80.75,2573.58,No
CUST-10444,Female,0,No,Yes,1,Yes,DSL,No internet service,No,Month-to-month,Yes,Mailed check,48.49,44.05,No
CUST-10445,Male,1,No,No,7,Yes,DSL,Yes,Yes,One year,Yes,Bank transfer (automatic),49.29,345.03,Yes
CUST-10446,Male,1,No,No,61,Yes,Fiber optic,No,No internet service,Month-to-month,Yes,Electronic check,86.57,5207.17,Yes
CUST-10447,Male,0,Yes,Yes,6,Yes,No,No internet service,No,Two year,Yes,Credit card (automatic),21.1,125.42,No
CUST-10448,Female,0,No,No,16,Yes,DSL,No,No internet service,One year,Yes,Electronic check,55.48,855.13,No
CUST-10449,Male,1,No,No,19,Yes,No,No,No internet service,Month-to-month,No,Electronic check,27.05,475.23,No
CUST-10450,Female,0,No,No,11,Yes,DSL,No,Yes,Month-to-month,Yes,Electronic check,52.75,561.49,No
CUST-10451,Female,0,Yes,No,10,Yes,DSL,No,No internet service,Month-to-month,Yes,Electronic check,67.76,691.63,No
CUST-10452,Male,0,Yes,Yes,4,Yes,DSL,No,Yes,Month-to-month,No,Mailed check,29.24,117.28,No
CUST-10453,Male,0,Yes,No,29,Yes,DSL,No internet service,No,One year,Yes,Credit card (automatic),68.25,1903.93,Yes
CUST-10454,Male,0,No,No,4,Yes,DSL,No internet service,Yes,Month-to-month,No,Mailed check,56.48,226.35,No
CUST-10455,Female,0,No,No,42,Yes,No,Yes,No,One year,Yes,Electronic check,32.75,1376.61,No
CUST-10456,Female,0,Yes,No,1,Yes,Fiber optic,No internet service,No,One year,Yes,Electronic check,103.31,96.01,Yes
CUST-10457,Male,0,No,Yes,10,Yes,Fiber optic,No,No,Two year,Yes,Mailed check,85.85,816.45,No
CUST-10458,Female,0,Yes,Yes,10,No,No,No,No internet service,Month-to-month,Yes,Bank transfer (automatic),22.19,231.77,Yes
CUST-10459,Male,0,No,Yes,65,Yes,Fiber optic,Yes,No internet service,Month-to-month,Yes,Credit card (automatic),76.07,5166.08,No
CUST-10460,Female,0,No,Yes,0,Yes,Fiber optic,No internet service,Yes,Month-to-month,Yes,Bank transfer (automatic),87.68,,No
CUST-10461,Male,0,No,No,18,Yes,Fiber optic,Yes,No internet service,Two year,No,Electronic check,95.14,1725.73,No
CUST-10462,Male,0,Yes,No,48,Yes,Fiber optic,No,Yes,Month-to-month,Yes,Mailed check,72.32,3154.12,No
CUST-10463,Female,1,No,Yes,46,Yes,Fiber optic,No,No,Month-to-month,No,Credit card (automatic),91.6,3910.45,Yes
CUST-10464,Male,0,Yes,Yes,14,Yes,No,No,No,Month-to-month,Yes,Bank transfer (automatic),42.78,555.75,No
CUST-10465,Female,0,Yes,No,18,Yes,No,Yes,No internet service,One year,No,Bank transfer (automatic),32.51,574.64,No
CUST-10466,Male,1,No,No,72,Yes,Fiber optic,Yes,Yes,Month-to-month,No,Credit card (automatic),96.75,7208.32,Yes
CUST-10467,Female,1,Yes,No,9,Yes,DSL,Yes,No,Month-to-month,No,Mailed check,83.64,728.97,No
CUST-10468,Male,1,No,No,17,Yes,No,Yes,No,Two year,Yes,Mailed check,47.09,809.17,No
CUST-10469,Male,1,No,Yes,35,Yes,Fiber optic,No internet service,Yes,Month-to-month,Yes,Bank transfer (automatic),73.97,2633.73,Yes
CUST-10470,Female,0,Yes,Yes,21,Yes,Fiber optic,No,No,Month-to-month,No,Mailed check,87.75,1807.25,No
CUST-10471,Female,1,No,No,7,Yes,Fiber optic,No,No,One year,Yes,Electronic check,103.91,679.24,No
CUST-10472,Male,0,Yes,Yes,6,Yes,Fiber optic,No,No,Two year,No,Bank transfer (automatic),78.29,480.39,No
CUST-10473,Female,0,No,No,23,Yes,No,Yes,Yes,One year,No,Electronic check,18.69,433.84,No
CUST-10474,Male,0,Yes,Yes,12,Yes,No,No,Yes,Month-to-month,Yes,Electronic check,26.55,295.9,No
CUST-10475,Male,0,No,No,10,Yes,DSL,No,No,Two year,Yes,Bank transfer (automatic),57.03,545.65,No
CUST-10476,Male,0,No,Yes,15,Yes,DSL,No,No,Month-to-month,Yes,Electronic check,59.72,882.69,Yes
CUST-10477,Male,1,Yes,No,20,Yes,DSL,No internet service,Yes,Month-to-month,Yes,Bank transfer (automatic),65.33,1248.02,No
CUST-10478,Female,0,No,No,12,Yes,DSL,No,No,Month-to-month,Yes,Credit card (automatic),69.04,837.36,No
CUST-10479,Female,0,No,Yes,18,Yes,No,Yes,No internet service,Month-to-month,No,Bank transfer (automatic),18.0,324.09,No
CUST-10480,Male,1,Yes,No,3,Yes,No,No,No internet service,Month-to-month,Yes,Bank transfer (automatic),23.4,63.24,No
CUST-10481,Female,0,Yes,No,12,Yes,DSL,No,No internet service,Month-to-month,No,Electronic check,48.25,581.2,No
CUST-10482,Female,0,No,No,4,Yes,Fiber optic,No internet service,No,Two year,No,Electronic check,75.54,289.6,Yes
CUST-10483,Female,0,No,No,0,Yes,Fiber optic,No,No internet service,Month-to-month,Yes,Bank transfer (automatic),99.68,,No
CUST-10484,Male,0,Yes,Yes,23,Yes,Fiber optic,No,No internet service,One year,Yes,Electronic check,80.34,1734.31,No
CUST-10485,Female,0,No,Yes,0,Yes,No,Yes,Yes,Month-to-month,Yes,Bank transfer (automatic),32.09,,Yes
CUST-10486,Female,0,No,Yes,3,Yes,No,No,Yes,Month-to-month,No,Electronic check,21.64,63.59,No
CUST-10487,Female,0,No,Yes,9,Yes,DSL,Yes,No internet service,Month-to-month,No,Electronic check,42.71,365.45,No
CUST-10488,Male,0,Yes,No,62,Yes,Fiber optic,No internet service,No,Two year,Yes,Mailed check,78.19,4364.05,No
CUST-10489,Female,0,No,No,10,Yes,Fiber optic,No,No,Two year,No,Credit card (automatic),84.45,870.33,No
CUST-10490,Male,0,No,Yes,25,Yes,DSL,No,Yes,Two year,Yes,Electronic check,73.05,1805.19,No
CUST-10491,Female,0,No,Yes,47,Yes,DSL,Yes,No internet service,Month-to-month,Yes,Mailed check,60.69,2594.64,No
CUST-10492,Female,0,Yes,No,16,Yes,Fiber optic,No,No,Month-to-month,No,Mailed check,72.49,1148.21,Yes
CUST-10493,Male,0,Yes,No,32,Yes,Fiber optic,No,No internet service,One year,No,Credit card (automatic),83.7,2572.33,No
CUST-10494,Male,1,No,No,2,Yes,DSL,No,Yes,Two year,Yes,Electronic check,63.16,129.1,No
CUST-10495,Female,0,No,No,72,Yes,Fiber optic,No,No,Month-to-month,No,Mailed check,76.25,5168.07,Yes
CUST-10496,Male,0,No,Yes,17,Yes,Fiber optic,No internet service,No,Month-to-month,Yes,Electronic check,110.29,1968.3,Yes
CUST-10497,Male,0,No,Yes,20,Yes,Fiber optic,No,Yes,Month-to-month,Yes,Bank transfer (automatic),89.36,1650.41,No
CUST-10498,Male,0,No,No,21,Yes,Fiber optic,No,No,Month-to-month,Yes,Credit card (automatic),90.46,1797.62,Yes
CUST-10499,Female,0,Yes,No,7,Yes,Fiber optic,No,Yes,Month-to-month,No,Electronic check,94.63,621.01,No
CUST-10500,Female,0,Yes,No,72,Yes,Fiber optic,No,No internet service,One year,No,Mailed check,64.34,4416.2,No
CUST-10501,Male,0,No,No,38,No,No,Yes,No internet service,Month-to-month,No,Electronic check,25.9,886.11,Yes
CUST-10502,Female,0,Yes,No,40,Yes,DSL,No,No,One year,Yes,Electronic check,57.72,2176.35,No
CUST-10503,Male,0,No,No,5,Yes,Fiber optic,No,No,Month-to-month,No,Bank transfer (automatic),88.75,399.57,No
CUST-10504,Male,0,No,No,6,Yes,DSL,No,Yes,One year,Yes,Electronic check,43.57,253.12,Yes
CUST-10505,Male,0,Yes,No,5,Yes,Fiber optic,No,No,One year,Yes,Credit card (automatic),95.69,494.83,Yes
CUST-10506,Male,0,No,No,13,Yes,Fiber optic,No,No internet service,Month-to-month,Yes,Electronic check,71.8,936.14,Yes
CUST-10507,Male,0,No,No,32,Yes,DSL,Yes,No,Month-to-month,No,Bank transfer (automatic),39.28,1305.13,Yes
CUST-10508,Male,0,No,No,4,Yes,Fiber optic,No internet service,No,Month-to-month,No,Electronic check,105.72,407.34,Yes
CUST-10509,Female,0,No,No,12,Yes,Fiber optic,No internet service,Yes,Month-to-month,Yes,Bank transfer (automatic),100.09,1215.41,Yes
CUST-10510,Female,0,No,Yes,2,Yes,DSL,No internet service,No internet service,Month-to-month,No,Mailed check,49.06,92.05,No
CUST-10511,Female,1,Yes,Yes,45,Yes,No,No,No internet service,Month-to-month,Yes,Electronic check,39.57,1747.58,No
CUST-10512,Male,0,Yes,No,22,Yes,Fiber optic,Yes,No internet service,Month-to-month,Yes,Electronic check,85.52,1896.89,No
CUST-10513,Female,0,No,Yes,11,Yes,DSL,Yes,No,Month-to-month,Yes,Mailed check,64.11,706.55,No
CUST-10514,Male,0,Yes,No,16,Yes,Fiber optic,No,No,One year,Yes,Electronic check,67.39,1086.46,Yes
CUST-10515,Male,0,No,No,72,Yes,Fiber optic,No,No,Month-to-month,Yes,Bank transfer (automatic),80.86,5545.84,No
CUST-10516,Female,0,Yes,Yes,31,Yes,DSL,No,No internet service,One year,Yes,Electronic check,63.55,1877.05,No
CUST-10517,Female,0,No,Yes,17,Yes,No,No,No,Month-to-month,No,Mailed check,32.02,540.97,Yes
CUST-10518,Female,0,No,No,16,Yes,Fiber optic,No,No internet service,Two year,Yes,Mailed check,57.03,923.22,No
CUST-10519,Female,1,Yes,No,64,Yes,DSL,No,No,One year,Yes,Bank transfer (automatic),43.72,2824.3,No
CUST-10520,Male,0,Yes,No,29,Yes,DSL,Yes,Yes,One year,No,Electronic check,63.26,1876.24,Yes
CUST-10521,Female,0,No,Yes,3,Yes,DSL,No,Yes,Month-to-month,No,Mailed check,46.86,136.37,Yes
CUST-10522,Female,0,No,No,36,Yes,DSL,No internet service,Yes,Month-to-month,Yes,Bank transfer (automatic),60.28,2277.83,No
CUST-10523,Female,0,Yes,No,29,Yes,No,No internet service,No,One year,Yes,Electronic check,29.4,772.74,No
CUST-10524,Male,0,No,No,26,Yes,Fiber optic,Yes,Yes,Month-to-month,No,Electronic check,84.79,2203.64,No
CUST-10525,Female,0,Yes,Yes,38,Yes,DSL,No,Yes,Month-to-month,Yes,Electronic check,66.71,2444.87,Yes
CUST-10526,Female,0,Yes,Yes,5,Yes,DSL,No,No internet service,Two year,Yes,Credit card (automatic),68.42,358.29,No
CUST-10527,Female,0,Yes,Yes,10,Yes,Fiber optic,Yes,Yes,One year,No,Bank transfer (automatic),97.93,884.45,No
CUST-10528,Male,1,Yes,No,38,Yes,DSL,No internet service,No internet service,One year,Yes,Mailed check,56.82,2233.81,No
CUST-10529,Female,0,Yes,No,9,Yes,Fiber optic,No,Yes,One year,Yes,Bank transfer (automatic),67.73,583.1,No
CUST-10530,Female,1,No,No,4,Yes,DSL,No,No,Two year,No,Electronic check,54.67,208.61,Yes
CUST-10531,Male,0,Yes,No,5,Yes,No,No,No,Month-to-month,No,Bank transfer (automatic),20.34,101.99,No
CUST-10532,Male,0,Yes,No,23,Yes,No,No internet service,No internet service,One year,Yes,Mailed check,35.91,785.71,No
CUST-10533,Male,0,No,No,8,Yes,Fiber optic,No,Yes,Month-to-month,Yes,Electronic check,79.74,602.9,Yes
CUST-10534,Female,0,No,Yes,9,Yes,No,No internet service,No,One year,Yes,Electronic check,31.4,263.88,Yes
CUST-10535,Male,0,No,No,19,Yes,DSL,Yes,No internet service,Two year,Yes,Bank transfer (automatic),73.47,1307.32,No
CUST-10536,Female,0,No,No,1,Yes,Fiber optic,No,Yes,Month-to-month,No,Electronic check,76.36,77.07,No
CUST-10537,Female,0,Yes,No,40,Yes,Fiber optic,No internet service,Yes,Month-to-month,No,Electronic check,60.84,2439.35,Yes
CUST-10538,Male,0,Yes,No,21,Yes,DSL,No internet service,Yes,Month-to-month,Yes,Mailed check,78.14,1567.46,No
CUST-10539,Male,0,Yes,Yes,56,Yes,DSL,No,No internet service,Month-to-month,No,Mailed check,66.21,3843.55,No
CUST-10540,Male,0,No,No,7,Yes,No,No,Yes,Month-to-month,Yes,Credit card (automatic),27.82,193.72,No
CUST-10541,Female,0,Yes,Yes,19,Yes,DSL,Yes,Yes,Month-to-month,Yes,Electronic check,46.5,902.33,No
CUST-10542,Male,0,No,No,21,Yes,DSL,No internet service,No,One year,No,Bank transfer (automatic),57.94,1137.35,No
CUST-10543,Female,0,No,No,19,Yes,No,No,Yes,Month-to-month,No,Credit card (automatic),31.35,550.91,No
CUST-10544,Female,0,No,No,1,No,DSL,No,No,Two year,Yes,Electronic check,42.73,42.33,No
CUST-10545,Female,0,Yes,No,43,Yes,DSL,No,Yes,Month-to-month,Yes,Electronic check,59.82,2595.27,No
CUST-10546,Female,0,Yes,Yes,37,Yes,DSL,No,Yes,Month-to-month,Yes,Mailed check,77.87,2626.2,Yes
CUST-10547,Male,0,Yes,No,18,Yes,Fiber optic,Yes,Yes,Two year,Yes,Electronic check,88.73,1603.84,No
CUST-10548,Male,1,No,No,53,No,Fiber optic,Yes,No,Month-to-month,No,Mailed check,79.68,3912.46,Yes
CUST-10549,Male,0,Yes,Yes,16,Yes,DSL,Yes,No,Month-to-month,No,Bank transfer (automatic),64.72,966.03,No
CUST-10550,Male,0,No,No,3,Yes,Fiber optic,Yes,No,Month-to-month,Yes,Mailed check,81.25,251.14,Yes
CUST-10551,Male,0,No,Yes,48,No,Fiber optic,No internet service,No,Month-to-month,Yes,Electronic check,89.86,3887.89,No
CUST-10552,Male,1,Yes,No,19,No,Fiber optic,No,No internet service,Month-to-month,Yes,Bank transfer (automatic),88.16,1645.04,No
CUST-10553,Male,0,Yes,Yes,16,Yes,DSL,No,No,Month-to-month,No,Electronic check,45.39,729.55,No
CUST-10554,Female,0,No,No,26,Yes,Fiber optic,Yes,No internet service,Month-to-month,Yes,Credit card (automatic),68.28,1829.1,No
CUST-10555,Male,0,No,Yes,34,Yes,No,Yes,No internet service,Month-to-month,Yes,Mailed check,24.11,857.75,Yes
CUST-10556,Female,0,No,No,72,Yes,Fiber optic,No,No internet service,One year,Yes,Electronic check,82.38,5762.04,No
CUST-10557,Male,1,No,No,35,Yes,Fiber optic,Yes,No internet service,One year,Yes,Electronic check,100.8,3270.03,Yes
CUST-10558,Male,0,No,No,44,Yes,Fiber optic,No internet service,No,Month-to-month,No,Electronic check,76.92,3522.57,Yes
CUST-10559,Female,1,Yes,No,46,Yes,No,No internet service,No,One year,No,Credit card (automatic),18.0,806.59,No
CUST-10560,Male,0,No,No,37,Yes,No,No,No internet service,Month-to-month,Yes,Bank transfer (automatic),20.23,733.95,Yes
CUST-10561,Male,1,Yes,No,20,Yes,DSL,No,No,Month-to-month,No,Credit card (automatic),69.25,1307.28,Yes
CUST-10562,Female,0,Yes,No,72,Yes,DSL,Yes,Yes,Month-to-month,No,Electronic check,45.57,2993.18,No
CUST-10563,Female,0,Yes,Yes,1,Yes,Fiber optic,No,No internet service,Month-to-month,No,Electronic check,80.87,77.96,No
CUST-10564,Female,0,Yes,No,3,Yes,DSL,No,No internet service,One year,No,Electronic check,28.67,83.82,Yes
CUST-10565,Male,0,Yes,Yes,6,Yes,No,Yes,No internet service,Two year,Yes,Credit card (automatic),18.0,98.22,No
CUST-10566,Female,0,Yes,No,13,Yes,No,No,Yes,Month-to-month,Yes,Bank transfer (automatic),20.48,276.93,No
CUST-10567,Female,0,Yes,Yes,30,Yes,Fiber optic,No,No internet service,Month-to-month,No,Mailed check,80.55,2329.91,No
CUST-10568,Male,0,No,No,8,Yes,Fiber optic,Yes,No,Two year,Yes,Electronic check,59.71,452.19,No
CUST-10569,Male,0,Yes,Yes,52,Yes,No,No,No,Month-to-month,Yes,Bank transfer (automatic),19.66,1032.98,No
CUST-10570,Female,0,Yes,No,5,Yes,Fiber optic,No,No internet service,Month-to-month,No,Electronic check,97.52,494.93,No
CUST-10571,Male,0,No,No,30,Yes,DSL,No,No,Two year,Yes,Electronic check,63.51,1925.25,No
CUST-10572,Male,0,No,Yes,72,Yes,No,No internet service,No internet service,Two year,No,Credit card (automatic),25.9,1821.73,No
CUST-10573,Male,0,Yes,No,34,Yes,Fiber optic,No internet service,Yes,Two year,Yes,Electronic check,58.68,2022.09,No
CUST-10574,Female,0,No,Yes,22,Yes,Fiber optic,No,No,One year,Yes,Credit card (automatic),81.95,1648.85,No
CUST-10575,Female,1,No,No,29,Yes,DSL,No,No internet service,One year,Yes,Electronic check,68.6,1898.79,No
CUST-10576,Male,0,No,No,26,Yes,Fiber optic,No internet service,No,Month-to-month,No,Electronic check,74.84,1777.9,No
CUST-10577,Female,0,No,No,7,Yes,No,Yes,No,Month-to-month,No,Bank transfer (automatic),21.95,149.78,No
CUST-10578,Female,0,Yes,No,3,Yes,DSL,No internet service,No internet service,Month-to-month,No,Electronic check,51.78,150.06,Yes
CUST-10579,Female,0,Yes,No,19,Yes,No,No internet service,No,Month-to-month,Yes,Bank transfer (automatic),38.46,659.55,No
CUST-10580,Male,0,No,No,12,Yes,Fiber optic,No internet service,No internet service,One year,No,Credit card (automatic),80.09,944.73,No
CUST-10581,Male,0,Yes,Yes,28,No,Fiber optic,No,Yes,One year,Yes,Electronic check,83.53,2129.09,No
CUST-10582,Female,0,No,Yes,7,Yes,Fiber optic,Yes,No internet service,Two year,No,Credit card (automatic),91.86,601.6,No
CUST-10583,Male,0,Yes,No,9,Yes,Fiber optic,No internet service,No,One year,No,Bank transfer (automatic),77.6,714.98,Yes
CUST-10584,Female,0,Yes,No,16,Yes,Fiber optic,Yes,No,One year,Yes,Mailed check,61.46,914.79,No
CUST-10585,Male,0,Yes,No,7,Yes,DSL,No internet service,No,Two year,Yes,Electronic check,78.2,504.41,No
CUST-10586,Male,0,No,Yes,13,Yes,Fiber optic,No,No,Month-to-month,Yes,Bank transfer (automatic),76.47,917.82,Yes
CUST-10587,Female,0,No,Yes,28,Yes,No,No internet service,No internet service,Month-to-month,Yes,Electronic check,27.41,729.92,No
CUST-10588,Male,0,Yes,No,5,No,Fiber optic,Yes,Yes,Month-to-month,No,Mailed check,71.0,343.34,Yes
CUST-10589,Female,0,No,Yes,10,Yes,Fiber optic,Yes,No internet service,Two year,Yes,Credit card (automatic),115.48,1158.65,No
CUST-10590,Male,0,No,No,21,Yes,No,No,No internet service,One year,No,Mailed check,28.31,596.99,No
CUST-10591,Female,0,No,Yes,3,Yes,Fiber optic,Yes,No internet service,One year,No,Mailed check,114.96,315.15,Yes
CUST-10592,Male,1,Yes,Yes,54,Yes,Fiber optic,Yes,Yes,Month-to-month,Yes,Bank transfer (automatic),83.33,4395.75,Yes
CUST-10593,Female,0,Yes,Yes,53,Yes,No,No,No,Two year,Yes,Bank transfer (automatic),26.2,1449.67,No
CUST-10594,Female,0,Yes,No,37,Yes,Fiber optic,No,No,One year,Yes,Credit card (automatic),118.79,4469.44,Yes
CUST-10595,Female,0,Yes,No,20,Yes,No,No,No internet service,Month-to-month,Yes,Mailed check,18.0,363.08,No
CUST-10596,Female,0,No,Yes,7,Yes,Fiber optic,No,No internet service,Month-to-month,No,Credit card (automatic),120.0,796.75,Yes
CUST-10597,Female,0,Yes,No,2,Yes,Fiber optic,Yes,No,Two year,No,Bank transfer (automatic),120.0,226.85,No
CUST-10598,Female,1,No,No,17,Yes,Fiber optic,No,No internet service,Two year,No,Electronic check,90.92,1471.11,No
CUST-10599,Female,0,Yes,No,23,Yes,No,Yes,No,Month-to-month,No,Electronic check,31.32,684.09,Yes
CUST-10600,Female,1,Yes,No,6,Yes,Fiber optic,No internet service,No,Month-to-month,No,Mailed check,85.68,526.59,Yes
CUST-10601,Male,0,Yes,No,19,Yes,No,Yes,No,One year,Yes,Credit card (automatic),22.94,442.68,No
CUST-10602,Female,0,Yes,No,5,Yes,Fiber optic,Yes,No,One year,Yes,Electronic check,107.74,552.41,Yes
CUST-10603,Female,0,No,No,42,Yes,Fiber optic,No internet service,Yes,Month-to-month,Yes,Bank transfer (automatic),90.67,3770.26,No
CUST-10604,Female,0,No,No,11,Yes,DSL,No internet service,No internet service,Two year,Yes,Electronic check,78.84,859.64,No
CUST-10605,Male,0,No,Yes,15,Yes,DSL,No,Yes,Two year,Yes,Credit card (automatic),65.74,903.28,No
CUST-10606,Male,0,No,No,61,No,Fiber optic,Yes,No internet service,Month-to-month,No,Bank transfer (automatic),104.91,6628.02,Yes
CUST-10607,Female,0,Yes,No,15,No,DSL,No,No,Two year,Yes,Mailed check,62.78,980.53,No
CUST-10608,Male,0,Yes,Yes,19,Yes,No,No,No,Month-to-month,No,Bank transfer (automatic),20.39,400.71,No
CUST-10609,Female,0,Yes,No,23,Yes,Fiber optic,Yes,No,Two year,Yes,Electronic check,59.88,1248.12,No
CUST-10610,Female,0,No,No,16,Yes,No,No,No,Month-to-month,Yes,Electronic check,23.07,354.66,No
CUST-10611,Male,0,No,No,49,No,Fiber optic,No,Yes,Two year,Yes,Electronic check,85.84,3883.02,No
CUST-10612,Female,0,No,No,12,Yes,Fiber optic,No,No,Month-to-month,No,Credit card (automatic),55.91,605.46,Yes
CUST-10613,Male,0,No,No,12,No,No,Yes,No,Month-to-month,Yes,Electronic check,20.28,252.14,No
CUST-10614,Female,0,No,No,40,Yes,No,No,No,Month-to-month,No,Electronic check,31.47,1240.52,Yes
CUST-10615,Male,0,Yes,Yes,34,Yes,No,No,No,Month-to-month,Yes,Electronic check,26.19,908.23,Yes
CUST-10616,Female,0,No,No,4,Yes,DSL,No internet service,No internet service,Month-to-month,Yes,Mailed check,71.88,267.37,No
CUST-10617,Female,0,Yes,No,19,Yes,Fiber optic,No,No internet service,Two year,No,Electronic check,76.12,1395.96,No
CUST-10618,Male,0,No,No,17,Yes,Fiber optic,No internet service,No,One year,Yes,Electronic check,109.66,1733.1,No
CUST-10619,Male,1,Yes,No,2,Yes,DSL,Yes,Yes,Two year,Yes,Electronic check,71.88,133.42,No
CUST-10620,Male,0,No,Yes,47,Yes,DSL,No internet service,Yes,Month-to-month,No,Credit card (automatic),68.92,3136.64,No
CUST-10621,Female,0,Yes,No,21,No,No,No internet service,No,One year,Yes,Credit card (automatic),36.59,779.95,No
CUST-10622,Female,0,Yes,No,12,Yes,DSL,Yes,Yes,One year,No,Electronic check,58.94,693.02,Yes
CUST-10623,Male,0,Yes,Yes,15,No,DSL,Yes,No internet service,One year,No,Credit card (automatic),55.36,843.14,No
CUST-10624,Female,0,Yes,No,64,Yes,DSL,No,No,One year,Yes,Bank transfer (automatic),26.49,1604.05,No
CUST-10625,Male,0,No,No,55,Yes,Fiber optic,Yes,No,Month-to-month,No,Credit card (automatic),76.03,4045.73,No
CUST-10626,Female,0,No,No,23,Yes,Fiber optic,No,Yes,One year,No,Credit card (automatic),91.73,2166.73,Yes
CUST-10627,Female,0,No,No,52,Yes,No,No,Yes,One year,No,Bank transfer (automatic),18.73,890.13,No
CUST-10628,Male,0,No,No,72,Yes,Fiber optic,No,No,Month-to-month,No,Credit card (automatic),94.11,7048.71,Yes
CUST-10629,Male,1,No,No,20,Yes,Fiber optic,No,No,Month-to-month,Yes,Credit card (automatic),52.93,1052.06,Yes
CUST-10630,Male,0,No,No,1,Yes,No,No,No,Two year,No,Credit card (automatic),24.21,23.34,No
CUST-10631,Male,0,Yes,No,25,Yes,DSL,No internet service,No,Month-to-month,No,Credit card (automatic),61.23,1528.17,Yes
CUST-10632,Male,0,Yes,Yes,36,Yes,Fiber optic,No,No,Month-to-month,Yes,Bank transfer (automatic),105.36,3702.91,No
CUST-10633,Female,1,No,No,48,Yes,Fiber optic,No internet service,Yes,Month-to-month,Yes,Bank transfer (automatic),71.85,3209.55,No
CUST-10634,Male,0,No,No,39,Yes,DSL,No internet service,No internet service,Month-to-month,Yes,Credit card (automatic),59.06,2399.46,No
CUST-10635,Male,0,No,Yes,2,Yes,DSL,No,Yes,Month-to-month,No,Mailed check,59.25,111.83,No
CUST-10636,Female,0,No,No,2,Yes,Fiber optic,No,Yes,Month-to-month,Yes,Credit card (automatic),86.96,178.51,No
CUST-10637,Female,0,Yes,No,14,Yes,No,No,No,Month-to-month,Yes,Bank transfer (automatic),18.0,240.94,Yes
CUST-10638,Female,0,No,No,69,Yes,DSL,No,No,One year,No,Electronic check,44.12,2747.47,No
CUST-10639,Female,1,Yes,Yes,10,Yes,No,No internet service,No internet service,Two year,No,Credit card (automatic),18.0,173.22,No
CUST-10640,Male,0,Yes,Yes,48,No,Fiber optic,No internet service,No internet service,One year,Yes,Credit card (automatic),92.29,3993.86,No
CUST-10641,Male,0,No,No,25,Yes,Fiber optic,No internet service,No,One year,Yes,Bank transfer (automatic),69.27,1559.59,Yes
CUST-10642,Female,0,Yes,No,25,Yes,DSL,No,Yes,One year,Yes,Bank transfer (automatic),58.29,1355.91,No
CUST-10643,Male,0,Yes,Yes,23,Yes,No,Yes,Yes,Month-to-month,Yes,Bank transfer (automatic),23.7,499.39,No
CUST-10644,Female,0,No,No,60,Yes,Fiber optic,No,No internet service,Two year,No,Electronic check,76.09,4676.26,No
CUST-10645,Female,0,Yes,No,43,Yes,Fiber optic,Yes,No,Two year,Yes,Mailed check,92.79,3674.98,Yes
CUST-10646,Female,0,Yes,No,11,No,DSL,Yes,Yes,One year,No,Electronic check,75.94,757.01,No
CUST-10647,Female,0,Yes,No,72,Yes,No,No,No internet service,Month-to-month,Yes,Mailed check,30.92,2309.92,No
CUST-10648,Male,0,Yes,No,43,Yes,No,Yes,No internet service,Month-to-month,No,Credit card (automatic),38.73,1535.34,No
CUST-10649,Male,0,Yes,No,14,Yes,No,No,No internet service,One year,Yes,Mailed check,22.26,310.38,No
CUST-10650,Male,1,No,No,26,Yes,Fiber optic,No,Yes,Two year,No,Bank transfer (automatic),111.43,2886.57,No
CUST-10651,Female,1,No,No,51,Yes,No,No,No,Month-to-month,No,Bank transfer (automatic),27.97,1406.27,No
CUST-10652,Female,0,No,No,34,Yes,Fiber optic,No internet service,No,Two year,Yes,Credit card (automatic),97.29,3068.44,No
CUST-10653,Female,0,Yes,No,11,Yes,Fiber optic,Yes,No internet service,Month-to-month,No,Mailed check,91.46,907.39,Yes
CUST-10654,Female,0,No,Yes,72,Yes,Fiber optic,No,No,One year,Yes,Electronic check,103.75,6980.16,No
CUST-10655,Male,0,Yes,Yes,34,Yes,DSL,Yes,No,One year,No,Credit card (automatic),40.62,1396.64,No
CUST-10656,Male,1,Yes,No,17,Yes,DSL,No internet service,No,Month-to-month,Yes,Electronic check,54.74,896.76,No
CUST-10657,Female,0,No,No,0,Yes,Fiber optic,No internet service,No,Month-to-month,Yes,Mailed check,112.57,,Yes
CUST-10658,Male,0,No,No,0,Yes,No,No,Yes,One year,Yes,Bank transfer (automatic),23.62,,No
CUST-10659,Female,1,Yes,No,36,Yes,DSL,No internet service,No internet service,Month-to-month,Yes,Electronic check,85.24,3201.08,Yes
CUST-10660,Male,0,Yes,Yes,72,Yes,DSL,No internet service,No,One year,Yes,Mailed check,62.99,4196.38,No
CUST-10661,Male,0,No,No,8,Yes,Fiber optic,No,No,Month-to-month,Yes,Mailed check,99.65,811.3,No
CUST-10662,Female,0,No,Yes,12,Yes,DSL,No internet service,Yes,Month-to-month,Yes,Mailed check,33.18,401.27,No
CUST-10663,Female,0,Yes,No,1,Yes,DSL,No,Yes,One year,Yes,Credit card (automatic),70.28,64.52,Yes
CUST-10664,Female,1,No,No,20,Yes,Fiber optic,No internet service,Yes,Two year,No,Mailed check,74.15,1490.22,No
CUST-10665,Female,0,No,Yes,21,Yes,No,No internet service,Yes,Two year,Yes,Bank transfer (automatic),29.36,578.62,No
CUST-10666,Male,0,No,No,11,Yes,Fiber optic,Yes,No internet service,Month-to-month,No,Mailed check,100.87,1010.05,No
CUST-10667,Female,0,No,No,72,Yes,Fiber optic,No internet service,No,One year,Yes,Credit card (automatic),72.88,5222.05,No
CUST-10668,Female,0,Yes,No,12,Yes,No,Yes,No,One year,No,Credit card (automatic),25.74,311.84,No
CUST-10669,Female,0,Yes,No,9,Yes,Fiber optic,No internet service,No internet service,Two year,No,Electronic check,96.94,909.58,No
CUST-10670,Male,0,Yes,No,45,Yes,Fiber optic,No,Yes,Month-to-month,Yes,Bank transfer (automatic),115.74,5029.63,No
CUST-10671,Female,0,Yes,No,11,Yes,Fiber optic,No,No,Two year,No,Bank transfer (automatic),79.21,804.8,No
CUST-10672,Male,0,No,No,34,Yes,DSL,No,No internet service,Two year,No,Electronic check,74.97,2658.31,No
CUST-10673,Male,0,Yes,Yes,16,Yes,DSL,No,No,One year,No,Electronic check,66.2,1091.74,Yes
CUST-10674,Male,0,Yes,No,2,Yes,Fiber optic,No,No,Month-to-month,Yes,Mailed check,83.62,151.26,Yes
CUST-10675,Male,0,No,Yes,59,Yes,DSL,No,Yes,Month-to-month,Yes,Credit card (automatic),75.7,4208.11,Yes
CUST-10676,Female,0,No,No,61,Yes,DSL,No,No,One year,No,Mailed check,94.33,5553.78,No
CUST-10677,Female,1,No,No,6,Yes,DSL,No internet service,No,Month-to-month,Yes,Credit card (automatic),60.44,339.92,No
CUST-10678,Male,0,Yes,No,0,Yes,No,No,No,One year,No,Electronic check,24.85,,No
CUST-10679,Male,1,Yes,Yes,17,Yes,Fiber optic,Yes,Yes,Month-to-month,No,Mailed check,55.19,965.61,No
CUST-10680,Female,1,No,No,14,Yes,Fiber optic,No,No internet service,Month-to-month,Yes,Credit card (automatic),84.93,1079.5,Yes
CUST-10681,Female,0,No,Yes,27,Yes,No,Yes,Yes,Month-to-month,Yes,Electronic check,18.0,457.56,No
CUST-10682,Female,0,No,No,57,Yes,Fiber optic,No,No,Month-to-month,Yes,Bank transfer (automatic),112.59,6324.52,Yes
CUST-10683,Female,0,Yes,Yes,12,Yes,Fiber optic,No internet service,Yes,Two year,Yes,Bank transfer (automatic),105.29,1261.3,No
CUST-10684,Female,0,Yes,No,8,Yes,Fiber optic,No,No,Two year,Yes,Mailed check,87.74,711.78,No
CUST-10685,Female,0,No,No,25,Yes,No,No,No,Two year,Yes,Mailed check,18.0,459.99,No
CUST-10686,Male,0,Yes,No,9,Yes,DSL,Yes,No,Month-to-month,Yes,Electronic check,51.96,462.14,No
CUST-10687,Male,1,No,No,48,No,DSL,Yes,No,Two year,No,Credit card (automatic),48.05,2340.81,No
CUST-10688,Female,0,No,No,16,Yes,DSL,Yes,Yes,Month-to-month,No,Bank transfer (automatic),58.41,919.03,Yes
CUST-10689,Male,1,No,No,23,Yes,DSL,Yes,No internet service,Month-to-month,Yes,Mailed check,47.82,1018.03,No
CUST-10690,Female,0,Yes,No,7,Yes,Fiber optic,No,No,Month-to-month,Yes,Electronic check,87.35,576.56,Yes
CUST-10691,Male,0,Yes,No,57,Yes,DSL,Yes,No internet service,Month-to-month,Yes,Electronic check,64.0,3820.65,Yes
CUST-10692,Male,0,Yes,No,63,Yes,DSL,No,No,Month-to-month,No,Bank transfer (automatic),64.67,3851.71,No
CUST-10693,Female,0,No,Yes,13,Yes,DSL,Yes,No,Two year,No,Bank transfer (automatic),44.94,533.03,No
CUST-10694,Male,0,Yes,No,14,Yes,No,No,No,Month-to-month,Yes,Mailed check,19.84,273.54,No
CUST-10695,Female,0,Yes,No,35,Yes,Fiber optic,Yes,No,Month-to-month,Yes,Bank transfer (automatic),92.34,2974.38,Yes
CUST-10696,Female,0,No,Yes,25,No,Fiber optic,No,No internet service,Month-to-month,Yes,Mailed check,68.19,1637.43,Yes
CUST-10697,Male,0,No,Yes,2,Yes,No,Yes,No internet service,Month-to-month,No,Bank transfer (automatic),18.81,39.48,No
CUST-10698,Female,0,Yes,No,4,Yes,DSL,No,No,Two year,No,Mailed check,57.13,215.4,No
CUST-10699,Male,0,Yes,No,14,Yes,No,No internet service,No,Month-to-month,No,Bank transfer (automatic),20.82,289.95,Yes
CUST-10700,Male,0,No,Yes,17,Yes,DSL,No,No,One year,Yes,Mailed check,71.45,1243.0,No
CUST-10701,Male,0,No,Yes,1,Yes,DSL,Yes,Yes,Month-to-month,Yes,Mailed check,40.97,37.83,No
CUST-10702,Male,0,No,No,23,Yes,Fiber optic,No internet service,No,Month-to-month,Yes,Bank transfer (automatic),77.53,1738.33,Yes
CUST-10703,Male,1,No,No,10,Yes,Fiber optic,No internet service,No internet service,Two year,No,Electronic check,73.98,691.4,No
CUST-10704,Female,1,No,Yes,20,Yes,Fiber optic,No internet service,Yes,Month-to-month,No,Electronic check,74.02,1495.94,No
CUST-10705,Female,0,No,Yes,15,Yes,Fiber optic,Yes,No internet service,Two year,No,Electronic check,117.88,1591.77,No
CUST-10706,Female,0,No,Yes,9,Yes,Fiber optic,No internet service,No,Month-to-month,No,Electronic check,79.53,708.92,No
CUST-10707,Female,0,Yes,No,72,Yes,Fiber optic,No internet service,No,Month-to-month,Yes,Bank transfer (automatic),75.59,5670.87,No
CUST-10708,Female,1,No,No,9,Yes,No,Yes,No internet service,Month-to-month,No,Mailed check,20.32,185.09,No
CUST-10709,Male,0,Yes,No,5,Yes,Fiber optic,Yes,Yes,One year,Yes,Mailed check,53.76,276.31,No
CUST-10710,Male,0,No,No,0,Yes,Fiber optic,No,Yes,Two year,Yes,Electronic check,74.6,,No
CUST-10711,Female,0,Yes,Yes,10,Yes,Fiber optic,No,No internet service,Two year,No,Credit card (automatic),88.87,860.93,No
CUST-10712,Male,0,No,No,22,Yes,DSL,No,No,One year,Yes,Mailed check,53.82,1198.31,No
CUST-10713,Female,0,Yes,No,12,Yes,Fiber optic,Yes,No,Month-to-month,No,Electronic check,86.75,1071.91,Yes
CUST-10714,Male,1,No,No,20,Yes,Fiber optic,No,No,Month-to-month,No,Credit card (automatic),90.95,1804.75,No
CUST-10715,Male,0,Yes,Yes,6,Yes,Fiber optic,No,Yes,One year,Yes,Electronic check,104.5,596.68,No
CUST-10716,Male,0,Yes,No,4,Yes,DSL,No,No,Two year,Yes,Credit card (automatic),38.45,148.5,No
CUST-10717,Female,0,Yes,No,5,Yes,Fiber optic,No internet service,Yes,One year,No,Credit card (automatic),84.14,383.84,No
CUST-10718,Male,1,Yes,No,1,Yes,Fiber optic,No,No,One year,No,Electronic check,80.41,84.25,Yes
CUST-10719,Female,1,Yes,No,19,Yes,DSL,Yes,Yes,Two year,No,Electronic check,67.46,1274.72,No
CUST-10720,Male,0,No,No,34,No,Fiber optic,Yes,Yes,Month-to-month,No,Mailed check,88.64,3150.54,No
CUST-10721,Female,1,Yes,Yes,10,Yes,Fiber optic,Yes,Yes,Month-to-month,Yes,Electronic check,86.52,877.1,Yes
CUST-10722,Female,0,Yes,No,28,Yes,Fiber optic,No,No,One year,Yes,Credit card (automatic),72.4,2078.43,No
CUST-10723,Female,0,No,Yes,16,Yes,DSL,No,No internet service,Month-to-month,No,Electronic check,73.58,1116.74,No
CUST-10724,Female,0,No,No,32,Yes,Fiber optic,No internet service,Yes,Month-to-month,Yes,Credit card (automatic),84.5,2609.32,Yes
CUST-10725,Female,0,Yes,No,4,Yes,Fiber optic,Yes,No,Two year,Yes,Bank transfer (automatic),108.74,425.63,No
CUST-10726,Female,0,Yes,No,1,Yes,DSL,Yes,No internet service,Month-to-month,No,Mailed check,51.08,52.82,Yes
CUST-10727,Female,0,No,No,3,Yes,Fiber optic,Yes,No internet service,One year,Yes,Credit card (automatic),70.3,213.48,No
CUST-10728,Male,0,No,No,72,Yes,DSL,No internet service,No,One year,Yes,Electronic check,66.82,4790.6,No
CUST-10729,Female,0,No,No,33,Yes,No,Yes,Yes,Month-to-month,Yes,Electronic check,20.72,620.97,No
CUST-10730,Male,0,Yes,Yes,4,Yes,Fiber optic,Yes,No,Month-to-month,Yes,Bank transfer (automatic),106.93,399.56,Yes
CUST-10731,Female,0,No,Yes,13,Yes,Fiber optic,No,No,Month-to-month,No,Mailed check,60.91,826.35,No
CUST-10732,Female,0,No,No,68,Yes,Fiber optic,No,No internet service,Month-to-month,Yes,Mailed check,80.14,4914.37,No
CUST-10733,Male,0,Yes,Yes,13,Yes,Fiber optic,Yes,No internet service,Month-to-month,No,Mailed check,54.63,719.15,No
CUST-10734,Male,0,No,Yes,0,Yes,DSL,No internet service,No internet service,Month-to-month,No,Electronic check,56.37,,No
CUST-10735,Female,0,Yes,Yes,3,Yes,DSL,No,No,Month-to-month,Yes,Electronic check,44.36,132.75,No
CUST-10736,Male,1,Yes,No,65,Yes,No,No internet service,No,One year,Yes,Credit card (automatic),29.3,1999.37,No
CUST-10737,Female,0,Yes,Yes,21,Yes,Fiber optic,No,Yes,Month-to-month,No,Credit card (automatic),69.56,1494.22,Yes
CUST-10738,Female,0,No,No,29,Yes,Fiber optic,No internet service,No,Two year,No,Bank transfer (automatic),98.64,2753.38,No
CUST-10739,Male,0,No,No,11,Yes,Fiber optic,No,No,Two year,Yes,Bank transfer (automatic),79.81,903.73,No
CUST-10740,Female,0,No,No,6,Yes,Fiber optic,No,No,Month-to-month,Yes,Credit card (automatic),106.33,600.72,Yes
CUST-10741,Female,0,Yes,Yes,67,Yes,Fiber optic,No,No internet service,Month-to-month,Yes,Mailed check,88.91,5635.26,No
CUST-10742,Male,0,Yes,Yes,3,Yes,DSL,No,No internet service,Month-to-month,Yes,Credit card (automatic),60.68,173.85,No
CUST-10743,Male,0,Yes,Yes,0,No,Fiber optic,No,Yes,Two year,Yes,Bank transfer (automatic),90.19,,No
CUST-10744,Female,1,No,No,5,Yes,No,No,No,Month-to-month,No,Bank transfer (automatic),21.74,110.82,Yes
CUST-10745,Male,1,No,Yes,4,No,Fiber optic,Yes,No,Month-to-month,Yes,Credit card (automatic),93.34,377.05,Yes
CUST-10746,Female,0,Yes,No,5,Yes,DSL,Yes,No internet service,Month-to-month,No,Mailed check,45.29,208.19,No
CUST-10747,Female,0,Yes,Yes,48,Yes,Fiber optic,No,Yes,Month-to-month,No,Credit card (automatic),85.19,4143.56,Yes
CUST-10748,Male,0,No,No,28,Yes,Fiber optic,Yes,No,Month-to-month,No,Credit card (automatic),81.63,2250.35,No
CUST-10749,Male,0,No,No,1,Yes,DSL,No,No internet service,Two year,Yes,Mailed check,65.78,63.99,No
CUST-10750,Male,0,Yes,Yes,59,No,DSL,No internet service,No,Month-to-month,Yes,Credit card (automatic),34.97,2130.25,No
CUST-10751,Female,0,No,No,9,Yes,DSL,No,No,Two year,Yes,Electronic check,61.99,536.04,Yes
CUST-10752,Male,1,No,No,2,Yes,DSL,Yes,No,Month-to-month,No,Bank transfer (automatic),63.03,120.7,Yes
CUST-10753,Female,1,No,No,15,Yes,DSL,No,No,Two year,Yes,Credit card (automatic),54.78,796.3,No
CUST-10754,Male,0,No,Yes,13,Yes,Fiber optic,Yes,No,Two year,No,Bank transfer (automatic),91.4,1135.62,No
CUST-10755,Female,0,No,Yes,21,Yes,Fiber optic,No,No internet service,Month-to-month,Yes,Electronic check,70.0,1529.46,Yes
CUST-10756,Female,0,Yes,No,72,Yes,Fiber optic,Yes,No,One year,Yes,Bank transfer (automatic),69.59,4632.43,No
CUST-10757,Female,0,Yes,No,40,Yes,Fiber optic,Yes,No,Month-to-month,Yes,Electronic check,91.95,3446.51,Yes
CUST-10758,Female,0,No,No,72,No,DSL,Yes,No,One year,No,Bank transfer (automatic),67.79,4543.12,Yes
CUST-10759,Female,0,No,No,27,Yes,Fiber optic,Yes,No,One year,Yes,Electronic check,82.09,2051.9,Yes
CUST-10760,Male,0,Yes,No,2,Yes,DSL,Yes,No,Month-to-month,No,Credit card (automatic),74.18,149.07,Yes
CUST-10761,Male,0,No,No,19,Yes,Fiber optic,No,Yes,Month-to-month,No,Mailed check,94.71,1741.38,Yes
CUST-10762,Female,0,No,No,3,Yes,Fiber optic,Yes,No internet service,Month-to-month,Yes,Electronic check,58.29,167.23,Yes
CUST-10763,Female,1,No,Yes,2,Yes,No,No,No,One year,No,Electronic check,18.0,32.99,Yes
CUST-10764,Female,0,Yes,Yes,22,Yes,Fiber optic,No,Yes,One year,Yes,Electronic check,74.13,1610.61,No
CUST-10765,Male,0,Yes,No,26,Yes,Fiber optic,No,Yes,Month-to-month,Yes,Mailed check,66.86,1803.65,No
CUST-10766,Female,0,No,Yes,72,Yes,No,No internet service,No,Month-to-month,Yes,Electronic check,18.0,1356.67,No
CUST-10767,Female,1,Yes,Yes,46,Yes,DSL,No internet service,No,Month-to-month,No,Electronic check,52.04,2452.99,No
CUST-10768,Female,0,No,Yes,2,Yes,Fiber optic,No,No,One year,No,Credit card (automatic),77.78,154.06,No
CUST-10769,Male,0,No,Yes,36,No,No,No,No,Two year,Yes,Electronic check,35.75,1297.09,No
CUST-10770,Female,1,Yes,No,2,Yes,DSL,No,No,Month-to-month,Yes,Mailed check,40.62,73.69,No
CUST-10771,Female,0,Yes,No,28,Yes,Fiber optic,No,No,One year,Yes,Mailed check,68.85,1943.19,No
CUST-10772,Female,0,Yes,Yes,3,Yes,DSL,Yes,No internet service,Month-to-month,Yes,Electronic check,52.25,148.98,No
CUST-10773,Male,0,No,Yes,22,Yes,DSL,No,No,One year,No,Electronic check,47.55,1070.82,No
CUST-10774,Female,0,No,No,18,No,Fiber optic,No,Yes,Two year,Yes,Electronic check,77.47,1296.57,No
CUST-10775,Female,0,Yes,No,5,No,No,No,No internet service,Two year,No,Bank transfer (automatic),28.48,137.55,No
CUST-10776,Female,0,No,No,14,Yes,Fiber optic,Yes,No,One year,Yes,Bank transfer (automatic),84.3,1151.42,No
CUST-10777,Female,0,Yes,No,59,Yes,DSL,No internet service,No internet service,Month-to-month,No,Mailed check,77.41,4235.58,No
CUST-10778,Female,1,Yes,No,26,Yes,DSL,No,Yes,Month-to-month,Yes,Mailed check,51.17,1204.79,No
CUST-10779,Female,0,No,No,3,Yes,No,No,No,Month-to-month,No,Bank transfer (automatic),33.25,96.78,No
CUST-10780,Male,1,No,No,16,No,Fiber optic,Yes,Yes,Month-to-month,Yes,Credit card (automatic),56.78,848.46,Yes
CUST-10781,Female,0,No,No,7,Yes,No,No,Yes,Month-to-month,No,Bank transfer (automatic),25.33,168.4,No
CUST-10782,Male,0,Yes,No,14,No,Fiber optic,No,Yes,Month-to-month,Yes,Credit card (automatic),57.09,796.86,No
CUST-10783,Female,0,Yes,Yes,3,Yes,DSL,No internet service,No,One year,Yes,Mailed check,50.44,149.91,No
CUST-10784,Male,0,No,No,3,Yes,No,No,No,One year,Yes,Bank transfer (automatic),35.97,103.87,No
CUST-10785,Female,1,No,No,3,Yes,DSL,No,No internet service,Two year,No,Credit card (automatic),44.57,137.61,No
CUST-10786,Male,0,Yes,No,17,Yes,DSL,Yes,No,Month-to-month,Yes,Bank transfer (automatic),50.73,781.87,No
CUST-10787,Female,1,Yes,No,23,Yes,DSL,Yes,No,Month-to-month,Yes,Electronic check,51.85,1217.84,Yes
CUST-10788,Female,0,No,Yes,44,Yes,Fiber optic,Yes,No,Month-to-month,Yes,Bank transfer (automatic),104.44,4231.47,Yes
CUST-10789,Female,0,Yes,Yes,15,Yes,No,No,No,Two year,Yes,Credit card (automatic),24.22,353.63,No
CUST-10790,Male,0,Yes,Yes,72,Yes,Fiber optic,No,No,One year,No,Credit card (automatic),98.17,6624.73,No
CUST-10791,Female,0,No,Yes,3,Yes,Fiber optic,Yes,No,Month-to-month,Yes,Credit card (automatic),94.95,260.67,No
CUST-10792,Female,0,No,Yes,21,Yes,DSL,Yes,Yes,Month-to-month,No,Mailed check,40.26,877.25,Yes
CUST-10793,Male,0,No,No,45,Yes,DSL,Yes,Yes,Two year,No,Credit card (automatic),66.26,2688.36,Yes
CUST-10794,Male,0,No,No,17,No,DSL,No,No,Two year,Yes,Credit card (automatic),67.81,1200.62,No
CUST-10795,Male,0,Yes,No,6,Yes,No,Yes,No,Month-to-month,Yes,Electronic check,34.76,212.74,No
CUST-10796,Male,0,No,No,27,Yes,Fiber optic,No internet service,No internet service,Two year,No,Mailed check,98.29,2786.38,No
CUST-10797,Female,0,No,Yes,34,Yes,Fiber optic,No,No,Month-to-month,Yes,Credit card (automatic),68.91,2183.81,No
CUST-10798,Female,0,Yes,Yes,21,Yes,DSL,Yes,Yes,Month-to-month,Yes,Mailed check,41.91,814.71,No
CUST-10799,Female,0,Yes,Yes,49,Yes,Fiber optic,Yes,No internet service,Month-to-month,Yes,Mailed check,81.24,4081.98,No
CUST-10800,Male,0,No,No,4,Yes,No,No,No internet service,Month-to-month,Yes,Mailed check,19.31,80.55,No
CUST-10801,Male,1,Yes,No,22,Yes,Fiber optic,No,No,One year,Yes,Credit card (automatic),88.22,2027.14,Yes
CUST-10802,Female,0,No,No,65,No,Fiber optic,Yes,No,Month-to-month,Yes,Electronic check,90.01,5684.0,Yes
CUST-10803,Female,0,No,Yes,2,Yes,Fiber optic,Yes,No,Month-to-month,Yes,Bank transfer (automatic),65.67,137.06,No
CUST-10804,Female,1,Yes,No,25,Yes,No,No,No internet service,Month-to-month,No,Mailed check,25.39,591.31,No
CUST-10805,Female,0,Yes,Yes,0,Yes,No,Yes,No internet service,Month-to-month,Yes,Electronic check,29.04,,Yes
CUST-10806,Female,1,Yes,Yes,28,Yes,Fiber optic,No,Yes,Two year,Yes,Bank transfer (automatic),83.72,2303.63,No
CUST-10807,Male,0,No,No,9,Yes,Fiber optic,No,Yes,Month-to-month,Yes,Credit card (automatic),63.57,573.25,No
CUST-10808,Male,0,Yes,Yes,19,Yes,Fiber optic,Yes,No internet service,One year,Yes,Electronic check,83.88,1536.83,Yes
CUST-10809,Male,0,Yes,No,35,Yes,Fiber optic,No,Yes,Month-to-month,Yes,Electronic check,117.51,3754.33,Yes
CUST-10810,Female,0,No,No,11,Yes,DSL,No,No,Two year,No,Credit card (automatic),56.79,586.8,Yes
CUST-10811,Male,1,Yes,Yes,30,Yes,Fiber optic,No,No,Two year,No,Credit card (automatic),92.26,2542.16,No
CUST-10812,Female,0,No,No,21,Yes,DSL,No,No internet service,Two year,Yes,Credit card (automatic),49.67,1001.26,No
CUST-10813,Female,1,Yes,Yes,1,Yes,Fiber optic,Yes,No,One year,Yes,Credit card (automatic),95.16,88.45,No
CUST-10814,Male,0,No,Yes,12,Yes,DSL,No internet service,Yes,Month-to-month,No,Electronic check,63.93,727.03,No
CUST-10815,Male,0,No,No,23,Yes,Fiber optic,Yes,No,Month-to-month,Yes,Electronic check,109.54,2517.5,Yes
CUST-10816,Male,0,Yes,No,10,Yes,DSL,Yes,No,Month-to-month,No,Electronic check,44.5,446.44,Yes
CUST-10817,Female,0,No,Yes,12,Yes,No,No,Yes,Two year,Yes,Electronic check,21.48,252.98,No
CUST-10818,Female,0,Yes,No,1,Yes,No,No internet service,Yes,Month-to-month,No,Credit card (automatic),36.76,33.37,No
CUST-10819,Male,0,Yes,No,72,Yes,Fiber optic,Yes,No,Month-to-month,No,Electronic check,89.09,5783.5,Yes
CUST-10820,Female,0,Yes,No,9,No,No,No,No,Two year,Yes,Electronic check,22.28,189.09,Yes
CUST-10821,Female,0,No,No,27,Yes,Fiber optic,No,No internet service,Month-to-month,No,Electronic check,105.8,2639.42,Yes
CUST-10822,Male,0,Yes,Yes,5,Yes,DSL,No,No,Two year,No,Bank transfer (automatic),64.11,289.11,No
CUST-10823,Female,0,No,No,28,Yes,Fiber optic,Yes,No,One year,Yes,Electronic check,103.86,2795.08,No
CUST-10824,Female,0,No,Yes,62,Yes,Fiber optic,No,No,Two year,Yes,Mailed check,92.16,5424.65,No
CUST-10825,Female,1,No,No,27,Yes,Fiber optic,No,No,Month-to-month,No,Bank transfer (automatic),95.03,2678.85,Yes
CUST-10826,Female,0,No,No,6,Yes,DSL,No internet service,No,Month-to-month,No,Credit card (automatic),51.06,301.24,Yes
CUST-10827,Male,0,Yes,Yes,9,Yes,DSL,No,No,Two year,Yes,Electronic check,71.63,670.29,Yes
CUST-10828,Male,1,Yes,No,44,Yes,DSL,Yes,No,One year,No,Electronic check,60.52,2771.78,No
CUST-10829,Male,0,No,No,62,Yes,DSL,No,No,Month-to-month,Yes,Bank transfer (automatic),61.22,3490.19,No
CUST-10830,Female,0,No,No,0,Yes,DSL,No,Yes,One year,No,Bank transfer (automatic),60.33,,No
CUST-10831,Male,0,Yes,Yes,37,Yes,DSL,No internet service,No internet service,Month-to-month,Yes,Electronic check,72.83,2444.99,Yes
CUST-10832,Female,1,Yes,No,4,Yes,DSL,Yes,No,Month-to-month,Yes,Credit card (automatic),69.43,266.16,No
CUST-10833,Male,0,No,No,8,Yes,DSL,No,No,One year,Yes,Bank transfer (automatic),46.02,352.67,No
CUST-10834,Male,0,Yes,No,9,Yes,No,No,Yes,Month-to-month,Yes,Electronic check,29.15,263.09,No
CUST-10835,Female,0,No,No,17,Yes,Fiber optic,Yes,No internet service,Month-to-month,Yes,Mailed check,80.43,1366.47,Yes
CUST-10836,Male,1,Yes,No,59,No,DSL,No,No,Two year,Yes,Bank transfer (automatic),61.52,3546.22,No
CUST-10837,Male,0,Yes,No,4,Yes,DSL,Yes,Yes,Month-to-month,Yes,Mailed check,70.79,286.63,Yes
CUST-10838,Male,0,Yes,No,3,Yes,Fiber optic,No,No,One year,No,Bank transfer (automatic),93.9,276.68,Yes
CUST-10839,Female,0,No,No,19,No,Fiber optic,No,Yes,Two year,No,Electronic check,42.77,747.61,No
CUST-10840,Female,0,No,No,16,Yes,DSL,Yes,No,Month-to-month,Yes,Electronic check,50.79,771.09,No
CUST-10841,Male,1,No,Yes,39,Yes,No,No internet service,No,Month-to-month,Yes,Credit card (automatic),22.16,895.53,No
CUST-10842,Female,1,Yes,No,29,Yes,DSL,Yes,Yes,Two year,Yes,Mailed check,31.98,942.09,No
CUST-10843,Male,0,No,No,13,Yes,No,Yes,No,Month-to-month,No,Mailed check,30.46,366.83,No
CUST-10844,Male,0,Yes,Yes,27,Yes,DSL,No,Yes,Month-to-month,Yes,Electronic check,65.49,1736.81,No
CUST-10845,Female,0,No,No,20,Yes,DSL,No,No,Month-to-month,Yes,Mailed check,64.6,1257.22,Yes
CUST-10846,Female,0,Yes,No,49,No,Fiber optic,No internet service,No,Month-to-month,Yes,Mailed check,92.37,4450.87,Yes
CUST-10847,Female,0,Yes,Yes,10,Yes,No,No,Yes,Month-to-month,Yes,Credit card (automatic),30.28,278.11,Yes
CUST-10848,Female,1,No,No,25,Yes,DSL,No,No,Month-to-month,Yes,Bank transfer (automatic),43.36,1099.78,No
CUST-10849,Male,0,Yes,Yes,15,Yes,No,No,No internet service,Two year,No,Credit card (automatic),18.0,277.73,No
CUST-10850,Male,0,Yes,No,16,Yes,No,Yes,No,Month-to-month,Yes,Credit card (automatic),27.07,397.43,No
CUST-10851,Male,0,No,No,18,Yes,No,Yes,No internet service,Two year,No,Bank transfer (automatic),18.0,325.23,No
CUST-10852,Female,1,Yes,No,39,No,No,No,Yes,Month-to-month,No,Credit card (automatic),32.13,1200.24,No
CUST-10853,Male,0,No,Yes,70,Yes,DSL,No internet service,Yes,One year,No,Electronic check,33.75,2262.68,No
CUST-10854,Female,0,No,Yes,21,Yes,Fiber optic,No,No,Two year,Yes,Electronic check,81.28,1574.84,Yes
CUST-10855,Male,0,No,No,4,Yes,DSL,No,No,Month-to-month,Yes,Bank transfer (automatic),58.98,236.28,Yes
CUST-10856,Male,0,No,No,11,Yes,Fiber optic,Yes,No,Month-to-month,Yes,Electronic check,90.51,930.61,Yes
CUST-10857,Female,0,Yes,No,71,No,No,No,Yes,Month-to-month,Yes,Mailed check,29.6,1962.65,No
CUST-10858,Female,0,Yes,Yes,53,Yes,DSL,No,No,One year,Yes,Mailed check,65.77,3576.59,No
CUST-10859,Male,1,No,Yes,14,Yes,No,No,Yes,Two year,Yes,Electronic check,18.0,228.13,No
CUST-10860,Female,1,Yes,No,72,Yes,No,No,No internet service,Month-to-month,No,Credit card (automatic),47.32,3571.15,No
CUST-10861,Male,0,Yes,Yes,16,Yes,Fiber optic,No,Yes,Month-to-month,No,Bank transfer (automatic),105.65,1647.64,No
CUST-10862,Male,0,Yes,No,55,No,Fiber optic,No,No,Month-to-month,No,Mailed check,101.39,5772.19,No
CUST-10863,Male,1,No,No,23,Yes,Fiber optic,No,No internet service,One year,No,Electronic check,72.59,1613.83,No
CUST-10864,Male,0,Yes,Yes,0,No,Fiber optic,No internet service,No,One year,Yes,Electronic check,76.97,,Yes
CUST-10865,Male,1,Yes,Yes,7,Yes,DSL,Yes,No internet service,Month-to-month,Yes,Mailed check,55.79,402.81,No
CUST-10866,Male,0,Yes,Yes,26,Yes,DSL,No,No internet service,Two year,Yes,Credit card (automatic),39.95,992.79,No
CUST-10867,Female,1,Yes,No,28,Yes,DSL,No,No internet service,Month-to-month,No,Electronic check,51.81,1464.61,Yes
CUST-10868,Male,0,No,Yes,4,Yes,Fiber optic,Yes,No,Month-to-month,No,Mailed check,53.73,201.38,Yes
CUST-10869,Female,0,No,No,3,No,DSL,Yes,No,Month-to-month,Yes,Mailed check,77.92,225.79,No
CUST-10870,Female,0,Yes,No,64,Yes,Fiber optic,Yes,No,Month-to-month,Yes,Electronic check,70.22,4600.01,No
CUST-10871,Female,1,Yes,No,46,Yes,Fiber optic,No,No internet service,Month-to-month,Yes,Bank transfer (automatic),101.34,4655.13,No
CUST-10872,Female,0,Yes,No,30,Yes,No,No internet service,No,One year,Yes,Mailed check,38.53,1104.26,No
CUST-10873,Male,1,Yes,No,4,Yes,Fiber optic,Yes,No,Two year,Yes,Mailed check,94.88,352.84,No
CUST-10874,Female,0,Yes,No,3,Yes,Fiber optic,No,No,Month-to-month,No,Credit card (automatic),97.08,280.7,Yes
CUST-10875,Female,0,Yes,No,72,Yes,DSL,Yes,No,Month-to-month,Yes,Electronic check,68.95,4776.31,Yes
CUST-10876,Male,0,No,No,0,Yes,Fiber optic,No,No internet service,Month-to-month,Yes,Mailed check,90.06,,Yes
CUST-10877,Male,0,Yes,No,1,Yes,DSL,No internet service,Yes,Month-to-month,Yes,Bank transfer (automatic),66.46,64.3,No
CUST-10878,Female,1,No,No,18,Yes,No,No,No internet service,One year,No,Mailed check,32.13,600.39,No
CUST-10879,Female,0,Yes,No,5,Yes,DSL,No internet service,No,Two year,No,Electronic check,62.3,317.15,No
CUST-10880,Female,0,No,No,6,Yes,No,No internet service,No,Month-to-month,Yes,Bank transfer (automatic),41.11,240.01,Yes
CUST-10881,Female,0,No,Yes,8,Yes,Fiber optic,No internet service,No,One year,No,Credit card (automatic),84.27,675.42,Yes
CUST-10882,Male,1,No,Yes,42,Yes,Fiber optic,No,No,Two year,No,Electronic check,90.17,3748.71,No
CUST-10883,Female,0,No,No,4,Yes,DSL,No,Yes,Month-to-month,Yes,Electronic check,51.79,189.54,No
CUST-10884,Male,0,No,No,28,Yes,No,No,No internet service,One year,Yes,Bank transfer (automatic),23.75,651.14,No
CUST-10885,Male,0,Yes,No,6,Yes,Fiber optic,No internet service,No,Month-to-month,Yes,Electronic check,61.09,380.36,Yes
CUST-10886,Female,0,Yes,No,13,Yes,Fiber optic,No,No,Two year,Yes,Bank transfer (automatic),107.18,1384.31,No
CUST-10887,Male,0,No,No,33,Yes,DSL,No,Yes,Two year,No,Mailed check,77.44,2529.47,No
CUST-10888,Female,0,Yes,No,4,Yes,Fiber optic,No,No,Month-to-month,No,Credit card (automatic),80.88,331.15,Yes
CUST-10889,Male,0,Yes,No,19,Yes,DSL,No,No,One year,Yes,Credit card (automatic),64.86,1191.48,No
CUST-10890,Female,0,No,No,12,No,No,No internet service,No,Month-to-month,Yes,Credit card (automatic),24.37,296.53,No
CUST-10891,Female,0,Yes,Yes,2,Yes,Fiber optic,No,No,Month-to-month,No,Electronic check,79.88,146.8,Yes
CUST-10892,Male,0,No,Yes,43,No,DSL,No,Yes,Month-to-month,No,Bank transfer (automatic),59.65,2317.63,No
CUST-10893,Female,0,No,No,7,Yes,Fiber optic,No internet service,Yes,Month-to-month,No,Bank transfer (automatic),104.17,680.93,No
CUST-10894,Male,0,No,No,36,Yes,DSL,No,No,One year,Yes,Mailed check,60.15,2134.26,No
CUST-10895,Male,0,Yes,No,31,No,Fiber optic,Yes,Yes,Two year,No,Mailed check,94.75,2837.53,No
CUST-10896,Female,0,No,No,13,Yes,Fiber optic,No,No internet service,Two year,Yes,Mailed check,78.77,968.14,No
CUST-10897,Male,0,Yes,No,19,Yes,Fiber optic,Yes,No,Two year,Yes,Electronic check,55.48,1053.38,No
CUST-10898,Male,0,No,No,42,Yes,DSL,No,No internet service,Two year,Yes,Credit card (automatic),43.46,1894.18,No
CUST-10899,Male,0,Yes,Yes,50,Yes,DSL,No,No internet service,Month-to-month,Yes,Credit card (automatic),53.22,2694.61,No
CUST-10900,Male,0,Yes,No,72,No,Fiber optic,No,No,Two year,No,Credit card (automatic),51.91,3738.96,No
CUST-10901,Male,0,Yes,Yes,24,Yes,Fiber optic,Yes,Yes,Month-to-month,No,Mailed check,76.02,1781.68,No
CUST-10902,Female,0,No,No,58,Yes,DSL,No internet service,Yes,Month-to-month,Yes,Credit card (automatic),79.66,4482.41,No
CUST-10903,Female,0,No,Yes,72,No,DSL,No,No,One year,No,Bank transfer (automatic),59.02,3959.17,No
CUST-10904,Male,0,Yes,No,2,Yes,DSL,No,No,One year,Yes,Bank transfer (automatic),39.72,76.69,No
CUST-10905,Female,0,Yes,No,32,Yes,Fiber optic,Yes,Yes,Two year,Yes,Mailed check,59.08,1898.67,No
CUST-10906,Female,0,Yes,No,0,Yes,Fiber optic,No internet service,Yes,Month-to-month,Yes,Electronic check,91.7,,Yes
CUST-10907,Male,0,Yes,No,17,Yes,Fiber optic,Yes,No,Month-to-month,Yes,Credit card (automatic),88.72,1478.96,No
CUST-10908,Female,0,No,No,46,Yes,Fiber optic,No,No,Month-to-month,Yes,Bank transfer (automatic),66.52,3094.26,Yes
CUST-10909,Male,0,No,Yes,48,Yes,No,No internet service,No,Two year,Yes,Credit card (automatic),27.0,1285.74,No
CUST-10910,Male,0,Yes,Yes,16,Yes,No,No,Yes,Two year,No,Credit card (automatic),22.37,334.52,No
CUST-10911,Male,0,No,No,32,Yes,Fiber optic,No,No internet service,Month-to-month,No,Bank transfer (automatic),77.55,2462.34,No
CUST-10912,Male,1,No,No,22,Yes,DSL,No,No,One year,Yes,Electronic check,57.1,1201.73,No
CUST-10913,Male,0,Yes,Yes,5,Yes,Fiber optic,No internet service,No,Month-to-month,Yes,Mailed check,70.52,344.67,No
CUST-10914,Female,0,Yes,Yes,19,No,DSL,No,No,Month-to-month,Yes,Bank transfer (automatic),66.76,1210.17,No
CUST-10915,Male,1,No,Yes,10,No,No,No internet service,No,Month-to-month,Yes,Mailed check,28.36,268.68,Yes
CUST-10916,Female,0,Yes,Yes,7,Yes,No,No,No,Month-to-month,Yes,Mailed check,36.46,237.07,No
CUST-10917,Male,1,Yes,Yes,16,Yes,Fiber optic,No,No internet service,Month-to-month,No,Bank transfer (automatic),86.22,1436.53,No
CUST-10918,Male,1,No,No,55,Yes,Fiber optic,No,No internet service,One year,Yes,Mailed check,76.55,4312.48,No
CUST-10919,Male,0,No,Yes,57,Yes,Fiber optic,No,Yes,Month-to-month,No,Electronic check,86.31,4675.52,No
CUST-10920,Male,1,Yes,No,4,No,DSL,No,Yes,One year,No,Electronic check,72.79,279.14,No
CUST-10921,Male,1,No,No,19,Yes,Fiber optic,No internet service,Yes,Month-to-month,No,Mailed check,89.22,1598.46,No
CUST-10922,Male,0,No,No,25,Yes,No,No,No,One year,Yes,Credit card (automatic),34.32,774.46,No
CUST-10923,Male,0,Yes,No,30,Yes,Fiber optic,No internet service,No,Month-to-month,Yes,Bank transfer (automatic),95.0,2569.02,Yes
CUST-10924,Female,0,Yes,No,28,No,DSL,No,No,Two year,No,Credit card (automatic),40.5,1160.36,No
CUST-10925,Male,0,No,No,72,Yes,No,No,Yes,Month-to-month,No,Electronic check,19.49,1473.36,No
CUST-10926,Female,1,Yes,Yes,12,Yes,DSL,No,No internet service,Month-to-month,Yes,Mailed check,62.1,711.94,No
CUST-10927,Female,0,No,No,72,No,Fiber optic,No,Yes,Month-to-month,No,Mailed check,75.34,4987.35,Yes
CUST-10928,Female,1,No,No,5,Yes,DSL,No,No,One year,Yes,Electronic check,47.4,245.61,Yes
CUST-10929,Female,1,No,No,3,Yes,Fiber optic,No,No,Two year,Yes,Electronic check,106.93,294.56,Yes
CUST-10930,Female,0,Yes,No,58,Yes,Fiber optic,No,Yes,One year,Yes,Credit card (automatic),78.82,4226.84,No
CUST-10931,Female,0,Yes,No,8,Yes,DSL,No,Yes,Month-to-month,No,Electronic check,60.91,449.54,No
CUST-10932,Female,0,No,No,0,Yes,No,No internet service,Yes,Month-to-month,Yes,Credit card (automatic),25.46,,No
CUST-10933,Male,0,No,No,16,No,No,No,Yes,Two year,Yes,Bank transfer (automatic),23.2,378.95,No
CUST-10934,Female,0,Yes,No,10,Yes,Fiber optic,Yes,No internet service,Two year,No,Mailed check,112.28,1049.4,No
CUST-10935,Male,0,No,Yes,45,Yes,Fiber optic,No,No,One year,No,Electronic check,72.12,3266.51,Yes
CUST-10936,Male,0,No,No,27,Yes,DSL,No internet service,No internet service,Month-to-month,No,Electronic check,56.86,1425.01,No
CUST-10937,Female,0,Yes,No,9,Yes,DSL,Yes,No internet service,Two year,Yes,Electronic check,55.57,461.17,No
CUST-10938,Male,0,Yes,Yes,6,Yes,Fiber optic,No internet service,No,Month-to-month,Yes,Mailed check,77.36,470.67,Yes
CUST-10939,Female,0,Yes,No,58,Yes,DSL,Yes,Yes,One year,No,Electronic check,48.74,2931.98,No
CUST-10940,Female,0,No,No,4,Yes,DSL,Yes,No internet service,Two year,Yes,Electronic check,66.97,241.24,No
CUST-10941,Male,0,No,No,72,Yes,Fiber optic,Yes,No,Month-to-month,No,Electronic check,120.0,8614.96,Yes
CUST-10942,Male,0,Yes,Yes,57,Yes,No,No,No,Month-to-month,No,Credit card (automatic),21.57,1221.67,Yes
CUST-10943,Female,1,Yes,No,42,Yes,Fiber optic,No,Yes,Month-to-month,Yes,Bank transfer (automatic),73.36,3003.16,No
CUST-10944,Male,0,No,No,3,Yes,No,No,No,One year,No,Electronic check,18.0,50.82,No
CUST-10945,Male,0,Yes,No,5,Yes,DSL,No,No internet service,Month-to-month,Yes,Credit card (automatic),63.82,308.48,No
CUST-10946,Male,0,Yes,Yes,30,Yes,Fiber optic,No,No,Month-to-month,Yes,Electronic check,89.09,2803.04,Yes
CUST-10947,Male,0,Yes,No,23,Yes,No,No,No internet service,One year,Yes,Electronic check,18.0,375.29,Yes
CUST-10948,Male,0,Yes,Yes,7,Yes,Fiber optic,No internet service,No,Month-to-month,Yes,Electronic check,40.02,280.83,Yes
CUST-10949,Male,0,No,No,8,Yes,No,No,No internet service,Month-to-month,Yes,Bank transfer (automatic),25.3,199.25,No
CUST-10950,Female,0,No,No,56,Yes,Fiber optic,Yes,No,One year,No,Credit card (automatic),64.84,3305.15,No
CUST-10951,Male,0,Yes,Yes,7,Yes,DSL,No internet service,Yes,Two year,No,Credit card (automatic),78.47,510.01,No
CUST-10952,Male,1,Yes,Yes,43,Yes,DSL,No,No,Two year,No,Electronic check,38.74,1646.07,No
CUST-10953,Female,0,No,No,32,Yes,Fiber optic,Yes,No,Month-to-month,Yes,Mailed check,71.45,2149.39,No
CUST-10954,Female,0,No,No,0,Yes,DSL,No,Yes,Month-to-month,Yes,Credit card (automatic),68.23,,Yes
CUST-10955,Male,0,Yes,Yes,39,Yes,Fiber optic,No,No,Two year,No,Electronic check,87.35,3432.61,No
CUST-10956,Male,0,No,Yes,37,Yes,Fiber optic,Yes,No internet service,One year,No,Mailed check,66.96,2595.47,No
CUST-10957,Female,0,Yes,No,7,Yes,Fiber optic,No,No internet service,Month-to-month,No,Bank transfer (automatic),100.6,686.17,Yes
CUST-10958,Female,0,No,No,2,Yes,Fiber optic,No,No,Month-to-month,Yes,Credit card (automatic),86.74,181.79,Yes
CUST-10959,Male,0,Yes,No,50,Yes,DSL,No,Yes,Month-to-month,Yes,Bank transfer (automatic),61.46,2773.26,No
CUST-10960,Female,0,Yes,Yes,64,Yes,Fiber optic,No,No,Month-to-month,Yes,Mailed check,60.54,3684.8,No
CUST-10961,Male,0,No,No,33,Yes,Fiber optic,No,Yes,Month-to-month,Yes,Electronic check,95.77,3092.07,No
CUST-10962,Female,1,No,No,70,Yes,DSL,Yes,No,One year,No,Mailed check,39.88,2627.93,No
CUST-10963,Female,0,No,Yes,15,Yes,No,No internet service,No internet service,One year,Yes,Credit card (automatic),18.0,253.85,No
CUST-10964,Male,0,No,No,0,Yes,DSL,Yes,Yes,Two year,Yes,Credit card (automatic),67.75,,No
CUST-10965,Male,1,No,No,71,Yes,DSL,No,No,One year,Yes,Electronic check,53.41,3707.25,Yes
CUST-10966,Male,1,No,No,0,No,No,Yes,No,Month-to-month,No,Electronic check,23.06,,No
CUST-10967,Male,0,No,Yes,44,Yes,No,No,No,One year,No,Mailed check,18.0,803.03,No
CUST-10968,Male,1,Yes,No,14,Yes,Fiber optic,No,No,Month-to-month,No,Credit card (automatic),89.16,1199.97,Yes
CUST-10969,Male,0,No,No,1,Yes,DSL,No internet service,Yes,Month-to-month,No,Electronic check,71.01,72.06,No
CUST-10970,Male,0,No,No,12,Yes,DSL,Yes,Yes,Month-to-month,Yes,Electronic check,60.5,758.83,Yes
CUST-10971,Female,0,Yes,Yes,24,Yes,DSL,No,No,Month-to-month,No,Electronic check,42.66,1022.2,No
CUST-10972,Female,0,No,No,9,Yes,DSL,No,Yes,Two year,No,Bank transfer (automatic),61.46,564.38,No
CUST-10973,Female,0,Yes,No,15,Yes,DSL,No,No,One year,Yes,Credit card (automatic),49.14,686.89,No
CUST-10974,Male,0,No,Yes,7,Yes,Fiber optic,No internet service,No,Month-to-month,Yes,Mailed check,62.69,395.04,Yes
CUST-10975,Male,0,Yes,No,27,Yes,Fiber optic,Yes,No internet service,Month-to-month,No,Electronic check,114.14,2882.51,Yes
CUST-10976,Female,0,Yes,Yes,31,Yes,DSL,No internet service,No internet service,Two year,Yes,Mailed check,57.7,1755.9,No
CUST-10977,Male,0,Yes,No,47,No,No,Yes,Yes,Month-to-month,Yes,Mailed check,43.53,1908.69,Yes
CUST-10978,Female,1,No,No,55,No,No,Yes,No internet service,Month-to-month,No,Credit card (automatic),20.92,1068.04,No
CUST-10979,Male,0,Yes,No,72,Yes,DSL,Yes,No,Month-to-month,No,Mailed check,52.09,3406.2,No
CUST-10980,Male,0,No,No,42,Yes,Fiber optic,No,No internet service,Month-to-month,Yes,Bank transfer (automatic),62.9,2584.83,No
CUST-10981,Male,0,No,No,6,Yes,DSL,No internet service,Yes,Month-to-month,Yes,Electronic check,51.56,292.18,No
CUST-10982,Male,0,No,No,7,Yes,Fiber optic,No internet service,No internet service,Two year,Yes,Bank transfer (automatic),44.61,297.97,No
CUST-10983,Male,0,No,No,40,Yes,No,No,No,Two year,Yes,Credit card (automatic),30.0,1212.85,No
CUST-10984,Male,0,No,Yes,7,Yes,Fiber optic,No internet service,No,One year,No,Bank transfer (automatic),70.52,506.95,No
CUST-10985,Female,0,Yes,No,11,Yes,DSL,Yes,No internet service,Month-to-month,Yes,Electronic check,57.78,622.04,No
CUST-10986,Female,0,Yes,Yes,72,Yes,DSL,No,No,Two year,Yes,Credit card (automatic),51.57,3418.75,No
CUST-10987,Male,0,No,No,0,Yes,DSL,No,No internet service,Month-to-month,Yes,Credit card (automatic),42.36,,No
CUST-10988,Male,0,No,Yes,2,Yes,DSL,Yes,No internet service,One year,No,Electronic check,67.67,124.06,No
CUST-10989,Female,0,No,No,72,No,Fiber optic,No,No internet service,One year,No,Mailed check,84.7,6113.43,No
CUST-10990,Female,0,No,Yes,9,Yes,Fiber optic,No,No internet service,Month-to-month,No,Electronic check,77.1,655.73,No
CUST-10991,Female,0,Yes,No,9,Yes,DSL,No,No,One year,No,Electronic check,70.74,627.83,Yes
CUST-10992,Female,0,No,Yes,2,Yes,DSL,No,No,Month-to-month,Yes,Electronic check,69.76,131.69,Yes
CUST-10993,Female,0,No,No,7,Yes,Fiber optic,No internet service,Yes,Month-to-month,No,Credit card (automatic),71.1,486.44,No
CUST-10994,Female,0,Yes,No,9,Yes,DSL,Yes,Yes,Two year,Yes,Bank transfer (automatic),53.53,505.02,No
CUST-10995,Female,0,Yes,Yes,34,Yes,DSL,No,No,Two year,No,Credit card (automatic),52.58,1673.18,No
CUST-10996,Female,0,No,Yes,17,Yes,Fiber optic,No,No internet service,Month-to-month,Yes,Mailed check,69.42,1168.79,No
CUST-10997,Female,0,No,No,72,Yes,Fiber optic,No,No internet service,Two year,No,Electronic check,103.84,7451.18,No
CUST-10998,Male,0,Yes,Yes,5,Yes,DSL,No internet service,Yes,Two year,Yes,Mailed check,61.86,278.76,No
CUST-10999,Female,0,Yes,Yes,3,Yes,DSL,Yes,Yes,One year,Yes,Mailed check,57.29,175.7,No
CUST-11000,Male,0,No,No,27,Yes,Fiber optic,No,No,Month-to-month,No,Bank transfer (automatic),57.59,1422.58,Yes
CUST-11001,Female,1,No,No,17,Yes,Fiber optic,No internet service,No,Two year,Yes,Electronic check,63.81,1018.1,No
CUST-11002,Female,0,No,No,15,Yes,Fiber optic,No,No,One year,Yes,Bank transfer (automatic),79.53,1146.33,Yes
CUST-11003,Male,0,No,No,49,Yes,Fiber optic,No,Yes,One year,Yes,Credit card (automatic),90.82,4417.49,No
CUST-11004,Male,1,No,No,29,Yes,DSL,No,Yes,Two year,No,Credit card (automatic),54.16,1500.52,No
CUST-11005,Female,0,Yes,No,57,Yes,DSL,No internet service,No,Month-to-month,Yes,Mailed check,44.37,2463.99,No
CUST-11006,Male,1,Yes,Yes,69,Yes,No,No,Yes,Two year,Yes,Mailed check,20.6,1388.82,No
CUST-11007,Female,0,Yes,No,17,Yes,DSL,Yes,Yes,Month-to-month,Yes,Bank transfer (automatic),47.32,733.2,Yes
CUST-11008,Male,0,No,No,6,Yes,Fiber optic,No internet service,No,Month-to-month,Yes,Electronic check,79.16,491.3,Yes
CUST-11009,Male,0,No,No,16,Yes,DSL,No internet service,No internet service,Two year,Yes,Electronic check,62.81,929.94,No
CUST-11010,Female,0,Yes,No,35,Yes,DSL,Yes,No internet service,Month-to-month,Yes,Electronic check,51.23,1643.64,No
CUST-11011,Female,0,No,No,47,Yes,Fiber optic,No internet service,No,One year,Yes,Credit card (automatic),99.79,4897.69,No
CUST-11012,Male,0,Yes,No,13,Yes,DSL,No,No,Two year,No,Bank transfer (automatic),36.97,433.83,No
CUST-11013,Male,0,Yes,Yes,22,Yes,Fiber optic,No,Yes,Month-to-month,Yes,Electronic check,95.56,2131.38,No
CUST-11014,Male,0,No,Yes,8,Yes,No,No internet service,No,Month-to-month,No,Mailed check,38.99,290.35,No
CUST-11015,Female,0,No,No,11,Yes,Fiber optic,No,No internet service,Two year,No,Electronic check,60.74,659.62,No
CUST-11016,Female,0,No,Yes,2,Yes,Fiber optic,No,No,Month-to-month,Yes,Mailed check,97.27,201.62,No
CUST-11017,Male,0,No,No,7,Yes,Fiber optic,Yes,No internet service,One year,No,Electronic check,81.82,528.96,Yes
CUST-11018,Male,0,No,No,11,Yes,No,No,No,Month-to-month,No,Mailed check,35.48,353.17,Yes
CUST-11019,Male,1,Yes,No,23,No,DSL,No,Yes,Two year,No,Electronic check,54.12,1180.3,No
CUST-11020,Male,0,Yes,No,0,Yes,DSL,No,No,Month-to-month,Yes,Bank transfer (automatic),69.43,,No
CUST-11021,Male,0,No,No,3,Yes,No,No,No,One year,No,Electronic check,27.77,86.21,No
CUST-11022,Male,0,No,No,17,Yes,DSL,No,No internet service,Two year,Yes,Electronic check,58.59,997.98,No
CUST-11023,Female,0,Yes,Yes,40,Yes,DSL,No internet service,No,Month-to-month,Yes,Mailed check,65.02,2377.96,No
CUST-11024,Female,0,Yes,No,26,Yes,Fiber optic,Yes,No,Month-to-month,No,Electronic check,92.11,2160.59,Yes
CUST-11025,Female,0,Yes,No,14,No,No,Yes,No,One year,No,Credit card (automatic),20.36,273.93,No
CUST-11026,Male,0,Yes,No,27,No,Fiber optic,No internet service,Yes,Month-to-month,Yes,Electronic check,73.59,2000.44,Yes
CUST-11027,Female,0,Yes,Yes,63,Yes,No,No internet service,Yes,Two year,No,Credit card (automatic),30.44,1976.33,No
CUST-11028,Female,0,Yes,No,22,Yes,DSL,Yes,No internet service,Two year,Yes,Mailed check,53.56,1102.52,No
CUST-11029,Male,0,Yes,No,48,Yes,DSL,No internet service,Yes,Month-to-month,Yes,Credit card (automatic),32.15,1618.82,No
CUST-11030,Male,0,Yes,No,10,Yes,No,No,Yes,Month-to-month,No,Electronic check,26.54,267.61,Yes
CUST-11031,Male,0,No,No,13,Yes,Fiber optic,No,No internet service,Month-to-month,Yes,Mailed check,87.44,1115.81,No
CUST-11032,Female,0,No,No,25,Yes,No,Yes,No,Two year,No,Electronic check,48.7,1253.57,No
CUST-11033,Male,1,Yes,No,2,Yes,Fiber optic,Yes,Yes,One year,No,Credit card (automatic),79.73,144.3,Yes
CUST-11034,Female,0,No,No,68,No,DSL,No,Yes,One year,Yes,Credit card (automatic),61.49,4137.79,No
CUST-11035,Female,0,No,No,1,No,No,Yes,No,Two year,No,Electronic check,24.06,22.01,No
CUST-11036,Male,1,Yes,No,38,Yes,DSL,No internet service,Yes,One year,No,Bank transfer (automatic),55.39,2049.72,No
CUST-11037,Female,0,No,Yes,45,Yes,DSL,Yes,No internet service,One year,No,Credit card (automatic),39.98,1878.75,No
CUST-11038,Female,0,Yes,Yes,19,No,DSL,No,No internet service,Month-to-month,No,Mailed check,52.42,970.67,No
CUST-11039,Female,0,No,No,2,Yes,DSL,No,No,Month-to-month,No,Credit card (automatic),66.79,139.25,No
CUST-11040,Male,1,Yes,Yes,43,Yes,Fiber optic,No,No,Month-to-month,Yes,Electronic check,117.2,5215.67,Yes
CUST-11041,Male,0,No,No,19,Yes,DSL,No internet service,No,Month-to-month,Yes,Mailed check,72.48,1356.26,No
CUST-11042,Male,0,Yes,No,35,Yes,No,No internet service,Yes,Month-to-month,Yes,Bank transfer (automatic),35.54,1176.22,No
CUST-11043,Male,0,Yes,No,39,Yes,No,No,Yes,Two year,Yes,Electronic check,21.44,785.28,No
CUST-11044,Male,0,No,No,52,No,Fiber optic,No,No internet service,One year,Yes,Electronic check,69.45,3478.87,No
CUST-11045,Female,0,Yes,No,3,Yes,No,No,No,Month-to-month,Yes,Electronic check,23.09,67.98,No
CUST-11046,Female,0,No,Yes,32,No,Fiber optic,No,No,Month-to-month,Yes,Bank transfer (automatic),84.37,2592.11,Yes
CUST-11047,Male,0,Yes,No,27,Yes,Fiber optic,Yes,Yes,Month-to-month,No,Mailed check,85.69,2310.6,No
CUST-11048,Female,0,Yes,Yes,72,Yes,No,No,No,Month-to-month,Yes,Electronic check,24.38,1662.98,Yes
CUST-11049,Male,0,Yes,No,3,Yes,No,No internet service,No,Month-to-month,Yes,Credit card (automatic),19.25,57.01,No
CUST-11050,Female,0,Yes,No,46,Yes,Fiber optic,No internet service,No internet service,Two year,No,Electronic check,57.52,2580.74,No
CUST-11051,Male,0,No,No,8,Yes,DSL,No internet service,Yes,One year,No,Bank transfer (automatic),69.95,538.61,No
CUST-11052,Female,0,Yes,Yes,2,Yes,Fiber optic,No,No internet service,Month-to-month,Yes,Electronic check,96.04,190.18,No
CUST-11053,Male,0,No,Yes,72,Yes,DSL,No internet service,No,Two year,Yes,Mailed check,70.47,4977.34,No
CUST-11054,Female,0,Yes,No,72,Yes,DSL,Yes,No,Month-to-month,Yes,Electronic check,74.79,5308.53,No
CUST-11055,Female,0,Yes,No,12,Yes,No,No,No,One year,No,Mailed check,18.0,206.63,No
CUST-11056,Female,1,No,No,25,Yes,DSL,No,Yes,One year,No,Credit card (automatic),76.55,1951.56,No
CUST-11057,Male,0,No,No,6,Yes,Fiber optic,No,Yes,One year,Yes,Electronic check,81.55,469.75,No
CUST-11058,Male,0,No,No,23,Yes,Fiber optic,No,No,One year,Yes,Bank transfer (automatic),87.2,1998.66,Yes
CUST-11059,Male,0,No,No,18,Yes,Fiber optic,No internet service,Yes,Month-to-month,Yes,Bank transfer (automatic),96.71,1619.59,Yes
CUST-11060,Female,0,No,Yes,24,Yes,No,No,No,Two year,Yes,Electronic check,34.05,789.7,No
CUST-11061,Female,0,Yes,No,1,Yes,DSL,No,No,Month-to-month,Yes,Electronic check,45.88,45.17,No
CUST-11062,Female,0,Yes,No,4,Yes,DSL,Yes,Yes,Month-to-month,Yes,Mailed check,69.47,279.74,No
CUST-11063,Female,0,Yes,Yes,16,No,DSL,No,No internet service,Month-to-month,Yes,Credit card (automatic),45.99,743.1,No
CUST-11064,Male,0,No,No,42,Yes,DSL,No internet service,No,Two year,No,Mailed check,36.94,1459.75,No
CUST-11065,Female,0,Yes,No,60,Yes,No,Yes,No internet service,Month-to-month,No,Mailed check,18.0,1124.39,Yes
CUST-11066,Male,1,No,No,40,Yes,Fiber optic,No,No internet service,Month-to-month,Yes,Mailed check,96.5,3910.72,Yes
CUST-11067,Male,0,Yes,No,13,Yes,Fiber optic,No internet service,No,Two year,Yes,Bank transfer (automatic),54.66,648.29,No
CUST-11068,Female,0,No,No,21,Yes,Fiber optic,No,No,Month-to-month,Yes,Electronic check,97.18,1999.96,Yes
CUST-11069,Male,0,Yes,No,8,Yes,DSL,Yes,No,One year,Yes,Bank transfer (automatic),61.16,498.65,No
CUST-11070,Female,1,Yes,No,65,Yes,No,No,No,One year,Yes,Credit card (automatic),21.7,1272.31,No
CUST-11071,Male,0,No,Yes,26,Yes,No,No,Yes,Month-to-month,Yes,Mailed check,18.0,483.47,No
CUST-11072,Female,1,No,Yes,15,Yes,No,No,No,Month-to-month,No,Bank transfer (automatic),19.23,281.1,No
CUST-11073,Male,0,Yes,Yes,6,Yes,DSL,Yes,Yes,Month-to-month,Yes,Electronic check,62.69,366.53,No
CUST-11074,Male,0,Yes,Yes,65,Yes,No,No,Yes,One year,No,Electronic check,37.49,2498.88,No
CUST-11075,Female,0,No,Yes,2,Yes,No,Yes,No,Two year,No,Mailed check,27.27,52.58,No
CUST-11076,Male,0,No,No,5,Yes,DSL,No internet service,Yes,Month-to-month,Yes,Mailed check,41.34,202.19,No
CUST-11077,Female,0,Yes,Yes,10,Yes,Fiber optic,No,No,One year,Yes,Bank transfer (automatic),86.18,857.87,No
CUST-11078,Male,0,Yes,No,61,Yes,Fiber optic,No internet service,No,Month-to-month,Yes,Credit card (automatic),85.47,4762.24,Yes
CUST-11079,Female,1,No,No,3,Yes,No,No internet service,Yes,Month-to-month,Yes,Bank transfer (automatic),27.54,85.84,No
CUST-11080,Female,0,Yes,No,14,Yes,Fiber optic,No,Yes,Two year,Yes,Electronic check,73.26,967.3,No
CUST-11081,Female,0,Yes,No,2,Yes,Fiber optic,No internet service,Yes,One year,Yes,Bank transfer (automatic),74.68,135.07,Yes
CUST-11082,Female,0,No,No,20,Yes,No,No,No,Month-to-month,No,Bank transfer (automatic),18.0,324.74,No
CUST-11083,Male,0,No,No,39,Yes,Fiber optic,No,Yes,Two year,Yes,Bank transfer (automatic),74.69,2709.6,No
CUST-11084,Male,0,No,No,11,Yes,No,Yes,No,Month-to-month,Yes,Electronic check,20.19,226.35,Yes
CUST-11085,Female,1,Yes,No,3,Yes,DSL,No,No,Month-to-month,No,Credit card (automatic),70.64,193.77,Yes
CUST-11086,Male,0,Yes,Yes,22,Yes,DSL,Yes,No,One year,Yes,Electronic check,48.52,961.57,No
CUST-11087,Male,0,No,Yes,24,Yes,DSL,No,No,Two year,No,Electronic check,76.41,1870.78,No
CUST-11088,Female,1,Yes,No,11,Yes,DSL,No,No,Month-to-month,Yes,Mailed check,50.09,541.41,No
CUST-11089,Female,0,No,No,9,Yes,Fiber optic,No internet service,Yes,Two year,Yes,Credit card (automatic),106.72,984.05,No
CUST-11090,Female,0,No,No,12,Yes,No,No internet service,Yes,Month-to-month,No,Mailed check,20.81,243.56,Yes
CUST-11091,Female,0,No,Yes,24,Yes,No,No internet service,No internet service,Month-to-month,Yes,Credit card (automatic),27.54,596.33,No
CUST-11092,Female,0,Yes,No,3,Yes,DSL,No,No,Month-to-month,Yes,Electronic check,48.59,143.0,No
CUST-11093,Male,0,Yes,No,22,Yes,Fiber optic,Yes,No internet service,Two year,Yes,Electronic check,91.87,2112.35,No
CUST-11094,Male,0,Yes,No,10,Yes,DSL,No,No,Month-to-month,Yes,Mailed check,56.97,565.17,Yes
CUST-11095,Male,0,Yes,Yes,19,Yes,No,No,Yes,Month-to-month,Yes,Electronic check,24.07,443.65,No
CUST-11096,Male,0,Yes,No,64,Yes,DSL,No,No,Two year,No,Electronic check,42.25,2487.14,Yes
CUST-11097,Male,1,Yes,No,18,Yes,No,No internet service,Yes,Two year,Yes,Credit card (automatic),21.49,356.07,No
CUST-11098,Female,0,No,No,15,Yes,DSL,No,No,Two year,No,Bank transfer (automatic),39.05,535.07,No
CUST-11099,Female,0,No,No,12,Yes,No,Yes,No internet service,Month-to-month,Yes,Mailed check,26.07,325.38,No
CUST-11100,Female,1,No,Yes,72,Yes,Fiber optic,No,No,Two year,No,Credit card (automatic),108.46,7732.43,No
CUST-11101,Male,1,Yes,Yes,11,Yes,DSL,Yes,No internet service,Month-to-month,No,Electronic check,58.81,622.99,No
CUST-11102,Male,0,No,No,1,No,DSL,No internet service,No,Month-to-month,No,Mailed check,64.76,62.25,Yes
CUST-11103,Male,0,No,No,3,Yes,Fiber optic,Yes,No internet service,Month-to-month,Yes,Bank transfer (automatic),96.51,291.3,Yes
CUST-11104,Female,0,Yes,No,5,Yes,DSL,Yes,No,Month-to-month,Yes,Bank transfer (automatic),71.61,329.83,Yes
CUST-11105,Female,0,No,No,0,Yes,Fiber optic,No internet service,Yes,Two year,Yes,Credit card (automatic),89.39,,No
CUST-11106,Male,1,Yes,No,16,Yes,Fiber optic,No internet service,No,One year,Yes,Bank transfer (automatic),106.69,1775.0,No
CUST-11107,Female,0,Yes,No,17,Yes,No,Yes,No,Two year,Yes,Bank transfer (automatic),37.11,601.89,Yes
CUST-11108,Male,0,Yes,Yes,38,Yes,No,No,No,Two year,No,Electronic check,28.68,1033.37,No
CUST-11109,Female,0,No,No,4,No,Fiber optic,No,Yes,Two year,Yes,Mailed check,82.94,308.53,Yes
CUST-11110,Female,0,No,No,30,Yes,Fiber optic,Yes,No,Two year,No,Mailed check,97.17,2781.7,No
CUST-11111,Female,0,No,Yes,17,Yes,No,No,Yes,Month-to-month,Yes,Electronic check,21.34,363.7,No
CUST-11112,Female,0,Yes,Yes,54,Yes,Fiber optic,No,No,Month-to-month,Yes,Credit card (automatic),106.93,5638.12,No
CUST-11113,Male,0,No,Yes,23,Yes,DSL,No internet service,No,Month-to-month,No,Bank transfer (automatic),48.52,1169.13,Yes
CUST-11114,Male,1,Yes,Yes,23,Yes,Fiber optic,No,No,Two year,Yes,Credit card (automatic),64.28,1486.6,No
CUST-11115,Male,0,Yes,Yes,53,Yes,No,No,Yes,Month-to-month,Yes,Electronic check,30.17,1559.89,No
CUST-11116,Male,0,No,Yes,72,Yes,Fiber optic,Yes,Yes,One year,Yes,Electronic check,96.25,6776.77,No
CUST-11117,Female,0,No,No,19,Yes,Fiber optic,No internet service,Yes,Month-to-month,Yes,Mailed check,74.56,1332.47,No
CUST-11118,Female,0,Yes,No,6,Yes,Fiber optic,No,No,One year,Yes,Credit card (automatic),89.65,562.18,Yes
CUST-11119,Female,1,Yes,No,15,Yes,No,Yes,No,Month-to-month,No,Credit card (automatic),26.21,398.79,Yes
CUST-11120,Female,0,Yes,No,12,No,Fiber optic,Yes,No,Month-to-month,No,Bank transfer (automatic),87.53,1043.87,Yes
CUST-11121,Male,0,No,Yes,18,Yes,Fiber optic,Yes,No,Two year,Yes,Mailed check,74.73,1351.48,No
CUST-11122,Male,0,No,No,43,Yes,Fiber optic,No,Yes,Two year,Yes,Credit card (automatic),85.0,3391.63,No
CUST-11123,Female,1,No,No,20,Yes,Fiber optic,No,No,Month-to-month,No,Electronic check,77.17,1409.74,Yes
CUST-11124,Female,0,No,Yes,11,Yes,DSL,No,Yes,One year,Yes,Mailed check,43.36,452.96,No
CUST-11125,Male,0,No,No,3,Yes,Fiber optic,No,No internet service,Two year,Yes,Electronic check,97.7,283.32,No
CUST-11126,Female,0,Yes,No,10,Yes,DSL,Yes,No internet service,Month-to-month,No,Electronic check,57.93,555.73,Yes
CUST-11127,Male,0,No,Yes,36,Yes,DSL,No internet service,No internet service,Month-to-month,Yes,Bank transfer (automatic),68.81,2571.48,No
CUST-11128,Female,1,Yes,No,61,Yes,DSL,Yes,No,Month-to-month,Yes,Electronic check,37.19,2330.74,No
CUST-11129,Male,0,Yes,No,39,No,DSL,No,No,Month-to-month,Yes,Electronic check,62.61,2253.26,No
CUST-11130,Female,1,Yes,No,63,No,Fiber optic,Yes,Yes,Two year,Yes,Mailed check,97.6,6269.21,No
CUST-11131,Male,0,No,Yes,4,Yes,Fiber optic,Yes,Yes,Two year,No,Bank transfer (automatic),87.76,334.2,No
CUST-11132,Female,1,Yes,Yes,53,Yes,DSL,No,No internet service,Two year,No,Electronic check,87.87,4621.72,No
CUST-11133,Male,0,No,Yes,54,Yes,No,No,No,Month-to-month,No,Electronic check,22.88,1217.15,No
CUST-11134,Male,0,No,No,44,Yes,No,Yes,Yes,Month-to-month,Yes,Credit card (automatic),19.59,826.05,No
CUST-11135,Male,0,Yes,No,48,Yes,Fiber optic,Yes,No,Month-to-month,No,Bank transfer (automatic),85.49,3882.89,No
CUST-11136,Male,0,Yes,No,13,Yes,Fiber optic,No,No,Two year,No,Electronic check,94.83,1180.97,Yes
CUST-11137,Female,1,No,No,1,No,DSL,No,No internet service,Two year,Yes,Electronic check,57.01,58.56,No
CUST-11138,Male,0,No,No,3,Yes,Fiber optic,No,No,Two year,Yes,Mailed check,91.2,246.97,Yes
CUST-11139,Male,0,No,No,2,Yes,DSL,No,Yes,Month-to-month,Yes,Bank transfer (automatic),60.68,109.32,No
CUST-11140,Female,0,Yes,Yes,7,Yes,Fiber optic,Yes,Yes,Month-to-month,No,Electronic check,96.14,672.82,No
CUST-11141,Female,1,No,No,19,Yes,Fiber optic,No internet service,No internet service,Month-to-month,No,Electronic check,120.0,2362.57,Yes
CUST-11142,Female,0,No,No,72,Yes,No,No,Yes,Month-to-month,Yes,Electronic check,24.32,1615.58,No
CUST-11143,Male,0,Yes,Yes,15,Yes,Fiber optic,No,No,Month-to-month,Yes,Electronic check,97.13,1453.31,No
CUST-11144,Female,0,Yes,Yes,44,Yes,Fiber optic,No internet service,No internet service,One year,No,Electronic check,79.06,3476.98,Yes
CUST-11145,Female,0,No,No,3,Yes,Fiber optic,No,No,Month-to-month,Yes,Electronic check,102.16,286.72,No
CUST-11146,Female,0,No,Yes,20,Yes,Fiber optic,No internet service,No,Month-to-month,No,Bank transfer (automatic),83.36,1699.3,No
CUST-11147,Female,0,No,No,67,No,DSL,No,Yes,One year,Yes,Credit card (automatic),65.71,4448.46,No
CUST-11148,Female,0,No,No,10,Yes,Fiber optic,No internet service,No internet service,Month-to-month,Yes,Electronic check,75.46,733.96,Yes
CUST-11149,Male,0,Yes,No,72,Yes,Fiber optic,Yes,No,Month-to-month,No,Bank transfer (automatic),76.85,5158.24,Yes
CUST-11150,Female,0,No,No,10,Yes,DSL,No,No,Month-to-month,Yes,Credit card (automatic),52.2,535.46,Yes
CUST-11151,Male,0,No,No,60,Yes,Fiber optic,No,Yes,Month-to-month,Yes,Electronic check,117.42,7267.05,No
CUST-11152,Male,0,Yes,Yes,10,Yes,Fiber optic,No internet service,No internet service,Two year,No,Credit card (automatic),84.3,776.06,No
CUST-11153,Male,0,Yes,No,72,Yes,Fiber optic,Yes,Yes,Month-to-month,Yes,Credit card (automatic),88.46,6302.11,Yes
CUST-11154,Female,0,No,Yes,0,Yes,Fiber optic,No internet service,Yes,One year,Yes,Electronic check,72.26,,No
CUST-11155,Female,0,No,No,14,Yes,No,No,No,One year,No,Bank transfer (automatic),18.0,262.5,No
CUST-11156,Female,0,Yes,Yes,14,Yes,DSL,No internet service,No,Month-to-month,No,Mailed check,52.88,731.48,Yes
CUST-11157,Male,0,Yes,Yes,18,No,No,Yes,No,Two year,Yes,Electronic check,29.55,536.02,No
CUST-11158,Female,0,Yes,No,15,Yes,Fiber optic,Yes,Yes,Two year,Yes,Credit card (automatic),99.22,1388.94,No
CUST-11159,Male,0,Yes,No,72,Yes,Fiber optic,No internet service,No internet service,Two year,No,Electronic check,83.44,5656.94,No
CUST-11160,Male,0,Yes,No,0,Yes,DSL,No internet service,No,Month-to-month,Yes,Bank transfer (automatic),81.57,,No
CUST-11161,Female,0,No,No,9,Yes,No,No,Yes,Two year,Yes,Bank transfer (automatic),24.44,226.86,No
CUST-11162,Female,0,Yes,No,6,Yes,Fiber optic,No,No,Month-to-month,No,Electronic check,59.21,350.04,No
CUST-11163,Female,1,No,No,16,Yes,DSL,No,Yes,Month-to-month,Yes,Electronic check,58.8,919.54,Yes
CUST-11164,Male,0,Yes,No,2,Yes,Fiber optic,Yes,No,One year,No,Credit card (automatic),62.57,114.48,No
CUST-11165,Male,0,No,Yes,21,Yes,Fiber optic,No,Yes,One year,Yes,Electronic check,52.35,1068.29,No
CUST-11166,Male,0,Yes,No,5,No,No,Yes,No,Month-to-month,Yes,Electronic check,23.48,121.49,Yes
CUST-11167,Female,0,Yes,Yes,37,Yes,No,No,No internet service,Month-to-month,Yes,Mailed check,35.74,1215.98,No
CUST-11168,Female,0,No,Yes,1,Yes,DSL,Yes,No,One year,No,Mailed check,76.84,69.48,Yes
CUST-11169,Female,0,No,No,15,No,DSL,No,No internet service,One year,Yes,Electronic check,49.46,718.74,No
CUST-11170,Female,0,Yes,No,60,Yes,Fiber optic,Yes,No,Two year,No,Electronic check,75.81,4674.81,No
CUST-11171,Female,0,No,No,1,Yes,No,No,No internet service,Month-to-month,No,Bank transfer (automatic),29.49,28.26,No
CUST-11172,Male,0,No,No,48,Yes,Fiber optic,No,Yes,One year,No,Mailed check,89.82,4149.12,No
CUST-11173,Female,0,Yes,No,14,Yes,Fiber optic,No,No,Month-to-month,No,Mailed check,98.26,1420.6,Yes
CUST-11174,Female,1,No,No,1,Yes,DSL,No,No,Two year,Yes,Electronic check,51.91,50.2,No
CUST-11175,Female,0,No,No,7,Yes,Fiber optic,No,Yes,Month-to-month,Yes,Credit card (automatic),100.35,727.39,Yes
CUST-11176,Male,0,No,No,60,Yes,DSL,No internet service,No,Month-to-month,No,Credit card (automatic),62.25,3888.38,No
CUST-11177,Male,0,Yes,Yes,48,Yes,Fiber optic,No,No internet service,Month-to-month,Yes,Bank transfer (automatic),80.12,3741.23,No
CUST-11178,Female,0,Yes,No,0,Yes,Fiber optic,No,No,Month-to-month,Yes,Electronic check,75.59,,Yes
CUST-11179,Female,0,No,Yes,64,Yes,No,Yes,Yes,One year,No,Electronic check,18.0,1137.11,No
CUST-11180,Female,0,No,No,1,Yes,DSL,No internet service,No,One year,Yes,Bank transfer (automatic),54.8,49.7,Yes
CUST-11181,Female,1,No,Yes,15,Yes,Fiber optic,No,No,Two year,No,Electronic check,100.11,1560.39,Yes
CUST-11182,Male,0,No,No,2,Yes,DSL,Yes,No internet service,Month-to-month,No,Electronic check,58.69,117.27,No
CUST-11183,Female,0,No,Yes,49,No,DSL,No,Yes,One year,No,Bank transfer (automatic),74.97,3366.76,No
CUST-11184,Female,0,Yes,No,28,Yes,DSL,No,Yes,Month-to-month,Yes,Mailed check,60.42,1650.27,No
CUST-11185,Female,0,Yes,No,18,Yes,DSL,No internet service,Yes,One year,Yes,Mailed check,48.49,904.7,No
CUST-11186,Male,0,No,No,32,Yes,Fiber optic,No,No,One year,Yes,Bank transfer (automatic),97.7,2960.35,No
CUST-11187,Male,0,No,No,41,Yes,DSL,No,Yes,Month-to-month,No,Mailed check,51.92,2025.2,No
CUST-11188,Female,0,No,No,46,Yes,DSL,No,Yes,Month-to-month,Yes,Electronic check,43.47,1954.66,No
CUST-11189,Female,1,No,No,11,Yes,Fiber optic,No internet service,No,Month-to-month,No,Electronic check,84.67,942.12,Yes
CUST-11190,Female,0,Yes,Yes,29,Yes,No,Yes,Yes,Month-to-month,No,Mailed check,28.09,803.42,No
CUST-11191,Male,0,Yes,No,13,No,DSL,No internet service,No,Month-to-month,No,Mailed check,52.54,638.04,No
CUST-11192,Female,0,Yes,No,5,Yes,Fiber optic,No,No,Month-to-month,Yes,Credit card (automatic),71.06,366.01,Yes
CUST-11193,Female,0,No,Yes,10,Yes,DSL,No,Yes,Two year,No,Electronic check,73.45,687.46,No
CUST-11194,Female,0,Yes,No,9,Yes,No,No internet service,No internet service,Month-to-month,No,Credit card (automatic),21.47,194.29,No
CUST-11195,Female,0,Yes,No,19,Yes,Fiber optic,Yes,No,Two year,No,Credit card (automatic),90.19,1598.47,No
CUST-11196,Female,0,Yes,No,9,Yes,Fiber optic,No internet service,Yes,Month-to-month,No,Electronic check,93.45,841.81,Yes
CUST-11197,Female,0,No,Yes,15,Yes,Fiber optic,No,No internet service,Month-to-month,Yes,Mailed check,96.63,1404.8,No
CUST-11198,Female,1,No,Yes,2,Yes,Fiber optic,No internet service,No,Month-to-month,Yes,Bank transfer (automatic),91.38,186.83,No
CUST-11199,Male,0,Yes,No,10,Yes,DSL,No internet service,No,One year,No,Mailed check,64.74,657.83,Yes
CUST-11200,Male,0,No,No,30,Yes,Fiber optic,No,No,One year,No,Electronic check,80.85,2249.42,No
CUST-11201,Male,0,No,No,2,Yes,Fiber optic,No,Yes,Month-to-month,Yes,Credit card (automatic),107.78,216.23,No
CUST-11202,Female,0,Yes,No,17,Yes,Fiber optic,No,No internet service,Two year,No,Mailed check,97.68,1586.91,No
CUST-11203,Male,0,Yes,No,2,Yes,DSL,Yes,No internet service,Two year,Yes,Credit card (automatic),81.06,152.23,No
CUST-11204,Female,0,Yes,No,27,Yes,DSL,No internet service,Yes,Two year,Yes,Bank transfer (automatic),68.04,1893.62,No
CUST-11205,Female,0,Yes,Yes,72,No,Fiber optic,Yes,No,One year,Yes,Electronic check,85.96,5744.86,No
CUST-11206,Female,1,No,No,6,Yes,No,No,No,Month-to-month,Yes,Electronic check,23.77,128.38,Yes
CUST-11207,Male,0,Yes,No,42,Yes,Fiber optic,No,No,Two year,No,Mailed check,93.58,3581.5,Yes
CUST-11208,Male,0,No,Yes,13,Yes,Fiber optic,No,Yes,Month-to-month,Yes,Mailed check,113.84,1413.58,No
CUST-11209,Male,0,No,No,14,Yes,DSL,Yes,No,One year,Yes,Electronic check,38.63,547.51,No
CUST-11210,Male,0,Yes,No,6,Yes,DSL,No,Yes,Two year,Yes,Bank transfer (automatic),85.07,530.74,No
CUST-11211,Male,0,Yes,No,4,Yes,DSL,No,Yes,Month-to-month,No,Electronic check,55.55,220.82,No
CUST-11212,Female,0,No,Yes,2,Yes,DSL,Yes,No,Month-to-month,Yes,Bank transfer (automatic),54.86,110.5,Yes
CUST-11213,Female,0,Yes,No,28,Yes,Fiber optic,Yes,No internet service,Month-to-month,Yes,Credit card (automatic),85.4,2206.7,Yes
CUST-11214,Female,0,Yes,No,13,Yes,Fiber optic,Yes,No,Month-to-month,Yes,Electronic check,97.07,1183.55,Yes
CUST-11215,Female,0,No,Yes,14,Yes,DSL,No,Yes,Month-to-month,No,Electronic check,52.95,762.61,Yes
CUST-11216,Male,0,Yes,No,12,Yes,DSL,No,No,Month-to-month,No,Mailed check,39.75,437.41,No
CUST-11217,Male,0,No,No,15,Yes,No,No,No internet service,Two year,Yes,Electronic check,22.12,340.99,No
CUST-11218,Male,0,No,Yes,9,Yes,Fiber optic,No,Yes,One year,Yes,Electronic check,81.32,664.67,No
CUST-11219,Male,1,Yes,No,31,Yes,No,Yes,No internet service,Two year,Yes,Mailed check,21.94,686.71,No
CUST-11220,Female,0,No,No,40,Yes,DSL,Yes,No internet service,Two year,Yes,Mailed check,75.43,3070.5,No
CUST-11221,Female,0,No,No,4,Yes,Fiber optic,No internet service,No,Month-to-month,Yes,Mailed check,67.37,278.23,No
CUST-11222,Male,0,No,No,72,Yes,Fiber optic,No,Yes,Month-to-month,Yes,Mailed check,82.2,5656.43,Yes
CUST-11223,Male,0,Yes,No,72,Yes,Fiber optic,No,Yes,Month-to-month,Yes,Electronic check,66.12,4790.49,No
CUST-11224,Male,0,No,No,13,Yes,Fiber optic,No internet service,No,Month-to-month,No,Electronic check,81.33,1108.2,Yes
CUST-11225,Male,0,Yes,No,25,Yes,Fiber optic,Yes,Yes,One year,No,Bank transfer (automatic),61.87,1599.87,No
CUST-11226,Male,0,No,No,2,Yes,Fiber optic,Yes,No internet service,Month-to-month,No,Bank transfer (automatic),89.35,186.11,Yes
CUST-11227,Male,0,No,No,25,Yes,No,No,No,Month-to-month,Yes,Electronic check,33.94,853.26,No
CUST-11228,Male,0,Yes,No,50,Yes,DSL,No,No internet service,Month-to-month,Yes,Mailed check,63.92,2916.73,Yes
CUST-11229,Female,0,No,Yes,13,No,DSL,Yes,No,Month-to-month,Yes,Electronic check,47.4,572.88,No
CUST-11230,Male,0,No,Yes,9,Yes,Fiber optic,No,Yes,Month-to-month,Yes,Electronic check,60.53,566.95,No
CUST-11231,Female,0,No,No,4,Yes,DSL,No,Yes,Month-to-month,No,Mailed check,54.09,195.79,No
CUST-11232,Female,0,No,No,21,Yes,Fiber optic,No internet service,No,Two year,Yes,Electronic check,74.59,1476.95,No
CUST-11233,Male,0,Yes,No,34,No,No,No internet service,No,Two year,Yes,Bank transfer (automatic),18.0,593.98,No
CUST-11234,Male,0,Yes,No,14,Yes,Fiber optic,No internet service,No internet service,Two year,Yes,Mailed check,79.23,1054.08,No
CUST-11235,Male,0,No,No,1,Yes,Fiber optic,No internet service,No internet service,Month-to-month,No,Bank transfer (automatic),79.85,73.41,Yes
CUST-11236,Female,0,No,Yes,0,Yes,Fiber optic,Yes,No,Month-to-month,Yes,Bank transfer (automatic),95.22,,Yes
CUST-11237,Female,0,Yes,No,6,Yes,DSL,No,Yes,Month-to-month,Yes,Electronic check,63.62,387.92,Yes
CUST-11238,Female,0,Yes,Yes,2,Yes,No,No,Yes,Month-to-month,Yes,Bank transfer (automatic),18.0,33.92,No
CUST-11239,Female,0,Yes,No,0,Yes,Fiber optic,No internet service,No,Two year,Yes,Mailed check,63.17,,No
CUST-11240,Male,0,No,Yes,15,Yes,Fiber optic,Yes,Yes,Month-to-month,No,Credit card (automatic),66.71,1036.38,No
CUST-11241,Male,0,Yes,Yes,6,Yes,Fiber optic,No,No,One year,Yes,Electronic check,69.96,438.06,Yes
CUST-11242,Female,0,No,No,19,No,No,No,Yes,Month-to-month,Yes,Bank transfer (automatic),30.68,570.38,No
CUST-11243,Female,0,No,No,9,No,Fiber optic,Yes,No,Month-to-month,No,Electronic check,98.12,818.12,Yes
CUST-11244,Male,0,Yes,Yes,14,Yes,Fiber optic,Yes,Yes,Month-to-month,Yes,Electronic check,89.18,1144.23,Yes
CUST-11245,Male,0,Yes,No,30,Yes,No,Yes,No,Month-to-month,No,Mailed check,34.82,1079.45,No
CUST-11246,Male,1,No,No,40,No,DSL,Yes,Yes,Month-to-month,Yes,Credit card (automatic),37.82,1410.83,No
CUST-11247,Male,0,Yes,No,59,Yes,Fiber optic,Yes,No internet service,One year,No,Electronic check,68.22,3752.41,No
CUST-11248,Male,0,No,No,55,Yes,No,No,Yes,Month-to-month,No,Credit card (automatic),42.13,2143.65,No
CUST-11249,Male,0,Yes,Yes,11,Yes,DSL,Yes,Yes,Two year,No,Mailed check,62.68,689.68,No
CUST-11250,Male,0,No,Yes,50,Yes,DSL,No internet service,Yes,One year,Yes,Credit card (automatic),63.57,3239.99,No
CUST-11251,Female,0,No,No,57,Yes,No,No,No internet service,Month-to-month,Yes,Mailed check,38.77,2046.61,Yes
CUST-11252,Female,0,No,Yes,11,Yes,Fiber optic,No internet service,No,Two year,No,Bank transfer (automatic),77.97,833.91,No
CUST-11253,Female,0,Yes,No,1,Yes,Fiber optic,No internet service,No,Two year,No,Credit card (automatic),115.74,104.17,No
CUST-11254,Female,0,No,No,7,Yes,No,Yes,No,Month-to-month,Yes,Bank transfer (automatic),18.0,131.07,No
CUST-11255,Female,0,Yes,No,18,Yes,Fiber optic,No,Yes,Month-to-month,Yes,Electronic check,91.51,1527.99,Yes
CUST-11256,Male,1,No,No,26,No,DSL,Yes,No internet service,Two year,No,Bank transfer (automatic),61.34,1516.1,No
CUST-11257,Male,0,Yes,No,4,Yes,Fiber optic,No internet service,Yes,Two year,Yes,Electronic check,62.93,234.84,No
CUST-11258,Female,1,No,No,47,Yes,No,Yes,Yes,Month-to-month,No,Mailed check,18.0,872.66,No
CUST-11259,Male,0,Yes,No,3,Yes,No,No,No,Month-to-month,No,Bank transfer (automatic),32.47,96.72,No
CUST-11260,Male,0,Yes,No,33,Yes,DSL,No internet service,No,One year,No,Bank transfer (automatic),56.46,1704.86,No
CUST-11261,Male,0,Yes,No,16,No,DSL,No,Yes,One year,Yes,Credit card (automatic),35.56,535.26,No
CUST-11262,Female,0,Yes,Yes,8,Yes,Fiber optic,No internet service,No internet service,Month-to-month,Yes,Electronic check,55.29,406.81,No
CUST-11263,Female,0,Yes,No,26,Yes,DSL,No,No internet service,Month-to-month,No,Electronic check,51.19,1323.51,No
CUST-11264,Female,0,Yes,No,13,Yes,No,No internet service,No,One year,Yes,Electronic check,24.35,322.27,No
CUST-11265,Female,0,No,No,25,Yes,DSL,No,No,Two year,Yes,Credit card (automatic),45.73,1055.59,No
CUST-11266,Male,0,Yes,Yes,43,Yes,Fiber optic,No,No,One year,No,Credit card (automatic),102.64,4517.31,No
CUST-11267,Male,0,Yes,Yes,20,Yes,No,No,No,Month-to-month,Yes,Electronic check,23.1,470.65,No
CUST-11268,Male,0,Yes,No,7,Yes,Fiber optic,No,Yes,Month-to-month,Yes,Bank transfer (automatic),102.43,651.17,Yes
CUST-11269,Female,0,Yes,No,2,Yes,DSL,Yes,No,Month-to-month,Yes,Bank transfer (automatic),46.73,88.41,No
CUST-11270,Female,1,Yes,No,7,Yes,Fiber optic,No internet service,No internet service,Month-to-month,Yes,Electronic check,74.25,479.21,No
CUST-11271,Female,0,No,No,17,Yes,Fiber optic,No,No,Month-to-month,No,Bank transfer (automatic),79.85,1303.34,Yes
CUST-11272,Female,0,Yes,Yes,31,Yes,DSL,No,No,Month-to-month,Yes,Bank transfer (automatic),69.14,2189.6,Yes
CUST-11273,Male,0,Yes,No,70,Yes,Fiber optic,No,Yes,Month-to-month,Yes,Electronic check,67.29,4860.27,Yes
CUST-11274,Female,0,Yes,No,19,Yes,DSL,No internet service,No,Month-to-month,Yes,Bank transfer (automatic),51.45,904.53,Yes
CUST-11275,Male,0,No,Yes,1,Yes,No,No,Yes,One year,Yes,Bank transfer (automatic),31.78,33.36,No
CUST-11276,Male,0,No,No,66,Yes,DSL,No,No,Month-to-month,Yes,Mailed check,69.83,4838.72,No
CUST-11277,Female,0,No,No,18,No,Fiber optic,Yes,No,Two year,No,Bank transfer (automatic),76.87,1368.74,No
CUST-11278,Female,0,No,No,47,Yes,Fiber optic,No,No,Month-to-month,Yes,Credit card (automatic),89.61,4255.26,Yes
CUST-11279,Male,0,No,Yes,2,Yes,No,No,No internet service,Month-to-month,Yes,Credit card (automatic),18.0,33.44,No
CUST-11280,Female,0,No,Yes,46,Yes,DSL,No,No,Month-to-month,Yes,Mailed check,52.72,2394.26,No
CUST-11281,Female,0,No,No,19,Yes,No,No,Yes,Two year,Yes,Mailed check,18.0,317.68,No
CUST-11282,Female,0,Yes,No,2,No,DSL,Yes,No internet service,One year,No,Bank transfer (automatic),78.61,157.06,No
CUST-11283,Male,0,No,No,5,Yes,Fiber optic,No,No,Month-to-month,No,Mailed check,93.51,484.19,No
CUST-11284,Male,0,Yes,No,17,No,DSL,No,No,Two year,No,Credit card (automatic),54.77,845.15,No
CUST-11285,Female,0,No,No,4,Yes,Fiber optic,No internet service,Yes,One year,No,Bank transfer (automatic),96.3,389.45,No
CUST-11286,Female,0,No,Yes,29,Yes,Fiber optic,No,No internet service,Month-to-month,Yes,Credit card (automatic),100.56,2851.01,Yes
CUST-11287,Female,0,Yes,No,13,Yes,DSL,No internet service,No internet service,One year,Yes,Electronic check,65.22,846.17,No
CUST-11288,Male,0,No,Yes,31,Yes,No,No internet service,No internet service,Two year,No,Mailed check,25.21,807.96,No
CUST-11289,Female,0,Yes,Yes,8,Yes,No,No,No internet service,One year,Yes,Bank transfer (automatic),18.0,146.74,No
CUST-11290,Female,0,No,No,17,Yes,DSL,No internet service,No,Month-to-month,No,Mailed check,63.82,1109.77,Yes
CUST-11291,Male,0,No,No,31,Yes,Fiber optic,No internet service,Yes,Month-to-month,No,Electronic check,79.57,2287.03,Yes
CUST-11292,Female,0,Yes,Yes,30,Yes,DSL,Yes,Yes,Month-to-month,No,Electronic check,64.13,1947.0,No
CUST-11293,Female,0,Yes,Yes,11,Yes,Fiber optic,No,Yes,Month-to-month,No,Credit card (automatic),73.92,784.92,No
CUST-11294,Male,0,Yes,No,36,Yes,DSL,No,No,Month-to-month,No,Mailed check,60.15,2036.4,Yes
CUST-11295,Male,1,Yes,No,11,Yes,DSL,No internet service,Yes,Month-to-month,No,Electronic check,44.95,508.33,No
CUST-11296,Female,0,Yes,Yes,12,Yes,Fiber optic,No,No,One year,Yes,Bank transfer (automatic),103.49,1201.03,No
CUST-11297,Female,0,Yes,No,1,Yes,No,No,No,One year,Yes,Mailed check,29.29,26.36,No
CUST-11298,Female,1,No,No,31,Yes,DSL,Yes,No,Month-to-month,Yes,Electronic check,67.45,2018.02,No
CUST-11299,Male,1,Yes,No,72,Yes,Fiber optic,Yes,No,Month-to-month,No,Electronic check,67.47,4490.11,No
CUST-11300,Male,1,No,No,5,Yes,Fiber optic,No,No,One year,Yes,Credit card (automatic),70.94,324.16,Yes
CUST-11301,Female,0,Yes,No,13,Yes,Fiber optic,No,No,Two year,Yes,Mailed check,94.37,1107.39,No
CUST-11302,Male,0,Yes,No,30,Yes,DSL,No,Yes,Month-to-month,No,Electronic check,33.9,986.71,No
CUST-11303,Female,1,Yes,No,13,Yes,Fiber optic,No internet service,Yes,Month-to-month,No,Credit card (automatic),62.27,803.31,Yes
CUST-11304,Male,0,No,No,24,Yes,No,No,No,One year,Yes,Electronic check,18.0,420.3,Yes
CUST-11305,Female,0,Yes,No,9,No,Fiber optic,No,No internet service,Two year,Yes,Bank transfer (automatic),96.11,896.13,No
CUST-11306,Male,0,Yes,No,72,Yes,Fiber optic,No internet service,Yes,One year,No,Mailed check,84.94,6128.68,No
CUST-11307,Male,1,No,No,59,Yes,DSL,No,No,Month-to-month,Yes,Bank transfer (automatic),85.09,4753.55,No
CUST-11308,Female,0,Yes,Yes,29,Yes,DSL,No,Yes,Month-to-month,No,Electronic check,81.04,2118.88,Yes
CUST-11309,Female,0,No,Yes,39,Yes,No,No internet service,Yes,Two year,Yes,Bank transfer (automatic),31.32,1276.68,No
CUST-11310,Female,0,No,No,20,Yes,No,No internet service,No,Month-to-month,Yes,Credit card (automatic),31.8,595.25,No
CUST-11311,Female,0,No,No,18,Yes,Fiber optic,No,No,Two year,No,Electronic check,90.16,1519.47,Yes
CUST-11312,Male,0,No,No,19,Yes,Fiber optic,No,No,One year,No,Bank transfer (automatic),95.55,1751.83,Yes
CUST-11313,Female,0,No,Yes,46,Yes,No,No internet service,No internet service,Two year,No,Mailed check,26.85,1182.24,No
CUST-11314,Female,0,Yes,Yes,28,Yes,Fiber optic,Yes,No internet service,One year,No,Mailed check,86.05,2192.85,No
CUST-11315,Male,0,Yes,Yes,34,Yes,Fiber optic,No,No internet service,Month-to-month,Yes,Mailed check,104.85,3502.33,No
CUST-11316,Female,0,No,Yes,14,Yes,DSL,No,No,Month-to-month,Yes,Bank transfer (automatic),57.34,759.91,No
CUST-11317,Male,0,No,Yes,11,Yes,DSL,No internet service,Yes,One year,No,Bank transfer (automatic),65.33,662.25,No
CUST-11318,Female,0,Yes,No,29,Yes,Fiber optic,No internet service,Yes,One year,Yes,Bank transfer (automatic),80.9,2160.56,Yes
CUST-11319,Male,0,No,No,3,Yes,Fiber optic,No,No,Two year,Yes,Credit card (automatic),61.86,190.39,No
CUST-11320,Female,0,No,No,21,Yes,Fiber optic,No,No,Month-to-month,No,Bank transfer (automatic),99.23,1993.36,Yes
CUST-11321,Female,0,No,Yes,72,Yes,DSL,No,No internet service,One year,Yes,Mailed check,59.72,3946.27,No
CUST-11322,Female,0,Yes,No,72,No,No,No,Yes,Month-to-month,No,Mailed check,18.0,1332.0,No
CUST-11323,Male,0,No,No,21,Yes,DSL,Yes,Yes,Two year,Yes,Electronic check,73.1,1401.04,No
CUST-11324,Male,0,Yes,Yes,20,Yes,Fiber optic,Yes,No,Month-to-month,Yes,Electronic check,115.4,2205.12,Yes
CUST-11325,Female,0,Yes,No,0,Yes,Fiber optic,No internet service,No internet service,One year,No,Mailed check,86.33,,Yes
CUST-11326,Female,0,No,Yes,42,Yes,No,No,No,Two year,No,Bank transfer (automatic),18.0,727.68,No
CUST-11327,Male,1,Yes,Yes,42,Yes,No,No internet service,No,Month-to-month,Yes,Bank transfer (automatic),28.13,1185.33,No
CUST-11328,Female,0,Yes,Yes,2,No,Fiber optic,No,No internet service,Month-to-month,No,Electronic check,98.64,180.27,Yes
CUST-11329,Male,0,Yes,No,59,Yes,Fiber optic,No,No,Month-to-month,Yes,Bank transfer (automatic),47.7,2859.23,No
CUST-11330,Female,0,No,No,72,Yes,No,No internet service,No,Month-to-month,Yes,Bank transfer (automatic),18.0,1198.92,Yes
CUST-11331,Male,0,Yes,No,41,Yes,Fiber optic,No internet service,Yes,Month-to-month,No,Electronic check,72.89,2911.41,Yes
CUST-11332,Male,0,No,Yes,16,Yes,Fiber optic,No internet service,No,Month-to-month,Yes,Electronic check,88.64,1485.01,Yes
CUST-11333,Female,0,Yes,No,39,Yes,No,Yes,Yes,Month-to-month,Yes,Mailed check,37.65,1374.83,No
CUST-11334,Male,1,Yes,Yes,9,Yes,Fiber optic,No,No internet service,Month-to-month,No,Electronic check,90.52,784.75,Yes
CUST-11335,Male,0,No,No,11,Yes,Fiber optic,Yes,Yes,Month-to-month,Yes,Credit card (automatic),102.92,1042.13,No
CUST-11336,Female,0,Yes,Yes,71,Yes,Fiber optic,No,No,One year,No,Electronic check,89.51,6208.5,No
CUST-11337,Male,0,Yes,Yes,12,Yes,DSL,No,No,One year,Yes,Bank transfer (automatic),61.35,729.92,No
CUST-11338,Female,0,No,Yes,35,Yes,No,No,No,Month-to-month,No,Bank transfer (automatic),35.09,1272.17,Yes
CUST-11339,Female,0,No,No,0,Yes,Fiber optic,No,No internet service,One year,Yes,Electronic check,94.56,,No
CUST-11340,Male,0,No,No,1,Yes,Fiber optic,No,No,Month-to-month,No,Electronic check,102.73,105.72,Yes
CUST-11341,Male,0,Yes,No,9,Yes,DSL,Yes,Yes,Month-to-month,No,Electronic check,51.69,471.06,Yes
CUST-11342,Male,0,Yes,No,37,Yes,DSL,No internet service,No,Month-to-month,No,Mailed check,37.62,1362.4,Yes
CUST-11343,Female,0,Yes,No,4,Yes,DSL,No,Yes,Month-to-month,No,Electronic check,64.77,243.17,Yes
CUST-11344,Male,0,No,No,9,Yes,DSL,Yes,Yes,One year,Yes,Credit card (automatic),61.95,538.14,No
CUST-11345,Male,0,No,Yes,42,Yes,No,No internet service,No,Month-to-month,No,Bank transfer (automatic),18.0,710.95,No
CUST-11346,Female,0,Yes,No,5,Yes,DSL,No,No,One year,No,Electronic check,54.2,246.43,No
CUST-11347,Female,0,No,No,26,Yes,DSL,No internet service,Yes,Two year,Yes,Mailed check,54.17,1353.69,No
CUST-11348,Female,0,Yes,Yes,21,No,Fiber optic,No internet service,No,One year,Yes,Mailed check,86.31,1774.08,No
CUST-11349,Male,0,Yes,No,24,Yes,DSL,No,No,Month-to-month,Yes,Electronic check,58.05,1426.25,No
CUST-11350,Female,0,No,No,15,Yes,DSL,No,No,Two year,Yes,Bank transfer (automatic),48.1,685.72,No
CUST-11351,Male,0,Yes,Yes,45,Yes,DSL,No,No internet service,Two year,Yes,Credit card (automatic),53.82,2314.76,No
CUST-11352,Male,0,Yes,Yes,72,Yes,DSL,No,No,One year,No,Mailed check,58.59,4292.36,No
CUST-11353,Male,0,Yes,No,14,No,Fiber optic,Yes,No,Two year,Yes,Electronic check,106.47,1521.97,No
CUST-11354,Male,0,Yes,Yes,31,Yes,Fiber optic,No,No,Month-to-month,Yes,Credit card (automatic),62.34,1832.45,Yes
CUST-11355,Male,0,Yes,Yes,1,Yes,Fiber optic,No,No,One year,No,Electronic check,117.44,110.29,Yes
CUST-11356,Male,0,Yes,No,5,Yes,DSL,No internet service,Yes,Month-to-month,Yes,Bank transfer (automatic),56.63,289.6,No
CUST-11357,Male,0,Yes,No,8,Yes,DSL,No,No internet service,One year,Yes,Bank transfer (automatic),49.96,375.58,No
CUST-11358,Female,0,Yes,No,13,Yes,No,No internet service,No internet service,Two year,No,Electronic check,34.24,402.58,No
CUST-11359,Female,0,No,Yes,21,Yes,DSL,No internet service,Yes,Month-to-month,No,Electronic check,53.15,1067.38,No
CUST-11360,Male,0,No,No,19,No,Fiber optic,No,Yes,Month-to-month,No,Mailed check,89.28,1664.06,No
CUST-11361,Female,1,No,Yes,30,Yes,Fiber optic,No internet service,No internet service,One year,No,Mailed check,84.57,2433.26,No
CUST-11362,Male,0,Yes,Yes,15,Yes,DSL,Yes,No internet service,Month-to-month,No,Bank transfer (automatic),55.12,755.19,No
CUST-11363,Male,0,No,No,7,Yes,Fiber optic,No internet service,No,Month-to-month,No,Credit card (automatic),69.31,503.98,Yes
CUST-11364,Female,0,Yes,No,10,Yes,Fiber optic,No,No,Month-to-month,Yes,Bank transfer (automatic),75.68,742.55,Yes
CUST-11365,Male,0,No,No,24,Yes,DSL,No,No,Month-to-month,No,Electronic check,48.7,1158.94,Yes
CUST-11366,Male,0,No,No,6,Yes,DSL,No internet service,No internet service,Two year,Yes,Credit card (automatic),56.87,317.74,No
CUST-11367,Female,0,Yes,No,5,Yes,Fiber optic,Yes,Yes,Month-to-month,No,Bank transfer (automatic),81.81,379.82,No
CUST-11368,Female,0,No,Yes,47,Yes,No,Yes,No internet service,Two year,Yes,Electronic check,18.0,769.88,No
CUST-11369,Male,0,Yes,No,72,Yes,Fiber optic,No,No internet service,Month-to-month,Yes,Electronic check,96.24,7215.71,No
CUST-11370,Female,0,Yes,Yes,7,Yes,Fiber optic,No,No,Month-to-month,Yes,Credit card (automatic),107.68,702.36,Yes
CUST-11371,Female,0,Yes,No,52,Yes,Fiber optic,No internet service,No internet service,Month-to-month,Yes,Electronic check,85.04,4000.85,No
CUST-11372,Male,0,Yes,No,16,Yes,Fiber optic,No,Yes,One year,No,Electronic check,108.34,1640.14,No
CUST-11373,Male,0,Yes,Yes,3,Yes,Fiber optic,No internet service,No,Month-to-month,No,Credit card (automatic),87.13,263.42,Yes
CUST-11374,Male,0,Yes,Yes,66,Yes,Fiber optic,No,No internet service,One year,Yes,Mailed check,97.16,5835.47,No
CUST-11375,Female,0,Yes,No,57,Yes,Fiber optic,Yes,Yes,Two year,Yes,Mailed check,75.18,4204.27,No
CUST-11376,Female,0,Yes,No,21,Yes,No,No,Yes,Month-to-month,No,Electronic check,33.53,668.26,No
CUST-11377,Female,0,Yes,No,6,Yes,No,No,No,One year,Yes,Electronic check,27.67,162.58,No
CUST-11378,Male,1,No,Yes,1,Yes,No,No,No,Month-to-month,Yes,Bank transfer (automatic),20.0,18.57,No
CUST-11379,Male,0,Yes,Yes,36,Yes,DSL,No,No,Month-to-month,No,Electronic check,47.47,1704.97,Yes
CUST-11380,Male,0,No,No,9,Yes,Fiber optic,No,No,Two year,No,Bank transfer (automatic),69.91,573.17,No
CUST-11381,Male,0,Yes,No,20,Yes,DSL,No,No,Two year,No,Credit card (automatic),40.17,787.14,No
CUST-11382,Female,0,Yes,No,5,Yes,No,Yes,No,Month-to-month,No,Credit card (automatic),22.35,114.13,Yes
CUST-11383,Female,1,Yes,No,16,Yes,No,Yes,Yes,One year,Yes,Bank transfer (automatic),18.0,295.99,No
CUST-11384,Female,0,No,No,37,Yes,DSL,No,Yes,Month-to-month,No,Credit card (automatic),64.52,2236.26,No
CUST-11385,Male,0,No,No,6,Yes,Fiber optic,No internet service,No,Month-to-month,Yes,Credit card (automatic),96.71,565.17,Yes
CUST-11386,Male,0,Yes,No,8,Yes,Fiber optic,Yes,No internet service,Month-to-month,Yes,Bank transfer (automatic),61.13,443.54,No
CUST-11387,Male,1,Yes,Yes,7,Yes,No,Yes,No internet service,One year,No,Bank transfer (automatic),19.57,124.19,No
CUST-11388,Female,1,Yes,No,6,Yes,No,Yes,No,Month-to-month,Yes,Credit card (automatic),21.94,135.38,No
CUST-11389,Female,0,No,No,72,No,Fiber optic,No,No internet service,Month-to-month,Yes,Electronic check,120.0,8354.01,Yes
CUST-11390,Female,1,Yes,No,5,Yes,Fiber optic,No,Yes,Month-to-month,No,Electronic check,80.42,367.97,Yes
CUST-11391,Female,1,Yes,No,10,Yes,DSL,No,Yes,Month-to-month,Yes,Mailed check,79.78,748.92,No
CUST-11392,Female,0,No,No,13,Yes,Fiber optic,No,No,Month-to-month,Yes,Electronic check,83.7,1037.71,Yes
CUST-11393,Female,0,No,Yes,9,Yes,DSL,No,No,Month-to-month,Yes,Electronic check,44.28,371.1,Yes
CUST-11394,Male,0,No,No,16,Yes,No,No,No,Month-to-month,Yes,Mailed check,35.76,568.07,No
CUST-11395,Male,0,Yes,No,16,No,No,No,No internet service,Month-to-month,Yes,Mailed check,26.5,387.16,No
CUST-11396,Female,0,No,No,24,Yes,DSL,No,Yes,One year,Yes,Mailed check,35.86,846.34,No
CUST-11397,Male,0,No,Yes,35,Yes,No,Yes,No,Month-to-month,No,Mailed check,18.0,593.76,No
CUST-11398,Female,0,No,No,13,Yes,Fiber optic,Yes,Yes,One year,No,Electronic check,92.97,1251.54,No
CUST-11399,Male,0,No,No,4,No,Fiber optic,Yes,No,Month-to-month,Yes,Bank transfer (automatic),79.04,306.46,No
CUST-11400,Female,0,Yes,No,7,Yes,No,Yes,No internet service,Month-to-month,Yes,Credit card (automatic),18.0,124.85,Yes
CUST-11401,Male,0,Yes,No,5,Yes,DSL,No,No,Month-to-month,Yes,Electronic check,36.08,172.27,No
CUST-11402,Male,1,Yes,Yes,23,Yes,DSL,No internet service,No,Month-to-month,No,Mailed check,61.68,1294.08,No
CUST-11403,Male,1,No,No,7,Yes,Fiber optic,Yes,No internet service,Two year,Yes,Mailed check,88.73,641.96,No
CUST-11404,Male,0,No,No,38,Yes,Fiber optic,Yes,No,Two year,Yes,Mailed check,82.98,2976.58,No
CUST-11405,Male,0,No,No,21,Yes,No,No,No,Month-to-month,No,Bank transfer (automatic),31.67,634.4,No
CUST-11406,Male,0,No,Yes,15,Yes,Fiber optic,No,Yes,One year,Yes,Electronic check,94.44,1353.81,No
CUST-11407,Female,0,No,No,47,Yes,Fiber optic,No,Yes,Month-to-month,Yes,Mailed check,93.12,4205.86,Yes
CUST-11408,Male,0,No,No,18,Yes,No,Yes,Yes,One year,Yes,Credit card (automatic),25.11,439.36,No
CUST-11409,Female,1,Yes,Yes,58,Yes,DSL,Yes,No internet service,Two year,No,Electronic check,62.44,3544.13,No
CUST-11410,Male,0,No,No,1,Yes,DSL,No,Yes,Two year,No,Electronic check,37.91,37.67,No
CUST-11411,Male,0,No,Yes,8,Yes,No,No,No,Month-to-month,No,Electronic check,25.52,196.97,Yes
CUST-11412,Female,0,Yes,No,30,Yes,DSL,No,No internet service,Month-to-month,Yes,Credit card (automatic),65.61,1871.09,No
CUST-11413,Female,0,Yes,No,5,Yes,Fiber optic,No internet service,Yes,Month-to-month,Yes,Credit card (automatic),71.67,336.63,Yes
CUST-11414,Female,0,Yes,No,41,Yes,DSL,No,Yes,One year,Yes,Credit card (automatic),46.02,1916.82,No
CUST-11415,Female,0,No,No,7,Yes,DSL,No,No,Two year,Yes,Mailed check,55.56,373.35,No
CUST-11416,Male,0,No,No,26,Yes,Fiber optic,No,No internet service,Month-to-month,Yes,Mailed check,81.0,2169.16,No
CUST-11417,Female,1,No,No,29,Yes,DSL,Yes,No internet service,Month-to-month,Yes,Electronic check,55.95,1597.24,No
CUST-11418,Female,0,No,Yes,20,Yes,DSL,No,No,Month-to-month,Yes,Mailed check,70.55,1302.93,Yes
CUST-11419,Male,1,Yes,No,11,Yes,No,Yes,Yes,Two year,Yes,Electronic check,30.21,329.0,No
CUST-11420,Male,0,No,No,33,Yes,DSL,No internet service,Yes,Month-to-month,No,Credit card (automatic),58.93,1859.98,No
CUST-11421,Female,0,Yes,No,72,Yes,Fiber optic,No,Yes,One year,Yes,Mailed check,97.37,6802.15,No
CUST-11422,Female,0,No,Yes,2,Yes,Fiber optic,No internet service,No internet service,Two year,Yes,Bank transfer (automatic),77.51,162.06,No
CUST-11423,Female,0,No,No,9,Yes,DSL,No,No,One year,Yes,Electronic check,53.24,434.37,No
CUST-11424,Female,0,No,No,11,Yes,Fiber optic,Yes,Yes,Month-to-month,No,Mailed check,97.92,1064.39,Yes
CUST-11425,Female,0,No,Yes,39,Yes,Fiber optic,No,Yes,Month-to-month,No,Electronic check,64.64,2489.49,No
CUST-11426,Male,0,No,No,2,Yes,No,No,No,Month-to-month,Yes,Mailed check,25.68,48.5,Yes
CUST-11427,Female,0,No,Yes,9,Yes,No,No internet service,No,Month-to-month,No,Electronic check,33.05,298.76,No
CUST-11428,Female,0,Yes,Yes,3,Yes,No,Yes,No internet service,Month-to-month,No,Electronic check,24.99,75.65,No
CUST-11429,Female,0,No,No,7,Yes,Fiber optic,Yes,No internet service,Two year,Yes,Electronic check,67.09,477.16,No
CUST-11430,Male,0,Yes,Yes,8,Yes,DSL,Yes,No,Month-to-month,No,Electronic check,41.14,311.47,No
CUST-11431,Female,0,No,No,39,Yes,DSL,No,No,One year,No,Electronic check,40.77,1607.23,No
CUST-11432,Female,0,No,No,15,Yes,Fiber optic,Yes,No,Two year,Yes,Mailed check,75.68,1146.45,No
CUST-11433,Female,0,No,No,22,No,DSL,No internet service,No,Month-to-month,Yes,Bank transfer (automatic),78.73,1723.99,Yes
CUST-11434,Female,0,No,No,5,Yes,No,Yes,No internet service,Two year,Yes,Electronic check,27.16,122.54,No
CUST-11435,Male,0,Yes,Yes,23,Yes,DSL,No,No,Two year,Yes,Electronic check,59.1,1260.69,No
CUST-11436,Male,0,No,No,24,Yes,Fiber optic,No,Yes,Two year,No,Electronic check,120.0,2629.55,No
CUST-11437,Male,0,Yes,Yes,7,Yes,DSL,No,No internet service,Two year,Yes,Mailed check,69.38,505.17,No
CUST-11438,Female,1,No,No,3,Yes,DSL,Yes,Yes,Two year,Yes,Mailed check,56.19,158.09,No
CUST-11439,Male,0,No,No,72,Yes,DSL,No,Yes,Month-to-month,No,Bank transfer (automatic),57.73,4061.85,No
CUST-11440,Male,0,Yes,Yes,34,Yes,Fiber optic,No,Yes,Month-to-month,Yes,Credit card (automatic),94.21,3051.15,Yes
CUST-11441,Male,0,Yes,Yes,59,Yes,Fiber optic,No internet service,Yes,Month-to-month,Yes,Bank transfer (automatic),81.64,4915.93,No
CUST-11442,Male,0,No,No,28,Yes,No,No,No,Month-to-month,Yes,Mailed check,26.32,753.14,No
CUST-11443,Female,0,Yes,Yes,67,Yes,Fiber optic,No,No,Month-to-month,Yes,Electronic check,69.04,4407.16,No
CUST-11444,Female,0,No,No,8,Yes,Fiber optic,No,No,Month-to-month,No,Credit card (automatic),76.77,581.64,Yes
CUST-11445,Female,1,No,No,4,Yes,No,No,No,Month-to-month,Yes,Electronic check,26.12,102.07,No
CUST-11446,Male,0,Yes,Yes,1,Yes,No,Yes,No,One year,No,Mailed check,22.9,20.89,No
CUST-11447,Male,0,No,Yes,39,Yes,No,Yes,No,One year,Yes,Electronic check,29.26,1175.42,No
CUST-11448,Female,0,Yes,Yes,72,Yes,DSL,Yes,No,Two year,Yes,Electronic check,59.72,3937.79,No
CUST-11449,Female,0,Yes,Yes,30,Yes,Fiber optic,No internet service,No,Two year,No,Credit card (automatic),94.06,2881.77,No
CUST-11450,Female,0,No,No,39,Yes,Fiber optic,Yes,No,Month-to-month,Yes,Credit card (automatic),96.01,3818.29,Yes
CUST-11451,Male,0,Yes,No,15,Yes,Fiber optic,No,Yes,Month-to-month,Yes,Electronic check,120.0,1677.03,Yes
CUST-11452,Male,1,Yes,No,28,No,Fiber optic,No,No,Month-to-month,No,Credit card (automatic),66.35,1843.79,No
CUST-11453,Female,0,No,No,2,Yes,DSL,No internet service,No internet service,Two year,Yes,Credit card (automatic),55.58,100.32,No
CUST-11454,Male,1,No,No,14,Yes,Fiber optic,Yes,Yes,One year,Yes,Credit card (automatic),79.67,1127.69,No
CUST-11455,Male,0,Yes,No,1,Yes,No,No,No internet service,Month-to-month,No,Electronic check,18.01,16.6,No
CUST-11456,Male,0,Yes,Yes,14,Yes,Fiber optic,No internet service,Yes,One year,No,Credit card (automatic),74.63,1089.25,No
CUST-11457,Female,0,No,No,18,Yes,No,Yes,No,Two year,No,Electronic check,27.01,472.46,No
CUST-11458,Female,0,No,No,3,Yes,DSL,No,Yes,One year,Yes,Bank transfer (automatic),54.08,160.41,No
CUST-11459,Female,0,No,Yes,21,Yes,DSL,No,Yes,One year,No,Bank transfer (automatic),48.93,1059.1,No
CUST-11460,Female,0,Yes,No,34,Yes,DSL,Yes,No,Two year,No,Mailed check,43.22,1369.48,No
CUST-11461,Male,0,Yes,Yes,6,Yes,No,No,No,One year,No,Electronic check,22.56,125.95,No
CUST-11462,Female,1,No,No,8,Yes,DSL,No,Yes,Month-to-month,No,Mailed check,60.94,459.15,Yes
CUST-11463,Male,0,No,Yes,7,Yes,Fiber optic,No,No,Two year,No,Electronic check,55.38,366.21,No
CUST-11464,Female,0,Yes,No,4,Yes,Fiber optic,No internet service,No,Two year,Yes,Electronic check,96.16,380.84,No
CUST-11465,Male,0,No,No,12,Yes,No,Yes,No,Month-to-month,No,Electronic check,32.17,358.37,No
CUST-11466,Female,0,Yes,No,0,Yes,Fiber optic,No,No,Two year,No,Credit card (automatic),107.09,,Yes
CUST-11467,Male,0,No,No,72,Yes,DSL,No internet service,Yes,Two year,No,Credit card (automatic),67.72,4949.84,No
CUST-11468,Female,0,No,Yes,30,Yes,DSL,No internet service,No internet service,Month-to-month,Yes,Bank transfer (automatic),69.3,2157.21,No
CUST-11469,Female,1,Yes,No,29,Yes,No,Yes,No internet service,One year,Yes,Bank transfer (automatic),34.9,977.51,No
CUST-11470,Female,1,Yes,No,22,Yes,DSL,No internet service,No,Month-to-month,Yes,Electronic check,56.06,1197.06,No
CUST-11471,Female,1,No,No,32,Yes,No,No,No internet service,Two year,No,Electronic check,18.0,543.57,No
CUST-11472,Male,0,Yes,No,65,No,Fiber optic,No internet service,No internet service,Month-to-month,No,Bank transfer (automatic),101.32,6111.62,No
CUST-11473,Female,0,No,No,7,Yes,No,Yes,No,Month-to-month,Yes,Electronic check,18.07,122.03,Yes
CUST-11474,Female,1,Yes,Yes,41,Yes,Fiber optic,No internet service,Yes,Month-to-month,Yes,Mailed check,105.07,3900.36,Yes
CUST-11475,Male,0,Yes,No,35,Yes,Fiber optic,No internet service,No,Two year,No,Electronic check,65.45,2309.42,No
CUST-11476,Female,0,Yes,No,10,Yes,No,No,No,Month-to-month,No,Electronic check,30.98,286.53,Yes
CUST-11477,Male,0,No,No,3,Yes,Fiber optic,No,No internet service,Two year,Yes,Bank transfer (automatic),75.03,233.37,No
CUST-11478,Female,0,No,Yes,4,Yes,Fiber optic,Yes,No,Month-to-month,No,Electronic check,85.71,332.8,Yes
CUST-11479,Male,0,Yes,Yes,5,Yes,DSL,No,No internet service,Month-to-month,Yes,Electronic check,54.85,256.08,No
CUST-11480,Female,0,Yes,Yes,7,Yes,Fiber optic,No,No,Two year,Yes,Mailed check,96.31,670.5,Yes
CUST-11481,Male,0,No,No,27,Yes,Fiber optic,Yes,Yes,Month-to-month,Yes,Electronic check,99.72,2506.92,Yes
CUST-11482,Female,0,No,No,64,Yes,DSL,No internet service,No,Month-to-month,No,Mailed check,62.78,3629.56,No
CUST-11483,Female,0,No,No,36,Yes,Fiber optic,Yes,Yes,Two year,No,Bank transfer (automatic),75.55,2608.72,No
CUST-11484,Male,0,Yes,No,8,Yes,DSL,No internet service,No,Two year,Yes,Mailed check,62.99,463.97,No
CUST-11485,Female,0,Yes,No,72,No,Fiber optic,Yes,No,Two year,Yes,Mailed check,80.92,5989.96,No
CUST-11486,Female,0,Yes,No,45,Yes,DSL,Yes,Yes,Two year,No,Electronic check,72.04,3306.63,No
CUST-11487,Female,1,Yes,Yes,53,Yes,No,No,No,Month-to-month,No,Credit card (automatic),20.43,1056.45,No
CUST-11488,Male,0,No,No,15,Yes,DSL,Yes,No internet service,Month-to-month,Yes,Electronic check,23.7,351.79,Yes
CUST-11489,Female,0,No,Yes,16,Yes,Fiber optic,Yes,No,Two year,Yes,Bank transfer (automatic),82.75,1305.3,Yes
CUST-11490,Female,0,No,No,1,Yes,Fiber optic,No internet service,No,One year,No,Bank transfer (automatic),57.13,57.93,No
CUST-11491,Male,0,No,Yes,0,Yes,DSL,Yes,No,Two year,Yes,Bank transfer (automatic),47.9,,No
CUST-11492,Female,1,No,No,25,Yes,Fiber optic,No,No internet service,Month-to-month,Yes,Mailed check,91.42,2370.82,No
CUST-11493,Female,0,No,No,0,Yes,DSL,No,No internet service,Month-to-month,Yes,Mailed check,51.44,,No
CUST-11494,Female,0,Yes,No,33,No,DSL,No,No,Month-to-month,Yes,Electronic check,56.0,1674.84,Yes
CUST-11495,Male,0,Yes,No,22,Yes,No,No,No,Month-to-month,Yes,Bank transfer (automatic),29.64,592.15,Yes
CUST-11496,Female,0,No,No,6,Yes,Fiber optic,Yes,No,Month-to-month,No,Credit card (automatic),112.28,607.75,No
CUST-11497,Female,0,Yes,No,5,Yes,No,No internet service,No,Two year,No,Electronic check,44.14,224.25,No
CUST-11498,Male,0,Yes,Yes,19,Yes,DSL,No,No internet service,Two year,Yes,Credit card (automatic),51.43,970.49,No
CUST-11499,Female,0,Yes,Yes,27,Yes,No,No internet service,No,Month-to-month,No,Mailed check,18.94,527.72,No
CUST-11500,Female,0,Yes,Yes,7,Yes,DSL,No internet service,No,One year,Yes,Mailed check,75.29,520.44,No
CUST-11501,Male,0,Yes,Yes,4,Yes,Fiber optic,No,No,Two year,No,Bank transfer (automatic),106.81,386.21,No
CUST-11502,Male,0,No,No,5,Yes,Fiber optic,No,No internet service,Month-to-month,No,Electronic check,84.71,383.94,Yes
CUST-11503,Male,0,Yes,Yes,25,Yes,DSL,No,No,Two year,Yes,Credit card (automatic),51.87,1258.36,No
CUST-11504,Male,0,No,No,10,Yes,Fiber optic,Yes,No,Month-to-month,No,Credit card (automatic),71.73,670.42,Yes
CUST-11505,Male,0,No,No,10,Yes,No,No,No,One year,No,Credit card (automatic),18.0,177.42,No
CUST-11506,Female,0,No,Yes,24,Yes,Fiber optic,No,Yes,Month-to-month,No,Credit card (automatic),90.87,2209.62,Yes
CUST-11507,Female,0,No,No,5,No,No,No internet service,No,Month-to-month,No,Electronic check,23.39,115.63,No
CUST-11508,Female,1,No,No,6,Yes,Fiber optic,No internet service,No,Two year,No,Credit card (automatic),104.4,566.19,No
CUST-11509,Female,0,No,No,36,Yes,Fiber optic,Yes,No,One year,No,Credit card (automatic),103.09,3889.69,No
CUST-11510,Female,0,Yes,No,58,No,Fiber optic,No,Yes,One year,Yes,Bank transfer (automatic),108.69,6044.94,No
CUST-11511,Female,1,Yes,No,42,Yes,Fiber optic,No internet service,Yes,Month-to-month,No,Electronic check,111.46,4452.47,Yes
CUST-11512,Female,0,No,Yes,1,Yes,Fiber optic,No,No,One year,Yes,Electronic check,88.14,83.54,Yes
CUST-11513,Male,0,Yes,Yes,0,Yes,DSL,No internet service,No,One year,Yes,Mailed check,39.76,,No
CUST-11514,Male,0,Yes,Yes,6,Yes,Fiber optic,Yes,No internet service,One year,Yes,Electronic check,74.74,412.16,No
CUST-11515,Male,0,Yes,No,72,Yes,Fiber optic,No,No,Month-to-month,No,Mailed check,80.05,5218.37,No
CUST-11516,Male,0,No,No,10,Yes,DSL,No,No,Month-to-month,No,Bank transfer (automatic),60.29,597.4,No
CUST-11517,Female,0,Yes,No,10,Yes,Fiber optic,No internet service,No,Month-to-month,No,Electronic check,97.74,961.73,Yes
CUST-11518,Male,0,No,No,9,Yes,No,Yes,No internet service,Month-to-month,Yes,Electronic check,25.98,224.19,Yes
CUST-11519,Male,0,No,No,54,Yes,Fiber optic,No,No,Two year,No,Credit card (automatic),92.79,4776.8,No
CUST-11520,Female,0,Yes,No,41,Yes,DSL,No,No internet service,Month-to-month,Yes,Bank transfer (automatic),60.47,2536.72,No
CUST-11521,Male,1,Yes,Yes,12,Yes,Fiber optic,No internet service,No,One year,No,Electronic check,81.82,973.32,No
CUST-11522,Male,0,Yes,Yes,14,Yes,Fiber optic,Yes,No,Two year,No,Bank transfer (automatic),108.04,1583.06,No
CUST-11523,Male,0,Yes,Yes,72,No,DSL,No,No,Month-to-month,No,Mailed check,34.69,2392.21,No
CUST-11524,Female,0,No,No,60,Yes,Fiber optic,No internet service,No,One year,No,Credit card (automatic),82.58,4591.49,Yes
CUST-11525,Female,0,No,No,17,Yes,Fiber optic,No,No internet service,Month-to-month,No,Mailed check,87.82,1498.63,No
CUST-11526,Female,0,No,No,15,Yes,DSL,No,No internet service,Month-to-month,No,Bank transfer (automatic),65.8,1029.25,No
CUST-11527,Female,0,No,Yes,10,Yes,Fiber optic,Yes,No internet service,Month-to-month,Yes,Mailed check,58.21,594.84,No
CUST-11528,Male,1,No,No,1,Yes,DSL,Yes,No,Two year,Yes,Electronic check,52.19,51.92,No
CUST-11529,Male,0,Yes,No,17,Yes,DSL,No,Yes,Month-to-month,Yes,Electronic check,54.78,969.86,No
CUST-11530,Male,0,No,No,3,Yes,DSL,No,No,Month-to-month,No,Electronic check,57.51,166.04,Yes
CUST-11531,Male,0,Yes,No,18,Yes,Fiber optic,Yes,No,Month-to-month,No,Electronic check,61.91,1088.47,Yes
CUST-11532,Male,0,No,No,2,Yes,No,Yes,No,Month-to-month,Yes,Credit card (automatic),31.51,61.33,No
CUST-11533,Male,0,Yes,No,0,Yes,DSL,Yes,No internet service,One year,Yes,Bank transfer (automatic),55.89,,No
CUST-11534,Female,1,No,No,72,Yes,DSL,No,No internet service,Two year,Yes,Electronic check,63.61,4194.57,No
CUST-11535,Female,0,Yes,No,4,Yes,DSL,No,No,Month-to-month,No,Credit card (automatic),62.42,234.3,Yes
CUST-11536,Female,0,No,No,11,No,Fiber optic,No,No,Month-to-month,No,Credit card (automatic),50.87,575.86,Yes
CUST-11537,Female,0,Yes,No,2,Yes,No,No,Yes,Month-to-month,No,Credit card (automatic),19.15,34.9,No
CUST-11538,Male,1,No,No,64,Yes,No,No,No,Month-to-month,Yes,Electronic check,41.93,2675.9,No
CUST-11539,Female,0,Yes,No,65,Yes,DSL,No,Yes,One year,No,Mailed check,72.1,4245.03,No
CUST-11540,Male,1,Yes,No,12,Yes,Fiber optic,No,No,Month-to-month,No,Electronic check,97.09,1156.56,No
CUST-11541,Female,0,No,No,35,Yes,DSL,No,No,One year,Yes,Electronic check,70.73,2363.96,No
CUST-11542,Female,0,Yes,No,3,Yes,No,No,No internet service,Month-to-month,No,Credit card (automatic),32.76,97.7,No
CUST-11543,Male,0,No,No,14,Yes,No,No,No,Two year,Yes,Mailed check,23.46,308.37,No
CUST-11544,Male,0,Yes,No,13,Yes,DSL,No internet service,No internet service,Month-to-month,Yes,Electronic check,62.28,769.98,No
CUST-11545,Male,1,Yes,No,5,Yes,Fiber optic,Yes,No,Month-to-month,No,Mailed check,120.0,604.11,Yes
CUST-11546,Female,0,Yes,No,19,Yes,Fiber optic,Yes,Yes,Month-to-month,No,Mailed check,75.55,1415.76,No
CUST-11547,Male,0,Yes,No,8,Yes,Fiber optic,No,No internet service,Month-to-month,No,Bank transfer (automatic),67.72,560.03,No
CUST-11548,Female,0,No,Yes,21,Yes,Fiber optic,Yes,No,One year,Yes,Mailed check,85.3,1846.63,No
CUST-11549,Male,0,Yes,No,27,Yes,Fiber optic,No,Yes,One year,Yes,Credit card (automatic),95.7,2434.34,No
CUST-11550,Male,0,Yes,No,51,Yes,Fiber optic,No,No,Month-to-month,Yes,Bank transfer (automatic),118.28,6095.82,Yes
CUST-11551,Female,0,No,No,36,No,No,No,No internet service,Month-to-month,Yes,Electronic check,22.76,795.58,Yes
CUST-11552,Male,0,Yes,No,57,Yes,Fiber optic,No internet service,No,Month-to-month,Yes,Electronic check,94.26,5262.47,Yes
CUST-11553,Male,1,No,No,27,No,DSL,No internet service,No,Two year,Yes,Bank transfer (automatic),61.28,1703.65,No
CUST-11554,Female,0,No,No,11,Yes,No,No,Yes,Month-to-month,No,Bank transfer (automatic),25.67,266.49,No
CUST-11555,Female,0,No,No,72,Yes,Fiber optic,Yes,No internet service,Month-to-month,Yes,Electronic check,72.35,5088.86,No
CUST-11556,Female,0,No,No,31,Yes,No,Yes,Yes,Month-to-month,Yes,Bank transfer (automatic),34.91,1022.0,No
CUST-11557,Female,0,Yes,No,8,Yes,No,No,Yes,Two year,No,Credit card (automatic),31.35,230.51,No
CUST-11558,Female,0,Yes,No,30,Yes,Fiber optic,Yes,No,Month-to-month,Yes,Bank transfer (automatic),102.6,2861.3,Yes
CUST-11559,Male,0,No,No,7,Yes,No,Yes,No,Month-to-month,Yes,Mailed check,38.18,278.18,Yes
CUST-11560,Male,1,Yes,Yes,19,Yes,Fiber optic,Yes,No,Two year,Yes,Mailed check,85.07,1568.63,No
CUST-11561,Female,0,Yes,No,4,Yes,No,No,Yes,Two year,No,Mailed check,25.69,97.5,No
CUST-11562,Female,1,Yes,No,15,No,Fiber optic,Yes,Yes,Month-to-month,Yes,Electronic check,118.53,1787.66,No
CUST-11563,Female,0,No,No,38,Yes,Fiber optic,No,No,One year,Yes,Credit card (automatic),88.89,3148.02,No
CUST-11564,Male,1,Yes,No,5,Yes,DSL,No,No,One year,No,Credit card (automatic),55.44,269.06,No
CUST-11565,Male,0,No,No,1,Yes,No,No,No internet service,Month-to-month,No,Mailed check,34.37,32.34,Yes
CUST-11566,Female,0,No,No,7,Yes,Fiber optic,No,Yes,Two year,Yes,Mailed check,97.38,634.96,No
CUST-11567,Female,0,Yes,No,72,Yes,Fiber optic,No,No,Month-to-month,Yes,Electronic check,89.55,6402.53,Yes
CUST-11568,Female,0,No,Yes,12,Yes,DSL,No internet service,Yes,Two year,Yes,Mailed check,54.2,662.98,No
CUST-11569,Female,1,No,No,4,Yes,No,No,No internet service,Month-to-month,Yes,Electronic check,32.76,128.94,No
CUST-11570,Female,0,No,Yes,36,Yes,No,No internet service,No,Month-to-month,Yes,Mailed check,28.04,1013.24,No
CUST-11571,Female,0,Yes,No,3,Yes,DSL,Yes,No,Month-to-month,No,Bank transfer (automatic),57.07,158.93,No
CUST-11572,Female,0,No,No,6,Yes,No,No internet service,No,Month-to-month,Yes,Bank transfer (automatic),18.08,110.49,No
CUST-11573,Male,0,Yes,Yes,60,Yes,Fiber optic,Yes,No,One year,Yes,Bank transfer (automatic),67.73,3841.6,No
CUST-11574,Female,0,Yes,Yes,6,Yes,DSL,No,No,One year,No,Credit card (automatic),59.13,364.53,No
CUST-11575,Female,0,No,No,40,Yes,Fiber optic,No,Yes,Month-to-month,Yes,Credit card (automatic),61.53,2313.61,No
CUST-11576,Female,1,No,No,8,Yes,DSL,No internet service,No,One year,Yes,Electronic check,49.12,383.34,No
CUST-11577,Female,0,No,No,22,Yes,DSL,No,Yes,Two year,Yes,Electronic check,83.23,1901.12,No
CUST-11578,Female,1,Yes,No,72,Yes,Fiber optic,No,No internet service,Month-to-month,Yes,Bank transfer (automatic),84.84,6240.67,No
CUST-11579,Male,0,Yes,No,14,Yes,DSL,Yes,Yes,Month-to-month,No,Mailed check,55.73,740.66,Yes
CUST-11580,Male,0,Yes,Yes,43,Yes,DSL,No,Yes,Month-to-month,No,Electronic check,59.92,2696.15,No
CUST-11581,Female,0,Yes,No,42,Yes,No,Yes,No,Two year,No,Credit card (automatic),18.0,763.52,No
CUST-11582,Female,0,No,No,0,Yes,DSL,No,No internet service,Month-to-month,No,Electronic check,91.32,,No
CUST-11583,Male,1,Yes,No,6,Yes,DSL,No,Yes,Month-to-month,Yes,Electronic check,63.35,368.98,No
CUST-11584,Male,0,No,No,41,Yes,DSL,No internet service,No,Two year,Yes,Credit card (automatic),63.66,2471.28,No
CUST-11585,Male,0,No,Yes,36,Yes,No,Yes,Yes,Two year,No,Credit card (automatic),18.0,593.44,No
CUST-11586,Male,0,Yes,No,27,Yes,DSL,No,Yes,One year,Yes,Bank transfer (automatic),55.7,1477.54,No
CUST-11587,Male,0,Yes,No,4,Yes,Fiber optic,No,No,One year,Yes,Credit card (automatic),93.13,345.02,No
CUST-11588,Male,0,Yes,No,11,Yes,DSL,No,No internet service,Two year,No,Mailed check,51.21,577.17,No
CUST-11589,Female,0,Yes,No,6,Yes,Fiber optic,Yes,No internet service,Month-to-month,Yes,Credit card (automatic),68.38,424.13,Yes
CUST-11590,Female,0,Yes,No,70,Yes,Fiber optic,No internet service,No internet service,One year,Yes,Credit card (automatic),70.44,4798.81,No
CUST-11591,Female,0,Yes,No,20,Yes,Fiber optic,Yes,No,One year,No,Electronic check,94.75,1762.44,No
CUST-11592,Male,0,Yes,No,10,Yes,No,No internet service,No,Month-to-month,Yes,Credit card (automatic),24.72,248.58,No
CUST-11593,Female,0,No,No,26,Yes,No,No internet service,No,Month-to-month,No,Credit card (automatic),31.69,753.97,Yes
CUST-11594,Male,0,No,Yes,5,Yes,No,Yes,No,Two year,No,Credit card (automatic),37.39,176.37,No
CUST-11595,Female,0,No,No,0,No,DSL,Yes,No,Month-to-month,Yes,Credit card (automatic),63.02,,Yes
CUST-11596,Male,0,No,Yes,72,Yes,DSL,No,No,Month-to-month,Yes,Credit card (automatic),35.72,2696.39,No
CUST-11597,Female,0,Yes,No,2,Yes,DSL,Yes,No,Month-to-month,No,Electronic check,61.84,123.61,Yes
CUST-11598,Female,0,Yes,No,37,Yes,DSL,Yes,No,Month-to-month,Yes,Mailed check,48.41,1829.18,No
CUST-11599,Female,0,Yes,Yes,27,Yes,DSL,No internet service,No,One year,No,Electronic check,35.7,1003.74,Yes
CUST-11600,Female,0,No,No,23,Yes,Fiber optic,Yes,No,Two year,Yes,Bank transfer (automatic),57.29,1356.95,No
CUST-11601,Male,0,Yes,Yes,11,Yes,No,No internet service,No internet service,Two year,No,Mailed check,28.55,319.91,No
CUST-11602,Female,0,No,No,52,Yes,DSL,No,No,Month-to-month,Yes,Mailed check,45.17,2180.13,No
CUST-11603,Male,0,No,No,8,Yes,DSL,No internet service,Yes,Month-to-month,Yes,Credit card (automatic),50.08,378.8,No
CUST-11604,Female,0,Yes,No,8,Yes,DSL,No,No internet service,Two year,No,Bank transfer (automatic),57.5,478.54,No
CUST-11605,Female,0,Yes,Yes,5,Yes,Fiber optic,Yes,No,Month-to-month,No,Electronic check,83.53,423.78,No
CUST-11606,Male,1,No,No,16,Yes,DSL,No internet service,Yes,Two year,No,Electronic check,57.83,865.0,No
CUST-11607,Male,0,No,No,72,Yes,No,No,Yes,Month-to-month,Yes,Mailed check,23.04,1691.21,No
CUST-11608,Male,0,No,No,26,Yes,Fiber optic,No internet service,No,Month-to-month,Yes,Electronic check,76.88,1905.37,No
CUST-11609,Female,0,Yes,Yes,17,Yes,Fiber optic,No internet service,No internet service,Month-to-month,No,Electronic check,115.54,2017.63,No
CUST-11610,Male,0,No,Yes,1,Yes,DSL,No,No,One year,No,Credit card (automatic),66.27,61.41,No
CUST-11611,Male,0,Yes,No,6,Yes,DSL,Yes,No internet service,Two year,No,Electronic check,62.1,390.22,No
CUST-11612,Female,0,Yes,No,72,Yes,Fiber optic,No internet service,No,Month-to-month,No,Mailed check,93.57,7022.68,Yes
CUST-11613,Female,0,Yes,Yes,21,Yes,Fiber optic,Yes,No internet service,Two year,No,Credit card (automatic),78.18,1548.88,No
CUST-11614,Female,0,Yes,No,49,Yes,DSL,Yes,No,Month-to-month,Yes,Electronic check,46.93,2259.71,Yes
CUST-11615,Male,0,Yes,No,22,Yes,Fiber optic,Yes,No,Two year,No,Bank transfer (automatic),106.31,2159.55,No
CUST-11616,Female,1,No,No,16,Yes,Fiber optic,No,Yes,One year,Yes,Electronic check,64.55,1051.38,No
CUST-11617,Female,0,Yes,Yes,4,No,DSL,No,No internet service,Two year,No,Bank transfer (automatic),83.42,321.49,No
CUST-11618,Female,1,No,Yes,14,Yes,DSL,No internet service,No,Two year,Yes,Credit card (automatic),54.01,690.12,Yes
CUST-11619,Male,0,Yes,Yes,62,Yes,DSL,No,No internet service,Month-to-month,No,Credit card (automatic),59.41,3479.16,No
CUST-11620,Female,0,No,No,30,Yes,DSL,No internet service,Yes,One year,No,Electronic check,59.61,1823.99,No
CUST-11621,Female,1,No,Yes,5,Yes,Fiber optic,No internet service,Yes,Month-to-month,Yes,Mailed check,102.19,513.79,Yes
CUST-11622,Male,0,No,No,2,Yes,No,No internet service,No,Two year,Yes,Mailed check,30.51,62.88,No
CUST-11623,Male,0,No,No,9,Yes,Fiber optic,No internet service,No internet service,Month-to-month,Yes,Credit card (automatic),96.05,779.02,Yes
CUST-11624,Male,0,No,No,3,Yes,Fiber optic,No,No,Month-to-month,No,Bank transfer (automatic),85.44,265.78,Yes
CUST-11625,Female,0,Yes,No,2,Yes,DSL,No,Yes,Month-to-month,No,Electronic check,58.84,121.82,No
CUST-11626,Female,0,No,No,25,Yes,DSL,Yes,No,Two year,Yes,Electronic check,47.24,1104.83,Yes
CUST-11627,Male,0,No,Yes,39,Yes,DSL,No,No,Two year,Yes,Bank transfer (automatic),45.87,1764.97,No
CUST-11628,Female,0,Yes,No,13,Yes,No,No internet service,No internet service,Two year,Yes,Mailed check,18.0,226.91,No
CUST-11629,Male,0,Yes,Yes,49,Yes,Fiber optic,Yes,Yes,Month-to-month,Yes,Credit card (automatic),92.86,4152.09,Yes
CUST-11630,Female,0,No,Yes,11,No,DSL,No,No,Two year,No,Mailed check,55.81,582.9,No
CUST-11631,Male,0,Yes,Yes,3,Yes,Fiber optic,Yes,No,Month-to-month,Yes,Mailed check,82.55,246.54,Yes
CUST-11632,Female,0,No,No,6,Yes,Fiber optic,No internet service,Yes,Month-to-month,Yes,Bank transfer (automatic),84.64,529.46,No
CUST-11633,Female,0,No,Yes,8,Yes,Fiber optic,No,No,Month-to-month,No,Mailed check,110.68,899.94,No
CUST-11634,Female,0,Yes,No,23,Yes,Fiber optic,Yes,Yes,Month-to-month,Yes,Mailed check,61.67,1344.05,No
CUST-11635,Male,0,No,Yes,11,Yes,No,Yes,No,Two year,No,Mailed check,29.89,339.21,No
CUST-11636,Female,0,No,No,46,Yes,Fiber optic,No,Yes,One year,Yes,Bank transfer (automatic),83.81,3532.8,No
CUST-11637,Male,0,No,No,9,Yes,DSL,Yes,No,Month-to-month,Yes,Electronic check,44.41,384.05,Yes
CUST-11638,Female,0,No,Yes,4,Yes,DSL,Yes,No,Month-to-month,Yes,Electronic check,43.67,166.72,Yes
CUST-11639,Male,1,Yes,No,12,Yes,Fiber optic,No,Yes,Month-to-month,No,Credit card (automatic),63.27,752.35,No
CUST-11640,Male,0,No,Yes,17,Yes,Fiber optic,No internet service,No,Two year,No,Credit card (automatic),72.33,1206.14,No
CUST-11641,Male,0,Yes,Yes,72,Yes,DSL,No,No internet service,One year,No,Electronic check,85.27,6024.49,No
CUST-11642,Male,0,No,No,63,Yes,No,No,No internet service,Month-to-month,No,Bank transfer (automatic),32.95,2049.93,No
CUST-11643,Male,0,Yes,Yes,72,Yes,No,No internet service,No,Month-to-month,No,Electronic check,29.36,2070.87,No
CUST-11644,Female,0,Yes,Yes,23,Yes,Fiber optic,No internet service,No,Two year,No,Electronic check,92.57,2191.33,No
CUST-11645,Male,0,Yes,No,4,Yes,DSL,No internet service,No,Two year,Yes,Mailed check,73.68,288.81,No
CUST-11646,Male,0,No,No,33,Yes,Fiber optic,No,No internet service,Month-to-month,No,Credit card (automatic),119.27,3876.9,No
CUST-11647,Female,0,No,No,47,Yes,Fiber optic,Yes,Yes,One year,Yes,Bank transfer (automatic),94.71,4091.59,No
CUST-11648,Male,0,No,No,34,Yes,No,Yes,Yes,Month-to-month,Yes,Mailed check,33.05,1106.85,No
CUST-11649,Male,0,Yes,No,1,Yes,Fiber optic,No,No,Month-to-month,Yes,Bank transfer (automatic),83.02,85.36,Yes
CUST-11650,Female,0,No,No,24,Yes,DSL,Yes,Yes,One year,Yes,Electronic check,50.66,1176.76,No
CUST-11651,Female,1,Yes,Yes,72,Yes,DSL,No,No internet service,Month-to-month,No,Credit card (automatic),37.18,2658.09,No
CUST-11652,Female,1,Yes,No,49,Yes,Fiber optic,No,Yes,Month-to-month,Yes,Electronic check,96.41,4938.72,No
CUST-11653,Female,1,No,No,8,Yes,DSL,No,No,Month-to-month,Yes,Mailed check,61.26,481.59,No
CUST-11654,Female,1,Yes,Yes,24,No,Fiber optic,No,Yes,Month-to-month,Yes,Electronic check,100.38,2204.33,No
CUST-11655,Male,0,No,Yes,40,Yes,DSL,No internet service,No,Month-to-month,Yes,Electronic check,55.46,2153.98,No
CUST-11656,Female,0,Yes,Yes,2,Yes,No,No internet service,No,Two year,Yes,Mailed check,21.19,42.33,No
CUST-11657,Female,0,No,No,0,Yes,Fiber optic,No,No internet service,Month-to-month,Yes,Electronic check,76.94,,Yes
CUST-11658,Male,0,No,No,57,Yes,Fiber optic,No,No,Month-to-month,Yes,Credit card (automatic),96.03,5533.51,Yes
CUST-11659,Female,0,Yes,No,19,Yes,Fiber optic,No internet service,No,Month-to-month,Yes,Bank transfer (automatic),105.13,1908.05,No
CUST-11660,Female,0,Yes,No,1,No,Fiber optic,No internet service,Yes,One year,Yes,Electronic check,81.41,77.77,No
CUST-11661,Female,0,Yes,No,2,Yes,Fiber optic,No,Yes,Two year,Yes,Electronic check,84.5,168.82,No
CUST-11662,Male,0,Yes,Yes,9,Yes,DSL,Yes,No internet service,One year,No,Bank transfer (automatic),78.85,698.48,Yes
CUST-11663,Male,0,Yes,No,1,Yes,DSL,Yes,No internet service,Month-to-month,No,Electronic check,67.99,64.32,Yes
CUST-11664,Male,0,No,Yes,72,Yes,Fiber optic,No internet service,No,Month-to-month,Yes,Electronic check,81.61,5803.52,Yes
CUST-11665,Female,1,No,No,62,Yes,Fiber optic,No internet service,Yes,Two year,No,Bank transfer (automatic),79.19,5083.9,No
CUST-11666,Female,0,Yes,No,46,Yes,No,No,No,One year,No,Bank transfer (automatic),25.63,1131.72,No
CUST-11667,Female,0,Yes,No,25,Yes,DSL,Yes,No internet service,One year,No,Bank transfer (automatic),52.4,1281.0,No
CUST-11668,Female,0,No,No,0,Yes,DSL,No,No,Month-to-month,Yes,Electronic check,67.14,,Yes
CUST-11669,Male,0,Yes,Yes,0,Yes,DSL,Yes,No internet service,Month-to-month,Yes,Credit card (automatic),71.72,,Yes
CUST-11670,Male,1,Yes,No,0,Yes,DSL,No internet service,No,Month-to-month,Yes,Credit card (automatic),68.58,,Yes
CUST-11671,Male,1,Yes,Yes,17,Yes,No,No,Yes,Month-to-month,Yes,Mailed check,23.34,405.46,No
CUST-11672,Male,0,No,No,5,Yes,DSL,No,No,Two year,No,Mailed check,88.26,409.32,No
CUST-11673,Male,0,No,No,56,No,Fiber optic,No internet service,No internet service,Two year,Yes,Bank transfer (automatic),59.21,3108.0,No
CUST-11674,Male,0,No,No,6,Yes,Fiber optic,No,No,Month-to-month,Yes,Electronic check,70.27,415.45,No
CUST-11675,Male,0,No,No,2,Yes,DSL,Yes,Yes,Month-to-month,No,Bank transfer (automatic),68.74,124.23,Yes
CUST-11676,Male,0,No,No,6,Yes,No,No internet service,No,One year,Yes,Mailed check,18.0,110.62,No
CUST-11677,Female,0,Yes,No,18,Yes,DSL,No,Yes,One year,Yes,Electronic check,53.86,990.58,No
CUST-11678,Male,0,Yes,No,18,Yes,Fiber optic,No,No internet service,Month-to-month,No,Credit card (automatic),103.2,1809.61,Yes
CUST-11679,Male,0,Yes,No,8,Yes,Fiber optic,No,No,Two year,No,Electronic check,61.74,457.67,No
CUST-11680,Male,0,No,No,2,Yes,DSL,No,No,Month-to-month,No,Electronic check,62.04,115.06,No
CUST-11681,Female,0,Yes,No,20,Yes,Fiber optic,No,No internet service,One year,No,Mailed check,79.0,1508.19,No
CUST-11682,Male,0,Yes,No,10,Yes,DSL,Yes,No internet service,Month-to-month,No,Bank transfer (automatic),51.03,498.11,No
CUST-11683,Female,0,No,Yes,42,Yes,No,No,No,One year,Yes,Bank transfer (automatic),18.0,757.19,Yes
CUST-11684,Male,0,Yes,No,6,Yes,DSL,No,Yes,Two year,No,Electronic check,50.63,311.87,No
CUST-11685,Male,1,No,No,6,Yes,Fiber optic,No internet service,No internet service,Two year,No,Credit card (automatic),88.28,551.51,No
CUST-11686,Female,0,No,Yes,6,Yes,Fiber optic,Yes,Yes,One year,Yes,Bank transfer (automatic),76.31,460.2,No
CUST-11687,Male,0,Yes,No,23,Yes,DSL,No,Yes,Month-to-month,Yes,Electronic check,84.6,2010.03,No
CUST-11688,Male,0,Yes,No,19,Yes,DSL,Yes,No internet service,One year,Yes,Bank transfer (automatic),46.72,915.43,No
CUST-11689,Female,0,No,No,21,No,Fiber optic,No,No,Two year,Yes,Credit card (automatic),104.37,2009.11,No
CUST-11690,Female,0,No,No,7,Yes,No,No,Yes,One year,No,Mailed check,35.68,253.76,No
CUST-11691,Female,0,No,Yes,43,Yes,DSL,No,No,Month-to-month,Yes,Mailed check,38.78,1565.99,No
CUST-11692,Male,0,No,No,41,Yes,DSL,No internet service,Yes,Month-to-month,No,Electronic check,70.02,2688.33,No
CUST-11693,Male,0,Yes,No,17,Yes,Fiber optic,No,Yes,Month-to-month,Yes,Credit card (automatic),81.26,1401.12,No
CUST-11694,Female,0,Yes,No,62,Yes,DSL,No internet service,No,One year,Yes,Electronic check,57.37,3451.75,No
CUST-11695,Male,0,No,No,34,Yes,No,No internet service,Yes,Two year,No,Electronic check,28.92,911.7,No
CUST-11696,Male,0,Yes,Yes,20,Yes,No,No internet service,No,Month-to-month,Yes,Credit card (automatic),30.93,569.99,No
CUST-11697,Male,0,No,No,56,Yes,DSL,No,Yes,Month-to-month,No,Electronic check,57.18,3039.56,No
CUST-11698,Male,0,Yes,No,0,Yes,Fiber optic,No,No,One year,Yes,Bank transfer (automatic),83.18,,No
CUST-11699,Male,0,Yes,Yes,41,Yes,No,No,No,Two year,No,Mailed check,29.05,1091.87,No
CUST-11700,Female,0,Yes,No,37,Yes,No,No,No internet service,One year,Yes,Bank transfer (automatic),20.54,732.88,No
CUST-11701,Male,0,No,No,19,Yes,Fiber optic,No,No internet service,Two year,Yes,Credit card (automatic),98.9,1731.52,No
CUST-11702,Male,0,No,No,47,Yes,No,Yes,No,Month-to-month,No,Mailed check,18.91,826.23,Yes
CUST-11703,Male,0,No,No,55,Yes,Fiber optic,No internet service,No,Two year,Yes,Mailed check,89.34,4819.87,No
CUST-11704,Male,0,Yes,Yes,72,No,DSL,No,Yes,Month-to-month,Yes,Mailed check,54.61,3954.91,Yes
CUST-11705,Male,0,No,No,44,Yes,Fiber optic,No internet service,Yes,Month-to-month,Yes,Mailed check,90.64,3900.93,Yes
CUST-11706,Female,0,Yes,No,1,Yes,Fiber optic,No,Yes,Month-to-month,Yes,Credit card (automatic),94.41,91.22,No
CUST-11707,Male,0,No,No,15,Yes,No,No,Yes,Month-to-month,Yes,Credit card (automatic),18.61,258.42,No
CUST-11708,Male,0,No,No,39,No,DSL,No,No internet service,Two year,No,Electronic check,32.27,1193.22,No
CUST-11709,Male,0,Yes,No,8,Yes,DSL,No,No,Month-to-month,Yes,Credit card (automatic),54.87,421.29,Yes
CUST-11710,Male,0,No,Yes,47,Yes,Fiber optic,No,Yes,Two year,Yes,Electronic check,92.22,4550.57,No
CUST-11711,Male,1,No,No,30,Yes,Fiber optic,No internet service,Yes,Month-to-month,Yes,Mailed check,82.67,2258.02,Yes
CUST-11712,Male,0,Yes,No,8,Yes,Fiber optic,No,No,Month-to-month,No,Mailed check,83.88,667.34,No
CUST-11713,Female,0,No,Yes,57,Yes,DSL,Yes,Yes,Month-to-month,No,Bank transfer (automatic),58.05,3365.64,No
CUST-11714,Female,0,Yes,No,6,Yes,Fiber optic,Yes,Yes,One year,No,Credit card (automatic),67.33,381.89,No
CUST-11715,Female,1,Yes,No,22,Yes,Fiber optic,No,No internet service,Month-to-month,Yes,Mailed check,88.59,1928.04,No
CUST-11716,Female,0,No,No,24,Yes,DSL,Yes,No internet service,Month-to-month,Yes,Bank transfer (automatic),49.84,1170.0,No
CUST-11717,Male,0,No,No,3,Yes,No,No internet service,No,Two year,Yes,Credit card (automatic),27.42,84.82,No
CUST-11718,Female,0,No,No,13,Yes,Fiber optic,Yes,No,One year,No,Bank transfer (automatic),95.45,1140.9,Yes
CUST-11719,Female,0,Yes,No,1,Yes,DSL,No internet service,No internet service,One year,No,Electronic check,68.3,71.12,No
CUST-11720,Female,0,No,No,69,Yes,Fiber optic,No,No,Two year,Yes,Bank transfer (automatic),92.4,6047.09,No
CUST-11721,Female,0,Yes,No,20,Yes,No,Yes,No,One year,No,Mailed check,24.92,502.81,No
CUST-11722,Male,0,Yes,No,38,Yes,Fiber optic,Yes,No,Month-to-month,No,Electronic check,98.85,3475.94,Yes
CUST-11723,Female,0,Yes,Yes,13,Yes,Fiber optic,No internet service,No,One year,No,Mailed check,75.22,899.78,No
CUST-11724,Male,0,No,Yes,0,Yes,Fiber optic,No,Yes,Month-to-month,Yes,Mailed check,84.09,,Yes
CUST-11725,Female,0,Yes,No,7,Yes,Fiber optic,No internet service,No internet service,Month-to-month,Yes,Mailed check,57.64,384.47,No
CUST-11726,Male,0,No,No,1,Yes,No,No internet service,Yes,One year,Yes,Electronic check,27.46,25.52,No
CUST-11727,Male,1,Yes,No,57,Yes,No,No,No internet service,Month-to-month,Yes,Credit card (automatic),18.0,991.14,No
CUST-11728,Female,0,Yes,No,11,Yes,DSL,No internet service,No,Month-to-month,No,Mailed check,66.54,697.67,No
CUST-11729,Female,0,No,No,18,Yes,Fiber optic,No,No,Month-to-month,Yes,Electronic check,87.76,1498.38,Yes
CUST-11730,Female,0,Yes,No,8,Yes,DSL,No,No internet service,Two year,No,Bank transfer (automatic),74.93,604.4,No
CUST-11731,Female,0,No,No,9,Yes,Fiber optic,No internet service,Yes,One year,Yes,Electronic check,105.22,943.37,No
CUST-11732,Male,1,Yes,No,72,Yes,DSL,No internet service,Yes,Two year,Yes,Credit card (automatic),48.28,3294.45,No
CUST-11733,Female,0,Yes,No,72,Yes,DSL,No,No internet service,Two year,No,Credit card (automatic),43.03,3041.13,No
CUST-11734,Female,0,Yes,No,1,Yes,DSL,Yes,No,One year,Yes,Bank transfer (automatic),66.36,60.76,No
CUST-11735,Female,0,No,No,3,Yes,DSL,No,No,Two year,No,Electronic check,59.0,161.04,No
CUST-11736,Female,0,No,No,8,Yes,DSL,No,No,Month-to-month,No,Credit card (automatic),40.42,305.65,No
CUST-11737,Male,0,No,No,57,Yes,DSL,No,No,Month-to-month,No,Credit card (automatic),50.34,2610.8,No
CUST-11738,Male,0,Yes,Yes,32,Yes,DSL,No internet service,No,Month-to-month,Yes,Mailed check,49.26,1481.48,Yes
CUST-11739,Female,1,Yes,No,0,Yes,DSL,No,No,Month-to-month,No,Bank transfer (automatic),42.43,,No
CUST-11740,Male,1,Yes,No,8,Yes,Fiber optic,No,Yes,One year,No,Electronic check,113.92,919.56,No
CUST-11741,Female,0,Yes,No,43,Yes,Fiber optic,Yes,No internet service,Month-to-month,No,Credit card (automatic),90.44,3688.09,No
CUST-11742,Female,0,No,No,1,Yes,DSL,No,Yes,Month-to-month,Yes,Electronic check,56.56,53.8,No
CUST-11743,Female,0,Yes,No,7,No,Fiber optic,No internet service,No,Two year,No,Electronic check,65.81,451.06,Yes
CUST-11744,Female,0,No,No,45,Yes,Fiber optic,No,No internet service,Month-to-month,Yes,Credit card (automatic),118.81,4928.29,No
CUST-11745,Female,0,Yes,No,11,Yes,DSL,No,No,Two year,Yes,Mailed check,48.71,561.43,No
CUST-11746,Female,0,No,No,6,Yes,DSL,No internet service,No internet service,Month-to-month,No,Electronic check,35.12,216.39,No
CUST-11747,Male,0,No,Yes,72,Yes,DSL,Yes,No,Month-to-month,Yes,Bank transfer (automatic),60.09,4251.07,Yes
CUST-11748,Female,1,No,Yes,1,No,Fiber optic,No,No,One year,Yes,Credit card (automatic),66.11,61.26,Yes
CUST-11749,Male,1,Yes,No,72,Yes,DSL,No internet service,No,Two year,Yes,Electronic check,53.37,3560.11,No
CUST-11750,Male,0,No,No,7,Yes,No,No internet service,No,Month-to-month,No,Credit card (automatic),18.0,122.05,No
CUST-11751,Female,0,No,No,6,Yes,Fiber optic,No,No,Month-to-month,No,Electronic check,94.4,529.14,Yes
CUST-11752,Female,0,Yes,Yes,16,Yes,No,Yes,No,Month-to-month,Yes,Electronic check,31.21,514.17,Yes
CUST-11753,Male,0,No,No,22,Yes,Fiber optic,No,Yes,One year,Yes,Bank transfer (automatic),81.51,1685.43,No
CUST-11754,Female,0,Yes,No,10,Yes,Fiber optic,No,Yes,Month-to-month,Yes,Electronic check,82.97,763.17,No
CUST-11755,Female,0,Yes,No,23,No,DSL,No,No,Two year,No,Credit card (automatic),39.69,886.78,No
CUST-11756,Male,0,Yes,No,8,Yes,DSL,No,No,Month-to-month,Yes,Credit card (automatic),49.73,397.51,No
CUST-11757,Female,0,Yes,No,20,Yes,Fiber optic,No,No,Month-to-month,Yes,Credit card (automatic),70.96,1282.15,Yes
CUST-11758,Male,0,No,No,19,Yes,Fiber optic,No internet service,No internet service,Two year,Yes,Credit card (automatic),87.79,1526.29,No
CUST-11759,Female,0,No,No,7,Yes,Fiber optic,No,Yes,Two year,Yes,Electronic check,97.67,703.31,Yes
CUST-11760,Male,0,Yes,No,46,Yes,Fiber optic,No,No internet service,One year,Yes,Bank transfer (automatic),46.98,2209.67,No
CUST-11761,Female,0,Yes,No,32,Yes,No,No,No,Two year,Yes,Bank transfer (automatic),27.55,811.97,No
CUST-11762,Male,0,Yes,No,72,Yes,Fiber optic,No internet service,No,Two year,Yes,Credit card (automatic),92.74,6182.05,No
CUST-11763,Female,1,Yes,Yes,19,Yes,Fiber optic,Yes,Yes,Month-to-month,Yes,Electronic check,76.2,1478.96,No
CUST-11764,Male,0,No,No,23,Yes,No,No internet service,Yes,Month-to-month,No,Bank transfer (automatic),22.55,539.19,No
CUST-11765,Female,0,No,No,15,Yes,Fiber optic,No internet service,Yes,One year,Yes,Credit card (automatic),73.13,992.95,Yes
CUST-11766,Male,0,No,Yes,25,Yes,DSL,Yes,No internet service,One year,No,Credit card (automatic),70.87,1835.55,No
CUST-11767,Female,0,No,No,0,Yes,DSL,No internet service,Yes,Month-to-month,No,Credit card (automatic),58.51,,No
CUST-11768,Male,0,No,Yes,12,Yes,Fiber optic,No internet service,No,Month-to-month,No,Electronic check,86.48,1039.95,Yes
CUST-11769,Male,0,Yes,No,51,Yes,No,Yes,No,Month-to-month,No,Credit card (automatic),24.76,1201.86,No
CUST-11770,Female,0,Yes,Yes,6,Yes,DSL,No,No internet service,Two year,No,Bank transfer (automatic),52.2,284.61,No
CUST-11771,Female,0,Yes,No,32,Yes,Fiber optic,Yes,No,Month-to-month,Yes,Bank transfer (automatic),75.92,2318.61,No
CUST-11772,Female,0,Yes,Yes,50,Yes,Fiber optic,No internet service,Yes,Month-to-month,Yes,Credit card (automatic),96.24,4455.42,No
CUST-11773,Male,0,No,No,14,Yes,DSL,No internet service,No,Month-to-month,No,Credit card (automatic),48.19,642.65,No
CUST-11774,Female,0,No,Yes,20,Yes,DSL,No,Yes,One year,Yes,Electronic check,47.49,874.46,No
CUST-11775,Female,1,Yes,No,37,No,Fiber optic,Yes,No,Month-to-month,Yes,Bank transfer (automatic),88.64,3033.75,No
CUST-11776,Male,0,No,No,13,Yes,Fiber optic,Yes,No,One year,Yes,Electronic check,92.53,1218.2,No
CUST-11777,Female,0,Yes,No,26,Yes,Fiber optic,No internet service,Yes,Month-to-month,Yes,Electronic check,95.33,2446.09,No
CUST-11778,Male,0,Yes,Yes,0,Yes,No,Yes,No,Two year,Yes,Mailed check,18.56,,No
CUST-11779,Male,1,No,No,11,Yes,DSL,No internet service,Yes,One year,Yes,Bank transfer (automatic),76.15,800.97,No
CUST-11780,Male,0,No,No,28,Yes,DSL,No,Yes,Month-to-month,Yes,Mailed check,70.28,1836.91,No
CUST-11781,Female,0,Yes,No,7,No,No,No,Yes,Month-to-month,Yes,Electronic check,18.0,123.85,No
CUST-11782,Male,1,No,No,1,Yes,Fiber optic,No internet service,Yes,One year,Yes,Electronic check,84.35,84.76,No
CUST-11783,Male,0,No,No,14,Yes,DSL,Yes,No internet service,One year,No,Mailed check,65.23,864.68,No
CUST-11784,Female,0,Yes,Yes,10,Yes,No,No,No internet service,Two year,No,Electronic check,21.87,225.53,No
CUST-11785,Male,0,Yes,No,2,Yes,Fiber optic,No,No,Month-to-month,Yes,Bank transfer (automatic),120.0,236.89,No
CUST-11786,Female,0,No,Yes,1,Yes,DSL,No,No,Month-to-month,No,Credit card (automatic),71.61,70.81,Yes
CUST-11787,Female,0,No,No,72,Yes,Fiber optic,No internet service,No internet service,Month-to-month,No,Electronic check,63.43,4696.73,Yes
CUST-11788,Male,0,Yes,No,11,Yes,No,No internet service,No,Month-to-month,Yes,Electronic check,24.85,268.44,Yes
CUST-11789,Female,0,No,Yes,48,Yes,DSL,No,No internet service,Month-to-month,Yes,Credit card (automatic),58.43,2643.49,Yes
CUST-11790,Female,0,Yes,No,10,Yes,Fiber optic,Yes,Yes,Two year,Yes,Credit card (automatic),91.13,938.71,No
CUST-11791,Male,1,No,Yes,72,Yes,Fiber optic,No,No internet service,Month-to-month,No,Bank transfer (automatic),84.51,5714.91,Yes
CUST-11792,Female,0,Yes,No,0,Yes,DSL,No,No,Month-to-month,Yes,Mailed check,63.0,,No
CUST-11793,Male,0,Yes,No,10,Yes,Fiber optic,Yes,No internet service,One year,Yes,Credit card (automatic),71.05,721.35,No
CUST-11794,Female,0,Yes,No,19,Yes,Fiber optic,No,Yes,Month-to-month,Yes,Credit card (automatic),85.22,1485.87,No
CUST-11795,Male,0,Yes,No,38,Yes,Fiber optic,No internet service,No,Month-to-month,Yes,Electronic check,88.22,3461.06,Yes
CUST-11796,Female,0,No,No,17,Yes,No,No,No,Month-to-month,No,Electronic check,18.0,289.5,No
CUST-11797,Female,0,Yes,No,21,Yes,Fiber optic,No internet service,No,Month-to-month,Yes,Electronic check,65.37,1405.35,No
CUST-11798,Male,0,Yes,Yes,71,Yes,DSL,Yes,No internet service,Month-to-month,Yes,Mailed check,61.32,4427.04,No
CUST-11799,Male,0,No,No,3,Yes,DSL,No,No,One year,No,Credit card (automatic),65.58,205.52,No
CUST-11800,Female,0,Yes,No,27,Yes,DSL,No,No,One year,Yes,Bank transfer (automatic),41.89,1075.5,No
CUST-11801,Male,0,No,Yes,60,Yes,Fiber optic,Yes,No internet service,Month-to-month,No,Electronic check,80.06,4485.64,No
CUST-11802,Female,0,Yes,No,23,Yes,DSL,Yes,No internet service,Two year,Yes,Bank transfer (automatic),46.29,1085.95,No
CUST-11803,Female,0,Yes,Yes,49,Yes,Fiber optic,No,No,Month-to-month,No,Electronic check,100.07,4531.08,No
CUST-11804,Male,0,No,Yes,55,Yes,No,No internet service,No,Two year,No,Bank transfer (automatic),21.31,1111.13,No
CUST-11805,Male,0,Yes,No,19,No,No,Yes,No,Month-to-month,Yes,Bank transfer (automatic),19.47,356.14,Yes
CUST-11806,Female,0,No,Yes,14,Yes,Fiber optic,No,Yes,Month-to-month,No,Mailed check,103.51,1499.98,No
CUST-11807,Female,0,Yes,No,8,Yes,Fiber optic,Yes,Yes,One year,Yes,Credit card (automatic),83.57,634.4,No
CUST-11808,Male,0,Yes,Yes,1,No,DSL,No,No internet service,One year,Yes,Electronic check,63.1,59.02,No
CUST-11809,Female,0,Yes,No,30,Yes,Fiber optic,Yes,No internet service,One year,Yes,Mailed check,46.45,1450.18,No
CUST-11810,Male,0,No,No,8,Yes,Fiber optic,Yes,No internet service,One year,No,Credit card (automatic),80.37,638.19,No
CUST-11811,Male,0,No,Yes,2,Yes,DSL,Yes,No internet service,One year,No,Bank transfer (automatic),74.37,136.04,No
CUST-11812,Male,0,No,Yes,30,Yes,DSL,Yes,No,Month-to-month,No,Bank transfer (automatic),66.41,1969.33,Yes
CUST-11813,Female,0,Yes,No,26,Yes,Fiber optic,Yes,No internet service,Month-to-month,Yes,Mailed check,89.26,2434.97,Yes
CUST-11814,Male,0,Yes,No,36,Yes,Fiber optic,No,Yes,Two year,No,Mailed check,87.91,3283.11,No
CUST-11815,Male,1,No,Yes,19,Yes,DSL,No internet service,Yes,Month-to-month,No,Electronic check,28.8,512.67,No
CUST-11816,Male,0,Yes,No,45,No,Fiber optic,No,No,Month-to-month,No,Electronic check,81.52,3328.82,Yes
CUST-11817,Female,1,Yes,No,14,Yes,Fiber optic,No,No internet service,Month-to-month,Yes,Mailed check,55.07,699.36,No
CUST-11818,Male,0,No,Yes,10,Yes,Fiber optic,No,No,Month-to-month,No,Electronic check,66.4,634.09,Yes
CUST-11819,Female,1,Yes,No,21,Yes,DSL,Yes,Yes,Month-to-month,No,Electronic check,51.7,1059.2,No
CUST-11820,Male,0,No,Yes,3,Yes,Fiber optic,No internet service,Yes,Month-to-month,Yes,Bank transfer (automatic),118.35,356.75,Yes
CUST-11821,Female,1,Yes,No,0,Yes,DSL,No,No,Month-to-month,No,Electronic check,46.25,,No
CUST-11822,Male,0,No,Yes,21,Yes,DSL,No,No internet service,Month-to-month,Yes,Electronic check,59.45,1149.47,Yes
CUST-11823,Female,0,No,No,17,Yes,DSL,No,Yes,Two year,Yes,Mailed check,68.62,1193.84,No
CUST-11824,Male,0,No,No,6,Yes,Fiber optic,Yes,No internet service,Two year,No,Mailed check,105.25,592.49,Yes
CUST-11825,Male,0,No,Yes,53,Yes,Fiber optic,No,Yes,Month-to-month,Yes,Bank transfer (automatic),68.76,3391.95,No
CUST-11826,Male,0,Yes,Yes,31,Yes,Fiber optic,Yes,No,Month-to-month,No,Electronic check,89.97,2919.37,Yes
CUST-11827,Female,0,No,No,26,Yes,No,No internet service,No,One year,No,Electronic check,22.15,540.19,No
CUST-11828,Female,1,Yes,No,20,Yes,Fiber optic,Yes,Yes,Month-to-month,Yes,Electronic check,79.74,1589.13,Yes
CUST-11829,Male,0,Yes,No,12,Yes,Fiber optic,No,No,Month-to-month,No,Credit card (automatic),81.22,941.85,Yes
CUST-11830,Female,1,Yes,Yes,4,Yes,Fiber optic,Yes,Yes,Month-to-month,Yes,Credit card (automatic),85.37,351.23,No
CUST-11831,Male,0,Yes,Yes,42,Yes,DSL,No,Yes,Month-to-month,Yes,Bank transfer (automatic),51.59,2150.65,Yes
CUST-11832,Male,0,Yes,No,1,Yes,Fiber optic,No,No internet service,Month-to-month,No,Bank transfer (automatic),81.69,73.7,Yes
CUST-11833,Female,0,Yes,No,3,Yes,Fiber optic,No,No,Month-to-month,No,Credit card (automatic),63.86,180.35,Yes
CUST-11834,Female,0,No,No,11,Yes,DSL,Yes,Yes,Two year,Yes,Electronic check,56.32,563.71,No
CUST-11835,Female,0,Yes,No,72,Yes,DSL,No,No,Month-to-month,Yes,Bank transfer (automatic),47.24,3280.14,No
CUST-11836,Male,0,Yes,No,8,Yes,DSL,No internet service,No,Month-to-month,Yes,Credit card (automatic),50.94,392.11,No
CUST-11837,Female,0,Yes,No,43,Yes,DSL,No,Yes,Month-to-month,Yes,Credit card (automatic),43.94,1747.45,No
CUST-11838,Female,0,Yes,No,26,Yes,Fiber optic,No,No internet service,Month-to-month,No,Bank transfer (automatic),66.16,1753.33,Yes
CUST-11839,Male,0,Yes,Yes,12,Yes,Fiber optic,Yes,No,Two year,Yes,Mailed check,89.23,1051.74,No
CUST-11840,Male,0,No,No,3,Yes,Fiber optic,Yes,No internet service,Month-to-month,Yes,Bank transfer (automatic),82.78,254.31,No
CUST-11841,Female,0,Yes,Yes,27,Yes,Fiber optic,No,No internet service,Two year,Yes,Electronic check,95.86,2399.12,No
CUST-11842,Male,0,No,Yes,72,Yes,DSL,No,Yes,One year,No,Bank transfer (automatic),62.3,4339.1,No
CUST-11843,Female,0,No,Yes,4,Yes,No,No internet service,No,Month-to-month,Yes,Electronic check,33.37,127.31,No
CUST-11844,Female,0,No,No,4,Yes,Fiber optic,No,No,One year,No,Mailed check,75.79,297.28,No
CUST-11845,Male,0,No,Yes,1,Yes,No,No,Yes,Month-to-month,No,Credit card (automatic),20.02,19.73,No
CUST-11846,Male,0,No,Yes,8,Yes,Fiber optic,Yes,Yes,Two year,Yes,Bank transfer (automatic),107.9,888.65,No
CUST-11847,Female,0,No,No,41,Yes,Fiber optic,No,Yes,Month-to-month,Yes,Electronic check,80.98,3426.35,No
CUST-11848,Female,0,Yes,No,9,Yes,No,No,No internet service,Month-to-month,No,Mailed check,18.1,166.22,No
CUST-11849,Female,0,No,Yes,21,Yes,No,No internet service,No,One year,No,Mailed check,30.8,664.09,No
CUST-11850,Male,0,Yes,No,15,Yes,DSL,Yes,No internet service,Month-to-month,Yes,Bank transfer (automatic),45.99,702.79,No
CUST-11851,Female,0,Yes,No,2,Yes,Fiber optic,No,Yes,Month-to-month,Yes,Mailed check,67.85,123.21,Yes
CUST-11852,Female,0,Yes,No,1,Yes,DSL,No,Yes,One year,No,Bank transfer (automatic),62.28,57.14,No
CUST-11853,Male,1,Yes,Yes,3,Yes,No,No,No,Two year,No,Electronic check,31.87,98.72,No
CUST-11854,Male,0,No,No,72,Yes,No,Yes,No internet service,One year,Yes,Bank transfer (automatic),27.88,1923.7,No
CUST-11855,Female,0,No,No,6,Yes,Fiber optic,Yes,No,Month-to-month,Yes,Bank transfer (automatic),103.14,647.03,Yes
CUST-11856,Male,0,Yes,Yes,11,Yes,Fiber optic,Yes,No,Month-to-month,No,Bank transfer (automatic),109.65,1190.78,Yes
CUST-11857,Female,0,No,No,5,Yes,Fiber optic,No internet service,No,Month-to-month,Yes,Mailed check,109.61,511.8,Yes
CUST-11858,Female,0,Yes,Yes,6,Yes,DSL,Yes,Yes,One year,Yes,Electronic check,52.1,315.23,No
CUST-11859,Female,0,No,No,20,Yes,No,Yes,No,One year,No,Mailed check,19.36,402.07,No
CUST-11860,Male,0,Yes,No,55,Yes,Fiber optic,No,No internet service,Month-to-month,Yes,Bank transfer (automatic),92.68,4877.7,Yes
CUST-11861,Female,0,No,No,19,Yes,DSL,No,No,Month-to-month,No,Credit card (automatic),57.76,1116.8,Yes
CUST-11862,Female,0,No,Yes,4,Yes,Fiber optic,No,Yes,One year,Yes,Mailed check,82.95,322.05,Yes
CUST-11863,Male,0,Yes,No,25,Yes,DSL,Yes,No,One year,No,Credit card (automatic),52.8,1312.35,No
CUST-11864,Female,0,No,No,3,Yes,DSL,No,No,Month-to-month,Yes,Mailed check,49.47,140.74,No
CUST-11865,Female,0,Yes,No,3,Yes,Fiber optic,No internet service,No,Month-to-month,Yes,Credit card (automatic),82.41,253.8,Yes
CUST-11866,Male,1,Yes,Yes,15,Yes,No,No internet service,Yes,Month-to-month,No,Electronic check,18.45,252.16,No
CUST-11867,Female,0,No,No,2,Yes,No,Yes,No,One year,Yes,Electronic check,18.0,33.65,No
CUST-11868,Female,0,Yes,Yes,11,No,No,No,Yes,Month-to-month,Yes,Electronic check,26.36,276.94,No
CUST-11869,Female,0,No,Yes,41,No,Fiber optic,No,Yes,Two year,No,Bank transfer (automatic),88.3,3424.5,No
CUST-11870,Female,1,No,Yes,15,Yes,DSL,Yes,No,Two year,Yes,Electronic check,67.46,1057.22,No
CUST-11871,Female,0,No,No,43,No,DSL,No internet service,Yes,Month-to-month,Yes,Bank transfer (automatic),74.49,3085.17,Yes
CUST-11872,Male,0,Yes,No,37,Yes,No,No internet service,No,Month-to-month,Yes,Electronic check,38.06,1356.82,No
CUST-11873,Female,0,Yes,No,9,Yes,Fiber optic,Yes,Yes,Month-to-month,No,Electronic check,68.16,570.56,Yes
CUST-11874,Female,0,Yes,Yes,6,Yes,DSL,No,No,Month-to-month,Yes,Mailed check,58.06,347.94,No
CUST-11875,Female,0,Yes,No,13,Yes,Fiber optic,No internet service,No,Two year,Yes,Electronic check,76.49,973.77,No
CUST-11876,Female,0,Yes,No,12,Yes,Fiber optic,No internet service,No,Month-to-month,No,Bank transfer (automatic),76.01,894.38,No
CUST-11877,Female,0,No,Yes,18,No,DSL,Yes,Yes,Two year,No,Credit card (automatic),70.99,1181.75,No
CUST-11878,Male,1,No,Yes,5,Yes,Fiber optic,No,No,Month-to-month,Yes,Bank transfer (automatic),87.28,394.11,No
CUST-11879,Female,0,Yes,Yes,24,Yes,DSL,No,Yes,Month-to-month,Yes,Bank transfer (automatic),32.7,794.3,No
CUST-11880,Female,0,No,No,22,Yes,Fiber optic,No,Yes,Month-to-month,No,Credit card (automatic),101.75,2230.19,No
CUST-11881,Male,0,No,Yes,7,Yes,DSL,No,Yes,Month-to-month,No,Electronic check,53.06,364.72,No
CUST-11882,Female,0,No,No,6,Yes,Fiber optic,No,No internet service,One year,No,Bank transfer (automatic),93.87,507.4,No
CUST-11883,Female,0,Yes,Yes,61,Yes,Fiber optic,No,No,Month-to-month,Yes,Mailed check,102.21,5710.33,Yes
CUST-11884,Male,1,No,No,24,Yes,DSL,Yes,Yes,Month-to-month,No,Electronic check,59.49,1378.87,No
CUST-11885,Male,0,No,No,27,Yes,No,No,No,Month-to-month,No,Credit card (automatic),18.0,448.55,Yes
CUST-11886,Male,0,Yes,No,0,Yes,DSL,Yes,No,Month-to-month,Yes,Credit card (automatic),63.12,,No
CUST-11887,Male,0,No,No,15,Yes,Fiber optic,No,Yes,Month-to-month,No,Bank transfer (automatic),72.71,1142.68,No
CUST-11888,Female,0,No,No,8,Yes,Fiber optic,No,No internet service,Month-to-month,Yes,Mailed check,81.06,594.45,No
CUST-11889,Female,0,No,Yes,72,Yes,DSL,Yes,No internet service,Two year,Yes,Electronic check,47.34,3437.48,No
CUST-11890,Female,0,Yes,Yes,10,Yes,Fiber optic,No,No internet service,Month-to-month,Yes,Bank transfer (automatic),87.07,790.74,Yes
CUST-11891,Male,0,No,No,42,Yes,Fiber optic,No,Yes,Month-to-month,Yes,Mailed check,87.78,3599.27,No
CUST-11892,Male,0,No,Yes,51,Yes,No,Yes,Yes,Month-to-month,No,Electronic check,23.06,1059.63,No
CUST-11893,Female,0,No,No,17,Yes,DSL,No internet service,No internet service,One year,Yes,Electronic check,49.15,840.64,No
CUST-11894,Female,0,No,No,43,Yes,DSL,No internet service,Yes,Month-to-month,Yes,Credit card (automatic),62.57,2584.76,No
CUST-11895,Female,1,No,Yes,21,Yes,DSL,Yes,Yes,One year,Yes,Electronic check,46.61,994.12,No
CUST-11896,Male,0,No,Yes,0,Yes,No,Yes,No internet service,One year,Yes,Bank transfer (automatic),37.88,,No
CUST-11897,Male,1,No,No,43,Yes,Fiber optic,No,No internet service,Month-to-month,Yes,Electronic check,73.18,3179.45,No
CUST-11898,Female,0,Yes,No,9,Yes,No,No,Yes,Month-to-month,No,Credit card (automatic),26.82,218.55,Yes
CUST-11899,Male,0,Yes,Yes,4,Yes,DSL,No,No,Month-to-month,Yes,Mailed check,55.9,222.14,No
CUST-11900,Female,0,No,No,60,Yes,Fiber optic,No,Yes,Month-to-month,Yes,Bank transfer (automatic),94.19,5358.36,Yes
CUST-11901,Female,0,No,No,12,Yes,No,No internet service,Yes,Two year,Yes,Mailed check,31.83,348.03,Yes
CUST-11902,Male,0,No,No,8,Yes,No,Yes,No,Two year,Yes,Bank transfer (automatic),41.23,331.91,No
CUST-11903,Female,1,No,No,43,Yes,Fiber optic,Yes,Yes,One year,Yes,Mailed check,80.2,3541.67,No
CUST-11904,Male,1,Yes,No,11,Yes,Fiber optic,Yes,No,Month-to-month,No,Electronic check,85.2,870.9,Yes
CUST-11905,Male,0,No,No,2,Yes,Fiber optic,No internet service,No,Month-to-month,No,Bank transfer (automatic),85.8,166.38,No
CUST-11906,Female,1,No,No,8,No,DSL,Yes,No,Month-to-month,Yes,Bank transfer (automatic),79.37,577.53,No
CUST-11907,Female,1,No,No,24,Yes,No,No,Yes,One year,Yes,Mailed check,23.84,540.48,No
CUST-11908,Male,0,Yes,No,16,Yes,No,No,No internet service,Month-to-month,Yes,Electronic check,25.14,381.1,No
CUST-11909,Male,0,Yes,No,23,Yes,DSL,Yes,No internet service,Two year,Yes,Credit card (automatic),70.93,1662.51,No
CUST-11910,Female,0,Yes,Yes,2,Yes,Fiber optic,No,No,Two year,Yes,Mailed check,92.87,169.19,Yes
CUST-11911,Female,0,Yes,Yes,24,No,DSL,No,No,Two year,No,Mailed check,59.33,1383.18,No
CUST-11912,Female,0,Yes,Yes,1,Yes,No,No,No,One year,No,Credit card (automatic),18.0,18.11,No
CUST-11913,Male,0,Yes,No,23,Yes,Fiber optic,No,No,Two year,Yes,Bank transfer (automatic),92.76,2098.15,No
CUST-11914,Female,0,No,No,5,Yes,No,No,No,One year,Yes,Mailed check,27.79,126.07,No
CUST-11915,Male,1,No,No,8,Yes,DSL,No,No,One year,Yes,Mailed check,50.43,373.06,No
CUST-11916,Female,1,No,No,25,Yes,DSL,No internet service,No internet service,One year,No,Electronic check,55.94,1289.82,Yes
CUST-11917,Female,0,Yes,No,4,Yes,Fiber optic,No internet service,Yes,One year,Yes,Electronic check,86.52,340.24,Yes
CUST-11918,Female,1,No,Yes,8,Yes,DSL,No internet service,No,One year,No,Mailed check,47.31,372.86,No
CUST-11919,Male,0,Yes,Yes,15,Yes,Fiber optic,No internet service,No,Month-to-month,No,Credit card (automatic),85.59,1293.79,Yes
CUST-11920,Female,0,Yes,Yes,4,No,No,No,No,Month-to-month,Yes,Electronic check,22.52,85.29,No
CUST-11921,Male,0,Yes,Yes,34,Yes,DSL,No,No,Month-to-month,Yes,Electronic check,52.74,1656.69,Yes
CUST-11922,Male,0,Yes,Yes,26,Yes,No,No,No internet service,Two year,No,Credit card (automatic),25.08,616.67,No
CUST-11923,Male,0,Yes,Yes,6,Yes,No,No,Yes,Month-to-month,Yes,Credit card (automatic),18.0,100.26,No
CUST-11924,Male,0,No,No,10,Yes,Fiber optic,No internet service,No,Month-to-month,No,Credit card (automatic),92.03,891.77,No
CUST-11925,Male,0,Yes,No,37,Yes,Fiber optic,No internet service,No,One year,Yes,Mailed check,85.07,2969.89,Yes
CUST-11926,Male,0,Yes,No,26,Yes,Fiber optic,No internet service,Yes,One year,Yes,Credit card (automatic),71.94,1744.35,No
CUST-11927,Female,0,No,Yes,54,Yes,No,No,No,Two year,Yes,Mailed check,24.72,1361.3,No
CUST-11928,Female,0,No,No,0,Yes,DSL,Yes,No internet service,Month-to-month,Yes,Bank transfer (automatic),64.96,,No
CUST-11929,Male,0,Yes,No,29,Yes,Fiber optic,No,No,Two year,Yes,Mailed check,64.37,1703.71,Yes
CUST-11930,Male,0,No,Yes,17,Yes,DSL,No internet service,No,Two year,No,Mailed check,77.35,1304.01,No
CUST-11931,Male,0,Yes,No,32,Yes,Fiber optic,No,Yes,Month-to-month,Yes,Credit card (automatic),94.29,2889.32,No
CUST-11932,Male,0,Yes,No,2,Yes,Fiber optic,No internet service,No,One year,No,Credit card (automatic),112.74,235.52,Yes
CUST-11933,Male,0,No,Yes,5,Yes,Fiber optic,No,No,Month-to-month,Yes,Bank transfer (automatic),76.19,367.3,No
CUST-11934,Male,0,No,No,19,Yes,Fiber optic,No,Yes,Month-to-month,No,Bank transfer (automatic),104.48,1968.11,No
CUST-11935,Male,1,No,No,14,Yes,Fiber optic,No,No internet service,Month-to-month,Yes,Bank transfer (automatic),67.28,898.01,No
CUST-11936,Female,0,No,No,9,No,Fiber optic,Yes,No,Month-to-month,No,Credit card (automatic),106.3,988.8,Yes
CUST-11937,Female,0,No,No,26,Yes,Fiber optic,Yes,No,Two year,Yes,Electronic check,69.9,1801.57,No
CUST-11938,Male,0,No,Yes,50,Yes,Fiber optic,Yes,No,One year,Yes,Electronic check,85.94,4125.99,No
CUST-11939,Male,0,Yes,No,2,Yes,Fiber optic,No,No internet service,Month-to-month,Yes,Credit card (automatic),101.18,197.42,Yes
CUST-11940,Female,1,No,No,23,Yes,Fiber optic,No,No,Month-to-month,Yes,Mailed check,73.71,1749.22,Yes
CUST-11941,Male,1,Yes,No,3,Yes,Fiber optic,No,No,Month-to-month,No,Electronic check,74.95,207.17,Yes
CUST-11942,Female,1,No,Yes,13,Yes,DSL,No,No,One year,Yes,Credit card (automatic),86.6,1046.65,No
CUST-11943,Male,0,Yes,No,50,Yes,DSL,Yes,No internet service,Month-to-month,No,Mailed check,65.13,3171.7,No
CUST-11944,Male,0,No,No,1,Yes,Fiber optic,Yes,No,Month-to-month,Yes,Bank transfer (automatic),66.28,69.17,No
CUST-11945,Female,0,No,No,4,Yes,DSL,No,Yes,Two year,No,Electronic check,57.24,225.41,No
CUST-11946,Male,0,Yes,Yes,8,Yes,Fiber optic,Yes,No,One year,No,Bank transfer (automatic),98.58,776.01,No
CUST-11947,Female,0,Yes,Yes,0,Yes,DSL,No,Yes,Two year,Yes,Electronic check,59.49,,No
CUST-11948,Male,0,Yes,No,50,Yes,Fiber optic,No,No internet service,Two year,No,Mailed check,83.25,4342.78,No
CUST-11949,Female,0,Yes,No,39,No,DSL,No internet service,No,Month-to-month,Yes,Electronic check,58.93,2102.89,Yes
CUST-11950,Male,0,No,No,31,Yes,Fiber optic,No,No internet service,Two year,Yes,Credit card (automatic),46.05,1368.01,No
CUST-11951,Male,0,Yes,No,52,No,DSL,No,No,Month-to-month,No,Electronic check,60.21,3271.69,Yes
CUST-11952,Male,0,No,No,12,Yes,DSL,No,No internet service,Two year,Yes,Credit card (automatic),46.3,541.83,No
CUST-11953,Female,0,No,Yes,1,Yes,Fiber optic,No internet service,No,One year,Yes,Electronic check,89.95,85.6,Yes
CUST-11954,Male,0,No,No,31,Yes,DSL,Yes,No,One year,Yes,Credit card (automatic),55.2,1671.75,No
CUST-11955,Female,0,No,No,14,Yes,Fiber optic,Yes,No internet service,Month-to-month,Yes,Electronic check,100.03,1415.01,Yes
CUST-11956,Male,0,Yes,No,12,Yes,No,No internet service,No,Month-to-month,No,Electronic check,30.31,339.83,No
CUST-11957,Male,0,Yes,No,12,Yes,No,No,No,Month-to-month,Yes,Electronic check,18.0,212.41,No
CUST-11958,Female,0,No,No,72,Yes,Fiber optic,No,Yes,Month-to-month,Yes,Bank transfer (automatic),106.48,7891.73,No
CUST-11959,Female,0,No,No,9,Yes,DSL,No,No,Month-to-month,No,Mailed check,46.99,386.21,No
CUST-11960,Male,0,Yes,Yes,5,Yes,Fiber optic,No internet service,Yes,Month-to-month,No,Electronic check,82.28,390.76,Yes
CUST-11961,Male,0,Yes,No,33,No,Fiber optic,Yes,No internet service,Month-to-month,Yes,Credit card (automatic),107.31,3406.63,No
CUST-11962,Female,0,No,No,3,Yes,DSL,No internet service,No,One year,Yes,Bank transfer (automatic),48.44,132.52,Yes
CUST-11963,Female,0,Yes,No,25,Yes,DSL,No internet service,Yes,Month-to-month,No,Credit card (automatic),65.62,1550.62,No
CUST-11964,Male,0,No,No,40,Yes,DSL,No,No,Month-to-month,Yes,Credit card (automatic),69.6,2715.95,Yes
CUST-11965,Male,0,Yes,No,38,Yes,DSL,No,No,Month-to-month,No,Electronic check,50.43,1903.69,Yes
CUST-11966,Male,0,No,Yes,21,Yes,No,Yes,Yes,One year,No,Electronic check,30.64,611.21,No
CUST-11967,Female,1,No,Yes,7,No,DSL,No,Yes,Month-to-month,Yes,Mailed check,47.29,302.8,No
CUST-11968,Female,0,No,No,13,Yes,Fiber optic,No internet service,No,Month-to-month,Yes,Electronic check,95.73,1127.29,Yes
CUST-11969,Female,0,Yes,Yes,29,No,Fiber optic,No,No,Month-to-month,Yes,Mailed check,84.84,2547.55,Yes
CUST-11970,Male,0,No,No,53,Yes,DSL,No,No,One year,Yes,Bank transfer (automatic),53.52,2844.55,No
CUST-11971,Male,0,No,No,62,Yes,Fiber optic,No,Yes,Month-to-month,Yes,Bank transfer (automatic),86.73,5545.74,Yes
CUST-11972,Female,0,No,No,10,Yes,DSL,No internet service,No,One year,Yes,Mailed check,69.09,704.72,Yes
CUST-11973,Female,0,No,No,30,Yes,No,Yes,No internet service,Two year,Yes,Mailed check,32.24,971.48,No
CUST-11974,Female,0,Yes,Yes,13,Yes,No,No,No,Two year,Yes,Bank transfer (automatic),18.0,238.85,No
CUST-11975,Female,0,Yes,No,9,Yes,No,Yes,Yes,Two year,No,Credit card (automatic),34.66,292.03,No
CUST-11976,Female,0,Yes,No,0,Yes,Fiber optic,Yes,No,Month-to-month,No,Mailed check,100.02,,Yes
CUST-11977,Female,0,Yes,No,10,Yes,DSL,Yes,No internet service,Month-to-month,No,Bank transfer (automatic),65.12,663.19,Yes
CUST-11978,Female,0,No,Yes,32,No,Fiber optic,Yes,No,Month-to-month,Yes,Bank transfer (automatic),102.86,3108.48,Yes
CUST-11979,Male,0,No,No,42,Yes,Fiber optic,No,No internet service,Month-to-month,No,Electronic check,86.78,3459.85,No
CUST-11980,Female,0,Yes,No,6,Yes,Fiber optic,No internet service,No,Month-to-month,Yes,Electronic check,84.18,506.76,Yes
CUST-11981,Male,0,Yes,No,23,Yes,Fiber optic,No,No,Two year,No,Bank transfer (automatic),82.37,1943.78,No
CUST-11982,Female,0,Yes,Yes,22,No,Fiber optic,No,Yes,One year,Yes,Bank transfer (automatic),107.85,2368.7,No
CUST-11983,Male,0,No,Yes,24,Yes,DSL,Yes,No internet service,Month-to-month,No,Credit card (automatic),41.44,995.68,No
CUST-11984,Male,0,No,Yes,22,Yes,Fiber optic,Yes,No internet service,Month-to-month,No,Electronic check,64.97,1368.92,No
CUST-11985,Male,0,No,Yes,12,No,No,Yes,No internet service,Month-to-month,Yes,Mailed check,24.49,306.55,No
CUST-11986,Male,0,Yes,No,14,Yes,Fiber optic,Yes,No,Two year,Yes,Credit card (automatic),88.04,1190.39,Yes
CUST-11987,Female,0,No,No,33,Yes,Fiber optic,No,No,Month-to-month,No,Credit card (automatic),73.89,2340.8,Yes
CUST-11988,Female,0,No,No,27,Yes,DSL,No,No,Month-to-month,Yes,Electronic check,37.15,966.18,Yes
CUST-11989,Female,0,No,Yes,22,Yes,Fiber optic,No,No internet service,Two year,No,Bank transfer (automatic),68.3,1366.52,No
CUST-11990,Male,1,No,No,30,No,Fiber optic,No,No,Month-to-month,Yes,Mailed check,86.64,2357.09,Yes
CUST-11991,Female,0,Yes,Yes,3,Yes,No,No,No,Two year,Yes,Electronic check,31.5,85.58,No
CUST-11992,Male,0,No,No,3,Yes,No,No,Yes,One year,Yes,Electronic check,30.75,93.84,No
CUST-11993,Male,0,Yes,No,16,Yes,Fiber optic,No internet service,Yes,Month-to-month,No,Bank transfer (automatic),92.7,1342.95,Yes
CUST-11994,Male,0,No,No,0,Yes,Fiber optic,No,No,Month-to-month,No,Bank transfer (automatic),88.59,,Yes
CUST-11995,Female,0,Yes,No,22,Yes,Fiber optic,Yes,Yes,Month-to-month,No,Electronic check,76.23,1632.95,No
CUST-11996,Female,0,Yes,Yes,20,Yes,Fiber optic,No,No internet service,Two year,Yes,Electronic check,103.22,2070.97,Yes
CUST-11997,Female,0,No,No,26,Yes,Fiber optic,Yes,Yes,Two year,Yes,Mailed check,76.06,2015.56,No
CUST-11998,Female,1,No,No,28,Yes,DSL,No,No internet service,Month-to-month,Yes,Electronic check,71.52,2047.64,No
CUST-11999,Female,0,No,Yes,14,Yes,DSL,No,No,Two year,No,Electronic check,57.03,731.07,No
CUST-12000,Female,0,No,Yes,19,Yes,No,No,No,Month-to-month,No,Electronic check,33.25,611.53,No
CUST-12001,Male,0,Yes,No,2,Yes,Fiber optic,No internet service,No,One year,No,Credit card (automatic),86.43,172.85,No
CUST-12002,Male,0,No,Yes,19,Yes,No,Yes,No,Month-to-month,Yes,Electronic check,23.89,454.44,No
CUST-12003,Male,1,No,No,12,Yes,No,Yes,No internet service,Two year,Yes,Bank transfer (automatic),30.85,346.81,No
CUST-12004,Male,0,Yes,No,22,Yes,Fiber optic,Yes,Yes,Month-to-month,Yes,Credit card (automatic),110.08,2198.02,No
CUST-12005,Male,0,Yes,Yes,31,Yes,Fiber optic,Yes,No internet service,One year,Yes,Electronic check,90.64,2611.24,No
CUST-12006,Female,0,No,Yes,11,Yes,Fiber optic,No,No,Month-to-month,Yes,Credit card (automatic),73.91,835.32,Yes
CUST-12007,Female,0,No,Yes,25,Yes,Fiber optic,No internet service,Yes,One year,Yes,Bank transfer (automatic),117.57,2922.07,Yes
CUST-12008,Male,0,Yes,Yes,72,Yes,Fiber optic,No,Yes,Month-to-month,No,Bank transfer (automatic),62.17,4554.31,No
CUST-12009,Male,0,No,No,12,Yes,DSL,No internet service,No internet service,One year,No,Mailed check,46.92,535.86,No
CUST-12010,Female,1,No,No,19,Yes,No,Yes,No,One year,No,Electronic check,27.47,485.85,No
CUST-12011,Female,0,Yes,No,4,Yes,DSL,No,Yes,Two year,Yes,Mailed check,29.19,112.67,No
CUST-12012,Female,0,Yes,No,22,Yes,DSL,No internet service,No,Month-to-month,No,Mailed check,78.68,1663.9,No
CUST-12013,Female,0,Yes,Yes,6,No,Fiber optic,No,No internet service,Month-to-month,No,Mailed check,61.76,368.91,Yes
CUST-12014,Female,0,No,No,59,Yes,DSL,No,No internet service,Two year,No,Bank transfer (automatic),61.03,3723.75,No
CUST-12015,Male,1,Yes,No,6,Yes,DSL,No internet service,No,Two year,No,Mailed check,37.05,218.99,No
CUST-12016,Female,0,No,Yes,26,Yes,DSL,No internet service,No,Two year,Yes,Mailed check,57.56,1545.06,No
CUST-12017,Male,0,No,No,29,Yes,No,Yes,No,Month-to-month,Yes,Credit card (automatic),35.03,1064.29,Yes
CUST-12018,Female,0,Yes,No,1,Yes,Fiber optic,No,No,Two year,Yes,Bank transfer (automatic),80.94,82.94,No
CUST-12019,Female,0,Yes,No,30,Yes,DSL,No internet service,No internet service,One year,No,Electronic check,50.23,1358.77,No
CUST-12020,Male,0,Yes,Yes,6,No,DSL,No,No,Two year,Yes,Mailed check,57.3,336.66,No
CUST-12021,Female,1,No,No,6,Yes,Fiber optic,No,Yes,Month-to-month,Yes,Credit card (automatic),86.89,512.57,Yes
CUST-12022,Female,0,No,No,22,Yes,Fiber optic,Yes,No internet service,One year,No,Electronic check,109.38,2427.69,No
CUST-12023,Male,0,No,No,15,Yes,DSL,No internet service,No,Two year,No,Mailed check,54.0,742.59,Yes
CUST-12024,Female,0,No,No,4,Yes,Fiber optic,No,No,Month-to-month,Yes,Electronic check,108.5,437.42,No
CUST-12025,Male,0,Yes,Yes,19,Yes,DSL,No internet service,No,Two year,Yes,Mailed check,66.21,1154.37,No
CUST-12026,Male,0,No,No,6,Yes,Fiber optic,Yes,No,Month-to-month,Yes,Electronic check,81.04,481.04,Yes
CUST-12027,Male,0,Yes,Yes,30,Yes,DSL,No,No,Month-to-month,No,Mailed check,57.8,1807.06,No
CUST-12028,Female,1,No,No,72,Yes,Fiber optic,Yes,Yes,One year,No,Mailed check,78.14,5533.55,No
CUST-12029,Female,0,No,No,65,No,Fiber optic,No internet service,No,Month-to-month,Yes,Credit card (automatic),94.12,6157.77,Yes
CUST-12030,Male,0,No,Yes,37,Yes,DSL,Yes,No,One year,No,Bank transfer (automatic),65.36,2399.69,No
CUST-12031,Male,0,Yes,Yes,20,Yes,DSL,No,No,Month-to-month,Yes,Electronic check,56.63,1052.89,No
CUST-12032,Female,0,Yes,No,6,Yes,Fiber optic,No,No internet service,Month-to-month,Yes,Mailed check,60.44,375.84,Yes
CUST-12033,Female,1,Yes,Yes,46,Yes,DSL,Yes,No,Month-to-month,Yes,Bank transfer (automatic),47.43,2070.89,Yes
CUST-12034,Male,0,No,No,13,Yes,DSL,No,No,Month-to-month,Yes,Bank transfer (automatic),49.0,603.83,Yes
CUST-12035,Female,0,Yes,No,5,Yes,No,No internet service,No internet service,One year,No,Mailed check,40.59,197.46,No
CUST-12036,Female,1,No,No,3,Yes,DSL,Yes,Yes,Month-to-month,Yes,Credit card (automatic),68.3,193.0,Yes
CUST-12037,Male,0,Yes,Yes,1,Yes,Fiber optic,No,No,Month-to-month,Yes,Mailed check,75.02,68.58,Yes
CUST-12038,Female,0,Yes,No,8,Yes,No,No,No,Two year,No,Electronic check,18.0,140.09,No
CUST-12039,Female,0,No,No,11,Yes,Fiber optic,No internet service,No,Month-to-month,No,Credit card (automatic),90.54,961.98,Yes
CUST-12040,Male,0,Yes,Yes,59,Yes,No,No,Yes,Month-to-month,Yes,Bank transfer (automatic),26.89,1596.31,No
CUST-12041,Male,0,Yes,No,11,Yes,No,No,No,One year,No,Mailed check,32.17,325.14,No
CUST-12042,Male,0,No,Yes,30,Yes,Fiber optic,Yes,No internet service,Month-to-month,Yes,Electronic check,90.13,2670.4,No
CUST-12043,Male,0,Yes,Yes,64,Yes,Fiber optic,No,No,One year,No,Electronic check,112.16,7531.64,No
CUST-12044,Female,0,Yes,Yes,21,Yes,DSL,Yes,Yes,Two year,No,Bank transfer (automatic),53.38,1108.1,No
CUST-12045,Male,0,Yes,No,52,Yes,DSL,No,No internet service,Two year,Yes,Credit card (automatic),53.67,2699.45,No
CUST-12046,Male,0,Yes,Yes,0,Yes,DSL,Yes,Yes,One year,Yes,Bank transfer (automatic),72.73,,No
CUST-12047,Female,0,No,No,23,Yes,Fiber optic,Yes,No,One year,Yes,Credit card (automatic),81.2,1780.74,No
CUST-12048,Female,0,No,No,6,Yes,Fiber optic,No internet service,No,Month-to-month,Yes,Electronic check,91.27,529.24,Yes
CUST-12049,Female,0,No,No,72,Yes,Fiber optic,No,No,Month-to-month,No,Electronic check,86.67,5927.77,Yes
CUST-12050,Female,1,No,No,21,Yes,No,No,Yes,One year,Yes,Bank transfer (automatic),27.09,590.74,No
CUST-12051,Male,1,Yes,No,46,Yes,DSL,No internet service,Yes,Month-to-month,No,Bank transfer (automatic),77.68,3682.03,No
CUST-12052,Male,0,Yes,No,12,Yes,No,Yes,No internet service,Month-to-month,Yes,Electronic check,20.34,228.71,Yes
CUST-12053,Male,0,No,No,22,Yes,DSL,No internet service,No,Month-to-month,Yes,Electronic check,40.62,928.73,No
CUST-12054,Male,0,Yes,No,25,Yes,Fiber optic,No,No internet service,Month-to-month,No,Electronic check,97.2,2550.0,No
CUST-12055,Female,0,No,No,59,Yes,Fiber optic,Yes,No,Month-to-month,Yes,Credit card (automatic),69.98,4260.91,No
CUST-12056,Female,1,No,No,31,Yes,DSL,No,Yes,One year,Yes,Electronic check,70.74,2097.86,No
CUST-12057,Male,1,Yes,No,17,Yes,No,Yes,No,Month-to-month,No,Credit card (automatic),35.91,586.43,Yes
CUST-12058,Male,0,No,No,16,Yes,Fiber optic,Yes,Yes,One year,Yes,Credit card (automatic),109.27,1693.42,No
CUST-12059,Male,0,No,No,19,Yes,DSL,No,No,Month-to-month,Yes,Electronic check,73.73,1316.53,Yes
CUST-12060,Female,1,No,No,22,Yes,DSL,No,Yes,Month-to-month,Yes,Electronic check,49.71,997.49,No
CUST-12061,Female,0,Yes,No,13,Yes,Fiber optic,Yes,No,One year,Yes,Mailed check,67.66,899.99,Yes
CUST-12062,Female,0,Yes,No,3,Yes,Fiber optic,No,No,One year,Yes,Mailed check,96.43,271.09,No
CUST-12063,Male,0,Yes,No,43,Yes,Fiber optic,No internet service,No,Month-to-month,No,Credit card (automatic),85.02,3319.55,No
CUST-12064,Male,0,Yes,No,23,Yes,DSL,No internet service,No,Month-to-month,No,Bank transfer (automatic),53.99,1169.13,No
CUST-12065,Female,0,Yes,No,59,Yes,Fiber optic,Yes,No internet service,Two year,Yes,Electronic check,57.1,3243.41,No
CUST-12066,Female,0,Yes,No,22,Yes,No,No internet service,Yes,Month-to-month,No,Mailed check,19.09,396.8,No
CUST-12067,Female,1,No,No,27,Yes,No,No,Yes,One year,No,Credit card (automatic),26.58,648.6,No
CUST-12068,Female,0,Yes,No,33,Yes,Fiber optic,No internet service,Yes,Month-to-month,Yes,Mailed check,113.89,3926.6,No
CUST-12069,Female,0,No,No,33,Yes,Fiber optic,No,No,Month-to-month,Yes,Mailed check,70.88,2357.97,Yes
CUST-12070,Female,0,Yes,No,14,Yes,DSL,Yes,No,Two year,Yes,Electronic check,52.39,713.43,No
CUST-12071,Male,0,Yes,No,72,Yes,No,No,No,Month-to-month,Yes,Electronic check,36.23,2573.83,No
CUST-12072,Female,0,No,No,47,Yes,No,No,Yes,One year,No,Mailed check,31.6,1414.63,No
CUST-12073,Female,0,No,No,14,Yes,DSL,No internet service,No,One year,Yes,Credit card (automatic),57.17,725.96,No
CUST-12074,Male,1,No,No,56,Yes,DSL,No,No internet service,Two year,Yes,Mailed check,48.03,2740.02,No
CUST-12075,Female,0,No,Yes,17,Yes,Fiber optic,Yes,No internet service,One year,Yes,Mailed check,91.47,1591.84,Yes
CUST-12076,Male,0,No,No,29,Yes,Fiber optic,No,No,Month-to-month,Yes,Electronic check,77.23,2313.36,Yes
CUST-12077,Male,0,Yes,Yes,34,Yes,DSL,No,No,One year,Yes,Electronic check,66.87,2315.92,No
CUST-12078,Female,0,No,Yes,7,Yes,Fiber optic,No,No,Two year,No,Electronic check,73.57,476.47,No
CUST-12079,Male,0,No,No,24,Yes,Fiber optic,Yes,No internet service,One year,No,Credit card (automatic),105.78,2473.41,No
CUST-12080,Female,0,No,No,41,Yes,No,No,No,Two year,Yes,Mailed check,27.3,1166.42,No
CUST-12081,Male,0,No,No,9,No,Fiber optic,No,No,Two year,Yes,Electronic check,96.43,847.08,No
CUST-12082,Female,1,No,No,14,Yes,Fiber optic,No,No internet service,Month-to-month,Yes,Electronic check,64.19,902.69,Yes
CUST-12083,Male,0,Yes,Yes,12,Yes,DSL,Yes,No,Month-to-month,Yes,Mailed check,34.7,408.84,No
CUST-12084,Male,0,Yes,Yes,43,Yes,DSL,No internet service,No,Month-to-month,No,Bank transfer (automatic),68.5,2858.42,No
CUST-12085,Male,0,Yes,No,4,Yes,Fiber optic,No,No internet service,Month-to-month,Yes,Credit card (automatic),70.36,254.72,No
CUST-12086,Female,0,Yes,No,5,Yes,Fiber optic,Yes,No,Two year,Yes,Electronic check,57.44,279.13,No
CUST-12087,Male,0,No,No,22,Yes,Fiber optic,No,Yes,One year,Yes,Mailed check,79.34,1763.09,Yes
CUST-12088,Female,0,No,No,8,Yes,No,No,Yes,Month-to-month,No,Mailed check,18.0,141.1,No
CUST-12089,Female,0,Yes,Yes,72,Yes,No,Yes,No,Two year,No,Bank transfer (automatic),20.9,1527.74,No
CUST-12090,Female,0,Yes,No,41,Yes,DSL,No internet service,Yes,Two year,No,Bank transfer (automatic),62.0,2538.75,No
CUST-12091,Male,0,Yes,No,3,Yes,Fiber optic,No internet service,Yes,Two year,No,Credit card (automatic),86.29,255.98,No
CUST-12092,Male,0,Yes,Yes,2,Yes,DSL,No,Yes,Two year,Yes,Electronic check,47.89,98.67,No
CUST-12093,Female,0,Yes,No,6,Yes,Fiber optic,Yes,Yes,Month-to-month,No,Electronic check,103.95,599.66,No
CUST-12094,Male,0,Yes,No,37,Yes,DSL,No internet service,No,One year,Yes,Electronic check,38.06,1454.34,No
CUST-12095,Female,0,No,No,14,Yes,Fiber optic,No,Yes,Month-to-month,Yes,Bank transfer (automatic),79.26,1033.38,Yes
CUST-12096,Female,0,No,No,34,Yes,DSL,No,No,One year,No,Mailed check,66.45,2084.96,No
CUST-12097,Male,0,Yes,No,9,Yes,Fiber optic,Yes,No internet service,Two year,Yes,Bank transfer (automatic),91.45,853.26,No
CUST-12098,Male,0,Yes,No,20,Yes,No,No,No,Month-to-month,No,Bank transfer (automatic),18.65,358.18,No
CUST-12099,Male,0,Yes,No,8,Yes,DSL,No,Yes,One year,No,Electronic check,54.71,419.14,No
CUST-12100,Female,1,No,No,25,Yes,Fiber optic,Yes,No,One year,Yes,Electronic check,91.89,2101.12,No
CUST-12101,Male,0,No,No,4,No,No,Yes,No,Two year,Yes,Electronic check,34.31,133.62,No
CUST-12102,Male,0,Yes,No,2,Yes,Fiber optic,No,Yes,One year,No,Credit card (automatic),95.38,198.32,No
CUST-12103,Male,1,Yes,No,39,Yes,No,Yes,Yes,Two year,Yes,Credit card (automatic),27.45,1037.32,No
CUST-12104,Female,0,Yes,No,7,Yes,Fiber optic,No internet service,No internet service,One year,Yes,Electronic check,92.34,603.1,No
CUST-12105,Male,0,No,No,23,Yes,No,No internet service,No internet service,One year,No,Bank transfer (automatic),30.76,683.58,No
CUST-12106,Male,0,No,Yes,36,Yes,No,Yes,No internet service,Two year,No,Mailed check,21.23,801.66,No
CUST-12107,Male,0,No,No,14,Yes,Fiber optic,No internet service,Yes,Month-to-month,No,Electronic check,74.66,1094.03,Yes
CUST-12108,Female,0,No,No,38,Yes,DSL,No,Yes,Month-to-month,No,Credit card (automatic),50.78,1913.07,No
CUST-12109,Female,0,No,Yes,6,Yes,DSL,Yes,No,Month-to-month,No,Credit card (automatic),48.9,269.43,No
CUST-12110,Female,0,Yes,Yes,1,Yes,Fiber optic,No,No,Month-to-month,No,Bank transfer (automatic),103.01,104.15,Yes
CUST-12111,Female,1,Yes,No,2,Yes,DSL,Yes,Yes,Month-to-month,No,Electronic check,63.95,121.99,No
CUST-12112,Male,0,No,No,43,Yes,DSL,Yes,No,One year,Yes,Bank transfer (automatic),54.38,2445.8,No
CUST-12113,Male,0,Yes,Yes,2,Yes,Fiber optic,No,Yes,Month-to-month,Yes,Mailed check,82.3,161.35,No
CUST-12114,Male,0,No,Yes,45,Yes,DSL,No,No,Month-to-month,No,Electronic check,52.84,2207.5,No
CUST-12115,Female,0,No,No,9,Yes,Fiber optic,No,Yes,One year,Yes,Electronic check,62.08,566.19,Yes
CUST-12116,Female,0,Yes,No,5,No,DSL,Yes,No,Two year,Yes,Bank transfer (automatic),64.23,332.0,No
CUST-12117,Female,0,No,No,30,Yes,No,No internet service,No,One year,No,Electronic check,28.51,823.97,No
CUST-12118,Male,0,No,No,0,Yes,No,No internet service,No,One year,Yes,Credit card (automatic),34.49,,No
CUST-12119,Male,0,No,No,36,Yes,DSL,No internet service,No,Month-to-month,Yes,Electronic check,37.31,1223.01,No
CUST-12120,Female,1,No,No,22,Yes,DSL,No,Yes,Month-to-month,No,Credit card (automatic),51.36,1096.02,No
CUST-12121,Male,0,Yes,No,8,Yes,Fiber optic,No internet service,No,Month-to-month,Yes,Electronic check,72.18,570.77,No
CUST-12122,Female,0,No,No,19,Yes,Fiber optic,No,No,Month-to-month,Yes,Bank transfer (automatic),100.44,1862.09,Yes
CUST-12123,Male,0,No,Yes,44,Yes,Fiber optic,Yes,Yes,Month-to-month,Yes,Mailed check,71.43,2956.21,No
CUST-12124,Female,1,No,No,44,Yes,No,No,No,Two year,No,Mailed check,22.75,952.14,No
CUST-12125,Male,0,No,No,0,Yes,DSL,No,Yes,One year,No,Mailed check,56.64,,No
CUST-12126,Female,0,Yes,No,5,Yes,No,No,No internet service,One year,No,Electronic check,27.81,139.73,No
CUST-12127,Male,0,Yes,Yes,24,Yes,DSL,Yes,No internet service,Month-to-month,Yes,Electronic check,47.02,1120.29,No
CUST-12128,Female,0,No,No,10,Yes,Fiber optic,No internet service,Yes,Month-to-month,No,Credit card (automatic),77.69,724.08,Yes
CUST-12129,Male,0,Yes,No,22,Yes,No,No,No internet service,Two year,Yes,Electronic check,33.64,738.9,No
CUST-12130,Male,0,No,No,34,Yes,Fiber optic,No,Yes,Month-to-month,No,Electronic check,91.77,3152.09,No
CUST-12131,Male,0,Yes,No,8,Yes,Fiber optic,No internet service,Yes,One year,No,Credit card (automatic),70.4,517.29,No
CUST-12132,Male,0,No,No,14,Yes,DSL,Yes,No internet service,Two year,Yes,Mailed check,78.02,1080.65,No
CUST-12133,Male,0,No,Yes,8,Yes,DSL,No internet service,Yes,Month-to-month,No,Electronic check,56.78,451.11,Yes
CUST-12134,Female,1,Yes,No,6,Yes,Fiber optic,No,No,One year,Yes,Bank transfer (automatic),85.61,470.95,Yes
CUST-12135,Male,1,No,Yes,25,Yes,Fiber optic,Yes,No internet service,Month-to-month,Yes,Credit card (automatic),99.85,2381.05,Yes
CUST-12136,Female,0,Yes,No,9,Yes,Fiber optic,No,No internet service,Month-to-month,No,Credit card (automatic),120.0,1087.94,Yes
CUST-12137,Female,0,No,No,65,No,DSL,No,No,Two year,No,Bank transfer (automatic),49.43,3215.83,No
CUST-12138,Male,0,No,No,14,Yes,No,No,No,Month-to-month,Yes,Electronic check,18.0,249.94,Yes
CUST-12139,Male,0,Yes,No,72,No,Fiber optic,No,No,Month-to-month,No,Electronic check,78.13,5788.41,Yes
CUST-12140,Female,0,No,No,2,Yes,No,Yes,Yes,Month-to-month,Yes,Credit card (automatic),18.0,33.43,No
CUST-12141,Male,0,No,No,11,Yes,Fiber optic,No,No,Month-to-month,Yes,Electronic check,99.19,1109.89,Yes
CUST-12142,Female,0,Yes,No,3,Yes,Fiber optic,No,No internet service,Month-to-month,No,Bank transfer (automatic),93.07,265.81,Yes
CUST-12143,Male,1,No,No,35,Yes,DSL,No,No,Month-to-month,Yes,Bank transfer (automatic),63.71,2112.38,Yes
CUST-12144,Male,0,No,No,72,Yes,No,No,No,One year,No,Electronic check,18.7,1287.61,No
CUST-12145,Female,0,Yes,No,58,Yes,Fiber optic,No,Yes,One year,No,Mailed check,77.88,4605.2,No
CUST-12146,Male,0,No,No,39,Yes,Fiber optic,No,Yes,Two year,Yes,Electronic check,70.87,2762.31,No
CUST-12147,Male,0,No,No,4,Yes,DSL,No internet service,Yes,Month-to-month,No,Electronic check,66.23,266.85,No
CUST-12148,Male,0,No,No,38,Yes,DSL,No internet service,Yes,Month-to-month,No,Bank transfer (automatic),49.09,1951.71,No
CUST-12149,Female,0,No,No,10,Yes,No,No internet service,No internet service,Month-to-month,No,Bank transfer (automatic),22.44,208.72,Yes
CUST-12150,Female,0,Yes,Yes,4,Yes,Fiber optic,No,No,Month-to-month,Yes,Credit card (automatic),71.5,283.77,Yes
CUST-12151,Female,0,No,No,72,Yes,DSL,Yes,No,Month-to-month,No,Mailed check,68.41,4766.59,Yes
CUST-12152,Female,0,No,No,1,Yes,Fiber optic,No internet service,Yes,Two year,Yes,Bank transfer (automatic),91.08,86.72,No
CUST-12153,Male,0,No,No,6,Yes,No,No,No internet service,Month-to-month,Yes,Credit card (automatic),25.28,158.84,No
CUST-12154,Male,0,Yes,No,55,Yes,DSL,No,No,Month-to-month,No,Electronic check,54.61,2763.52,No
CUST-12155,Female,0,Yes,No,2,Yes,Fiber optic,No,Yes,Month-to-month,No,Credit card (automatic),101.29,205.37,Yes
CUST-12156,Female,0,No,No,17,Yes,Fiber optic,No,Yes,Month-to-month,Yes,Electronic check,77.68,1281.8,Yes
CUST-12157,Male,1,No,No,31,Yes,No,Yes,No internet service,Month-to-month,Yes,Electronic check,32.95,1067.08,No
CUST-12158,Male,0,Yes,No,44,No,Fiber optic,No,No,Month-to-month,No,Mailed check,69.61,3160.2,Yes
CUST-12159,Male,0,Yes,No,0,Yes,DSL,No,No internet service,Month-to-month,Yes,Mailed check,57.46,,No
CUST-12160,Male,0,Yes,Yes,19,Yes,No,No,Yes,One year,Yes,Electronic check,18.0,345.54,No
CUST-12161,Female,0,No,No,17,Yes,No,No,No,One year,Yes,Bank transfer (automatic),25.98,404.08,Yes
CUST-12162,Female,0,Yes,No,8,Yes,Fiber optic,No,No,Month-to-month,Yes,Electronic check,79.54,655.07,Yes
CUST-12163,Male,0,No,Yes,40,Yes,No,No internet service,No,Month-to-month,Yes,Mailed check,31.11,1299.7,No
CUST-12164,Male,1,Yes,No,12,No,DSL,Yes,Yes,Month-to-month,No,Electronic check,46.29,566.29,No
CUST-12165,Female,0,No,No,40,Yes,Fiber optic,Yes,No,Month-to-month,Yes,Bank transfer (automatic),64.74,2713.35,Yes
CUST-12166,Female,0,Yes,No,18,Yes,No,No,No,One year,No,Electronic check,38.28,720.66,No
CUST-12167,Female,0,Yes,No,1,Yes,DSL,No,No internet service,Month-to-month,Yes,Mailed check,57.57,53.43,Yes
CUST-12168,Male,0,No,Yes,6,Yes,Fiber optic,No internet service,No internet service,Two year,Yes,Electronic check,78.9,475.35,Yes
CUST-12169,Male,0,No,No,20,Yes,Fiber optic,No,No,Month-to-month,No,Credit card (automatic),94.02,1930.0,Yes
CUST-12170,Male,0,No,Yes,24,Yes,DSL,No internet service,No,Month-to-month,No,Mailed check,59.11,1360.31,No
CUST-12171,Male,0,No,Yes,24,Yes,Fiber optic,No internet service,No,One year,No,Electronic check,69.95,1669.64,No
CUST-12172,Female,0,No,No,38,Yes,Fiber optic,No,No,Month-to-month,No,Credit card (automatic),91.58,3202.27,Yes
CUST-12173,Female,0,Yes,No,50,No,No,No internet service,No,Month-to-month,Yes,Credit card (automatic),28.5,1495.76,No
CUST-12174,Female,0,Yes,No,26,Yes,DSL,No,No,Month-to-month,Yes,Credit card (automatic),44.69,1122.04,Yes
CUST-12175,Female,1,Yes,No,26,Yes,No,Yes,No,Month-to-month,Yes,Credit card (automatic),20.19,522.99,No
CUST-12176,Male,0,Yes,No,1,No,No,No,No,Month-to-month,No,Credit card (automatic),37.39,36.52,No
CUST-12177,Male,0,Yes,Yes,3,Yes,Fiber optic,Yes,No,Month-to-month,No,Electronic check,107.99,317.64,No
CUST-12178,Female,0,No,Yes,28,Yes,DSL,Yes,Yes,Month-to-month,No,Mailed check,65.94,1684.54,No
CUST-12179,Male,0,Yes,Yes,13,Yes,DSL,No,No,One year,Yes,Electronic check,47.23,568.09,Yes
CUST-12180,Female,1,Yes,No,33,Yes,Fiber optic,Yes,No,Month-to-month,Yes,Electronic check,87.98,2694.02,Yes
CUST-12181,Female,0,Yes,No,17,Yes,Fiber optic,Yes,No internet service,Two year,No,Mailed check,90.84,1448.38,No
CUST-12182,Male,1,Yes,No,7,Yes,No,Yes,Yes,Month-to-month,Yes,Electronic check,19.12,129.82,No
CUST-12183,Male,0,No,Yes,68,Yes,No,No,No,Month-to-month,Yes,Bank transfer (automatic),30.43,2087.13,No
CUST-12184,Male,1,No,No,30,Yes,No,No,Yes,Month-to-month,No,Credit card (automatic),30.26,853.41,No
CUST-12185,Female,0,No,No,41,Yes,Fiber optic,No internet service,No internet service,Two year,No,Bank transfer (automatic),79.73,3334.61,No
CUST-12186,Male,0,No,No,18,No,Fiber optic,No,No,Month-to-month,No,Credit card (automatic),68.9,1204.1,Yes
CUST-12187,Female,0,No,No,34,No,DSL,No,No,Month-to-month,Yes,Bank transfer (automatic),54.04,1758.45,Yes
CUST-12188,Male,0,Yes,No,42,Yes,Fiber optic,No internet service,No internet service,Two year,No,Credit card (automatic),120.0,4898.91,No
CUST-12189,Female,0,Yes,No,41,Yes,No,Yes,No internet service,Two year,No,Electronic check,30.78,1254.39,No
CUST-12190,Female,0,Yes,No,72,Yes,Fiber optic,No,No internet service,Month-to-month,No,Electronic check,101.15,7617.73,No
CUST-12191,Male,0,Yes,No,43,Yes,No,No,No,Month-to-month,No,Electronic check,22.71,892.3,No
CUST-12192,Female,0,Yes,No,6,Yes,DSL,No,Yes,Month-to-month,Yes,Electronic check,59.11,360.76,Yes
CUST-12193,Female,0,No,No,11,Yes,Fiber optic,No internet service,No,Two year,No,Mailed check,92.94,962.25,Yes
CUST-12194,Male,0,Yes,Yes,34,Yes,Fiber optic,Yes,No internet service,Two year,No,Electronic check,67.07,2384.56,No
CUST-12195,Female,0,No,Yes,10,Yes,DSL,No,Yes,Month-to-month,Yes,Electronic check,50.48,495.53,No
CUST-12196,Male,0,No,Yes,5,Yes,Fiber optic,No,No internet service,Month-to-month,Yes,Electronic check,83.16,379.52,No
CUST-12197,Female,0,No,Yes,39,Yes,Fiber optic,No,Yes,Month-to-month,Yes,Mailed check,67.93,2646.84,Yes
CUST-12198,Male,0,Yes,No,5,No,Fiber optic,No internet service,Yes,Two year,No,Electronic check,48.45,245.33,No
CUST-12199,Male,0,Yes,No,13,Yes,DSL,No,No internet service,Month-to-month,Yes,Electronic check,56.45,662.34,No
CUST-12200,Female,0,Yes,Yes,10,Yes,Fiber optic,No,No,One year,Yes,Credit card (automatic),89.44,837.43,No
CUST-12201,Female,1,Yes,Yes,35,Yes,No,No internet service,No,Month-to-month,Yes,Credit card (automatic),20.2,652.04,No
CUST-12202,Female,0,Yes,Yes,25,Yes,Fiber optic,No,Yes,One year,Yes,Bank transfer (automatic),61.56,1445.86,No
CUST-12203,Female,0,No,No,17,Yes,Fiber optic,No,No,Month-to-month,Yes,Credit card (automatic),103.37,1719.94,Yes
CUST-12204,Female,1,No,No,16,Yes,Fiber optic,Yes,Yes,Month-to-month,Yes,Mailed check,82.72,1216.23,Yes
CUST-12205,Male,0,No,Yes,3,Yes,Fiber optic,Yes,No internet service,One year,Yes,Mailed check,84.41,242.95,No
CUST-12206,Male,0,Yes,No,26,No,DSL,No,Yes,Month-to-month,Yes,Electronic check,64.26,1530.55,No
CUST-12207,Female,0,Yes,Yes,4,Yes,Fiber optic,No,No,Month-to-month,No,Mailed check,72.15,284.42,No
CUST-12208,Female,0,Yes,No,38,Yes,DSL,No,Yes,Month-to-month,No,Bank transfer (automatic),67.37,2533.51,No
CUST-12209,Female,0,No,Yes,61,Yes,No,No,No internet service,Two year,Yes,Mailed check,20.39,1142.94,No
CUST-12210,Male,0,Yes,Yes,19,Yes,Fiber optic,Yes,No,Two year,No,Mailed check,79.32,1435.63,No
CUST-12211,Male,1,No,No,5,Yes,Fiber optic,No internet service,Yes,Month-to-month,No,Electronic check,91.66,432.07,Yes
CUST-12212,Female,0,No,No,5,Yes,DSL,No,Yes,Month-to-month,No,Electronic check,41.87,197.44,Yes
CUST-12213,Female,0,No,No,16,No,DSL,No internet service,Yes,Month-to-month,No,Electronic check,52.35,789.39,Yes
CUST-12214,Male,0,No,No,8,Yes,DSL,No,No internet service,Month-to-month,No,Mailed check,76.47,633.56,Yes
CUST-12215,Male,0,Yes,No,51,Yes,Fiber optic,Yes,No internet service,One year,Yes,Bank transfer (automatic),74.09,3596.98,No
CUST-12216,Male,1,No,No,25,Yes,DSL,No,Yes,Month-to-month,No,Bank transfer (automatic),61.16,1384.66,No
CUST-12217,Female,1,Yes,No,24,Yes,Fiber optic,Yes,No,Month-to-month,Yes,Electronic check,81.32,2044.06,Yes
CUST-12218,Female,0,Yes,No,27,Yes,DSL,No internet service,Yes,Month-to-month,Yes,Bank transfer (automatic),64.53,1777.58,Yes
CUST-12219,Male,0,Yes,No,37,No,Fiber optic,Yes,No internet service,Month-to-month,No,Bank transfer (automatic),108.04,3860.47,Yes
CUST-12220,Female,0,Yes,No,2,Yes,DSL,Yes,Yes,Two year,Yes,Bank transfer (automatic),64.62,119.72,No
CUST-12221,Male,0,No,No,7,Yes,DSL,No,Yes,Month-to-month,No,Electronic check,71.12,455.09,Yes
CUST-12222,Male,0,Yes,Yes,12,Yes,Fiber optic,No,No,Month-to-month,Yes,Electronic check,90.21,1034.76,Yes
CUST-12223,Male,0,No,No,5,Yes,Fiber optic,No,No,Two year,Yes,Bank transfer (automatic),86.09,391.26,Yes
CUST-12224,Male,0,Yes,No,12,Yes,DSL,No,Yes,Two year,No,Electronic check,56.94,652.23,No
CUST-12225,Female,0,No,Yes,39,Yes,Fiber optic,No,Yes,Two year,No,Electronic check,75.69,2832.36,No
CUST-12226,Female,0,Yes,No,2,Yes,No,No internet service,No,Two year,No,Mailed check,36.9,73.07,No
CUST-12227,Female,0,Yes,No,26,Yes,Fiber optic,No,No,One year,Yes,Electronic check,82.17,1942.89,Yes
CUST-12228,Female,0,No,No,5,Yes,DSL,Yes,Yes,Two year,No,Electronic check,45.89,226.11,No
CUST-12229,Male,1,No,No,2,Yes,Fiber optic,No,No internet service,Month-to-month,Yes,Electronic check,62.96,115.74,No
CUST-12230,Male,0,No,No,2,Yes,Fiber optic,No internet service,No,Two year,Yes,Electronic check,88.47,185.61,Yes
CUST-12231,Male,1,Yes,No,22,Yes,DSL,No,Yes,One year,Yes,Electronic check,68.82,1515.28,Yes
CUST-12232,Female,0,Yes,No,21,Yes,DSL,Yes,No,Two year,No,Mailed check,56.05,1111.73,No
CUST-12233,Female,1,No,No,33,Yes,Fiber optic,No,No,Month-to-month,Yes,Electronic check,60.04,1908.38,No
CUST-12234,Male,0,No,No,29,Yes,DSL,No,No,Month-to-month,Yes,Mailed check,78.46,2175.08,No
CUST-12235,Male,0,Yes,Yes,8,Yes,No,No internet service,No internet service,Month-to-month,No,Electronic check,36.98,300.32,Yes
CUST-12236,Male,0,No,No,26,Yes,No,No,No,Month-to-month,No,Credit card (automatic),27.44,707.65,No
CUST-12237,Female,1,No,Yes,12,Yes,Fiber optic,Yes,No internet service,One year,No,Bank transfer (automatic),103.23,1121.05,No
CUST-12238,Female,0,Yes,Yes,33,No,DSL,Yes,Yes,Two year,No,Electronic check,64.57,2080.77,No
CUST-12239,Female,0,No,No,72,Yes,Fiber optic,Yes,No,Month-to-month,No,Mailed check,80.45,5792.27,No
CUST-12240,Male,0,Yes,No,45,Yes,DSL,Yes,Yes,Two year,Yes,Bank transfer (automatic),67.79,2933.67,No
CUST-12241,Female,0,Yes,Yes,27,Yes,Fiber optic,No,No,Month-to-month,Yes,Bank transfer (automatic),83.71,2064.93,No
CUST-12242,Male,0,Yes,Yes,3,Yes,DSL,Yes,Yes,Two year,No,Bank transfer (automatic),51.9,150.46,No
CUST-12243,Female,0,Yes,Yes,6,Yes,Fiber optic,Yes,No internet service,Month-to-month,Yes,Bank transfer (automatic),74.61,450.82,No
CUST-12244,Male,0,No,No,11,Yes,Fiber optic,Yes,No,Two year,No,Credit card (automatic),114.85,1237.36,No
CUST-12245,Female,0,Yes,No,27,Yes,Fiber optic,Yes,Yes,Two year,Yes,Credit card (automatic),104.04,2874.63,No
CUST-12246,Female,0,No,No,15,Yes,DSL,No internet service,Yes,Month-to-month,Yes,Electronic check,61.83,973.01,No
CUST-12247,Female,1,No,No,48,Yes,Fiber optic,No internet service,No,Month-to-month,Yes,Credit card (automatic),78.8,3951.63,Yes
CUST-12248,Female,0,No,No,23,Yes,Fiber optic,No,No,Two year,Yes,Credit card (automatic),87.28,1914.98,Yes
CUST-12249,Female,0,No,No,9,Yes,DSL,No,No,Month-to-month,No,Credit card (automatic),65.72,546.32,No
CUST-12250,Female,0,Yes,Yes,45,Yes,Fiber optic,No,Yes,Two year,No,Mailed check,83.22,3506.48,No
CUST-12251,Female,0,No,No,11,Yes,No,No,No internet service,One year,Yes,Credit card (automatic),23.6,260.77,No
CUST-12252,Female,0,Yes,Yes,43,Yes,Fiber optic,No,No internet service,Two year,Yes,Electronic check,103.38,4517.19,No
CUST-12253,Male,0,No,No,20,Yes,Fiber optic,No,No internet service,Two year,Yes,Credit card (automatic),90.72,1903.71,Yes
CUST-12254,Male,0,No,Yes,1,Yes,No,No,No,Month-to-month,No,Electronic check,22.85,21.83,No
CUST-12255,Female,0,No,No,4,Yes,DSL,Yes,No internet service,Month-to-month,Yes,Credit card (automatic),67.28,259.1,No
CUST-12256,Male,0,Yes,No,25,Yes,DSL,No internet service,Yes,Two year,Yes,Mailed check,65.89,1663.07,Yes
CUST-12257,Female,0,Yes,No,58,Yes,DSL,Yes,Yes,Two year,Yes,Credit card (automatic),54.56,3303.64,No
CUST-12258,Female,1,Yes,No,3,Yes,Fiber optic,Yes,No,Month-to-month,No,Credit card (automatic),90.99,274.36,Yes
CUST-12259,Female,1,No,No,5,Yes,DSL,No internet service,No,Two year,No,Credit card (automatic),64.77,335.54,No
CUST-12260,Male,0,Yes,Yes,20,Yes,No,No,No internet service,Two year,Yes,Mailed check,21.22,439.3,No
CUST-12261,Female,0,No,Yes,13,Yes,DSL,No,No,Month-to-month,No,Electronic check,68.73,934.09,Yes
CUST-12262,Male,0,No,Yes,20,Yes,DSL,No internet service,No,Month-to-month,Yes,Electronic check,56.08,1143.33,No
CUST-12263,Female,0,Yes,No,3,No,No,No internet service,No,Two year,Yes,Mailed check,32.33,92.31,No
CUST-12264,Male,0,Yes,No,0,Yes,DSL,Yes,No internet service,Month-to-month,Yes,Credit card (automatic),90.24,,No
CUST-12265,Female,0,Yes,No,15,Yes,No,Yes,Yes,One year,Yes,Bank transfer (automatic),21.01,316.92,No
CUST-12266,Male,0,Yes,No,7,Yes,Fiber optic,Yes,No internet service,Month-to-month,Yes,Credit card (automatic),90.79,615.49,No
CUST-12267,Female,0,No,No,0,Yes,DSL,No,No internet service,Two year,No,Credit card (automatic),65.57,,No
CUST-12268,Male,1,No,No,20,Yes,Fiber optic,Yes,No,Month-to-month,No,Electronic check,77.64,1446.07,Yes
CUST-12269,Female,0,Yes,No,49,Yes,No,No,No,Month-to-month,Yes,Mailed check,19.25,974.12,No
CUST-12270,Male,0,No,Yes,16,Yes,Fiber optic,Yes,No,Two year,No,Credit card (automatic),94.25,1425.15,No
CUST-12271,Male,0,Yes,No,11,Yes,No,No internet service,No,Month-to-month,Yes,Electronic check,22.98,252.4,Yes
CUST-12272,Female,1,No,No,6,Yes,Fiber optic,Yes,Yes,One year,Yes,Electronic check,89.86,498.65,No
CUST-12273,Male,0,Yes,No,6,Yes,DSL,Yes,No internet service,Month-to-month,No,Electronic check,42.81,256.82,No
CUST-12274,Male,0,No,No,21,Yes,No,No,No,Month-to-month,No,Mailed check,18.89,377.17,No
CUST-12275,Male,0,Yes,Yes,54,Yes,No,No internet service,Yes,One year,Yes,Bank transfer (automatic),18.0,942.99,No
CUST-12276,Female,0,No,No,15,Yes,DSL,No internet service,Yes,Month-to-month,No,Electronic check,74.24,1009.45,No
CUST-12277,Female,0,No,No,2,Yes,Fiber optic,Yes,No,Two year,Yes,Bank transfer (automatic),77.64,161.42,No
CUST-12278,Female,0,No,No,2,Yes,DSL,Yes,Yes,Month-to-month,Yes,Mailed check,30.41,58.8,Yes
CUST-12279,Male,0,Yes,No,11,Yes,Fiber optic,No internet service,No,Two year,Yes,Electronic check,73.97,748.0,No
CUST-12280,Female,0,Yes,Yes,0,Yes,Fiber optic,No,No internet service,Two year,Yes,Credit card (automatic),77.49,,No
CUST-12281,Male,0,Yes,No,21,Yes,Fiber optic,Yes,No,Month-to-month,No,Bank transfer (automatic),99.41,1951.19,Yes
CUST-12282,Female,0,No,No,31,Yes,DSL,No internet service,No,Month-to-month,Yes,Electronic check,74.52,2126.4,Yes
CUST-12283,Male,0,Yes,Yes,2,No,Fiber optic,No internet service,Yes,Two year,Yes,Electronic check,83.75,151.84,No
CUST-12284,Male,0,Yes,No,21,Yes,Fiber optic,No,Yes,One year,Yes,Credit card (automatic),67.58,1377.42,No
CUST-12285,Female,0,No,Yes,36,Yes,Fiber optic,Yes,No,Two year,No,Mailed check,111.88,4094.83,No
CUST-12286,Male,0,No,No,9,Yes,DSL,Yes,Yes,One year,Yes,Mailed check,62.68,535.58,No
CUST-12287,Male,0,No,No,7,Yes,Fiber optic,No,No,Month-to-month,No,Mailed check,75.6,479.65,No
CUST-12288,Male,0,No,No,7,Yes,Fiber optic,Yes,Yes,Month-to-month,Yes,Electronic check,92.15,665.13,No
CUST-12289,Male,0,Yes,No,2,No,Fiber optic,No,No,Two year,No,Credit card (automatic),73.34,139.07,No
CUST-12290,Female,0,No,Yes,42,Yes,Fiber optic,No,No internet service,Month-to-month,No,Bank transfer (automatic),88.44,3784.86,No
CUST-12291,Female,0,No,No,23,Yes,DSL,No internet service,Yes,Month-to-month,No,Electronic check,50.54,1149.31,No
CUST-12292,Male,1,Yes,No,0,No,Fiber optic,No,No internet service,One year,Yes,Credit card (automatic),84.07,,No
CUST-12293,Male,0,Yes,No,7,Yes,No,No,No,Month-to-month,No,Electronic check,25.76,186.63,No
CUST-12294,Male,0,No,Yes,6,No,DSL,No,No,Two year,Yes,Electronic check,52.33,288.59,No
CUST-12295,Female,0,Yes,Yes,23,Yes,No,No internet service,Yes,Month-to-month,No,Electronic check,29.99,705.44,No
CUST-12296,Male,0,Yes,No,47,Yes,DSL,No,No,Two year,No,Electronic check,81.32,3895.63,Yes
CUST-12297,Male,0,No,Yes,46,Yes,Fiber optic,No internet service,Yes,Month-to-month,Yes,Electronic check,76.06,3617.12,Yes
CUST-12298,Female,0,No,Yes,21,Yes,Fiber optic,Yes,No,Two year,Yes,Credit card (automatic),76.68,1467.36,No
CUST-12299,Female,0,No,No,0,No,DSL,No,Yes,Month-to-month,Yes,Electronic check,54.71,,No
CUST-12300,Female,0,Yes,No,72,Yes,Fiber optic,No,No,Two year,No,Bank transfer (automatic),86.81,6373.57,No
CUST-12301,Female,0,Yes,Yes,6,Yes,No,No,No,Month-to-month,Yes,Credit card (automatic),18.0,99.74,No
CUST-12302,Female,0,No,No,2,Yes,Fiber optic,No internet service,Yes,Month-to-month,Yes,Credit card (automatic),106.53,211.43,No
CUST-12303,Male,0,Yes,No,58,Yes,DSL,No,Yes,Month-to-month,Yes,Credit card (automatic),72.49,4232.68,No
CUST-12304,Female,0,No,Yes,72,Yes,DSL,Yes,No,One year,No,Bank transfer (automatic),46.56,3368.05,No
CUST-12305,Female,1,No,Yes,22,Yes,Fiber optic,Yes,No internet service,Month-to-month,No,Bank transfer (automatic),96.22,2220.86,No
CUST-12306,Male,0,Yes,No,27,No,DSL,No internet service,No internet service,Month-to-month,Yes,Credit card (automatic),60.16,1480.7,No
CUST-12307,Male,0,Yes,No,57,No,Fiber optic,Yes,No,Month-to-month,Yes,Mailed check,89.49,4626.52,No
CUST-12308,Male,1,No,No,22,No,No,No,Yes,Month-to-month,No,Mailed check,44.3,1002.58,Yes
CUST-12309,Male,0,No,No,63,Yes,DSL,No,No internet service,Two year,Yes,Electronic check,72.52,4515.85,No
CUST-12310,Female,0,No,Yes,0,No,Fiber optic,No,No internet service,Month-to-month,Yes,Electronic check,98.09,,No
CUST-12311,Male,0,No,No,10,Yes,DSL,Yes,No internet service,Month-to-month,Yes,Credit card (automatic),65.21,610.11,No
CUST-12312,Female,0,No,No,6,Yes,DSL,No,No internet service,Month-to-month,Yes,Electronic check,55.79,314.2,No
CUST-12313,Female,0,Yes,No,2,Yes,DSL,Yes,Yes,Two year,No,Electronic check,65.89,123.88,No
CUST-12314,Male,0,Yes,Yes,13,Yes,No,No,No,Month-to-month,No,Electronic check,18.0,221.61,No
CUST-12315,Female,0,No,No,17,Yes,No,No internet service,Yes,Two year,No,Mailed check,23.22,404.17,No
CUST-12316,Male,0,No,No,13,Yes,No,No internet service,No internet service,Month-to-month,Yes,Bank transfer (automatic),24.92,339.58,No
CUST-12317,Male,1,Yes,No,17,Yes,No,No internet service,No,One year,Yes,Credit card (automatic),27.53,486.55,Yes
CUST-12318,Female,0,No,Yes,12,Yes,Fiber optic,No internet service,No,Month-to-month,Yes,Credit card (automatic),100.83,1126.62,Yes
CUST-12319,Female,0,Yes,Yes,14,Yes,Fiber optic,No,No,Month-to-month,Yes,Mailed check,85.6,1200.25,No
CUST-12320,Female,1,Yes,No,4,Yes,No,No,Yes,One year,Yes,Bank transfer (automatic),31.64,129.32,No
CUST-12321,Male,0,No,Yes,11,Yes,No,Yes,No,Month-to-month,No,Bank transfer (automatic),20.99,218.71,No
CUST-12322,Female,0,Yes,No,14,Yes,Fiber optic,Yes,Yes,Two year,Yes,Credit card (automatic),86.0,1189.07,No
CUST-12323,Female,0,No,No,71,Yes,No,No internet service,No,Month-to-month,No,Electronic check,26.69,1739.57,No
CUST-12324,Male,0,Yes,No,19,Yes,DSL,Yes,No,Two year,Yes,Mailed check,44.26,882.43,No
CUST-12325,Female,0,No,No,15,Yes,No,No internet service,No,Two year,No,Mailed check,31.5,434.92,No
CUST-12326,Female,0,No,No,13,Yes,Fiber optic,No,No,Month-to-month,No,Mailed check,88.93,1093.4,No
CUST-12327,Female,0,Yes,No,18,Yes,Fiber optic,No,No,Month-to-month,Yes,Electronic check,91.16,1596.66,Yes
CUST-12328,Female,0,No,No,42,Yes,DSL,No,Yes,Month-to-month,Yes,Bank transfer (automatic),71.18,2739.0,No
CUST-12329,Female,0,No,No,15,Yes,Fiber optic,No,Yes,Two year,No,Electronic check,45.8,680.99,No
CUST-12330,Female,0,No,Yes,20,Yes,Fiber optic,No,Yes,Month-to-month,No,Mailed check,87.16,1803.97,No
CUST-12331,Male,0,No,No,26,Yes,DSL,No,No,Month-to-month,Yes,Credit card (automatic),53.95,1453.65,Yes
CUST-12332,Female,0,No,Yes,21,Yes,Fiber optic,No,No,Two year,Yes,Mailed check,88.95,1752.97,No
CUST-12333,Female,0,Yes,No,3,Yes,Fiber optic,Yes,No,Month-to-month,No,Credit card (automatic),65.6,188.75,No
CUST-12334,Female,0,No,No,5,Yes,No,No internet service,No,One year,Yes,Electronic check,27.81,130.93,Yes
CUST-12335,Male,0,No,No,50,Yes,DSL,No,No,Month-to-month,No,Bank transfer (automatic),61.62,3109.72,No
CUST-12336,Female,0,No,No,6,Yes,Fiber optic,No internet service,No,Month-to-month,No,Credit card (automatic),97.8,574.76,Yes
CUST-12337,Male,0,No,No,13,Yes,DSL,Yes,Yes,Month-to-month,Yes,Bank transfer (automatic),59.16,715.9,Yes
CUST-12338,Male,0,Yes,No,22,Yes,Fiber optic,No,No internet service,Two year,Yes,Bank transfer (automatic),84.26,1738.76,No
CUST-12339,Male,0,Yes,Yes,11,Yes,DSL,No internet service,No,Month-to-month,Yes,Electronic check,48.86,548.76,No
CUST-12340,Female,0,No,No,3,Yes,No,No,Yes,Month-to-month,No,Electronic check,29.72,90.24,Yes
CUST-12341,Female,0,Yes,No,8,Yes,Fiber optic,No,Yes,Month-to-month,Yes,Electronic check,97.24,700.86,Yes
CUST-12342,Female,0,Yes,No,22,Yes,DSL,No,No,Month-to-month,No,Bank transfer (automatic),49.41,1101.91,Yes
CUST-12343,Male,1,No,Yes,10,Yes,Fiber optic,No,No internet service,Month-to-month,Yes,Mailed check,70.48,723.1,No
CUST-12344,Female,0,Yes,No,7,Yes,Fiber optic,No,No internet service,Month-to-month,Yes,Bank transfer (automatic),89.22,577.53,Yes
CUST-12345,Male,0,No,Yes,5,No,Fiber optic,No,Yes,Month-to-month,Yes,Electronic check,71.79,340.35,Yes
CUST-12346,Female,0,Yes,Yes,28,Yes,DSL,No,No,Month-to-month,No,Credit card (automatic),37.24,1022.89,No
CUST-12347,Female,0,No,No,13,Yes,Fiber optic,No,No,Month-to-month,Yes,Credit card (automatic),80.02,976.68,No
CUST-12348,Female,0,Yes,Yes,18,Yes,No,Yes,No,Month-to-month,No,Electronic check,21.58,370.76,No
CUST-12349,Male,0,Yes,No,27,No,DSL,No internet service,No internet service,Month-to-month,Yes,Electronic check,63.3,1565.5,No
CUST-12350,Female,0,Yes,No,31,Yes,Fiber optic,No,Yes,One year,No,Electronic check,91.35,2851.87,No
CUST-12351,Female,1,No,Yes,4,Yes,No,No,No internet service,Month-to-month,No,Electronic check,22.94,95.08,Yes
CUST-12352,Male,0,Yes,Yes,20,Yes,No,Yes,No,Month-to-month,Yes,Electronic check,34.23,683.41,Yes
CUST-12353,Female,0,No,Yes,18,Yes,DSL,Yes,Yes,Month-to-month,Yes,Electronic check,69.87,1146.62,Yes
CUST-12354,Female,0,Yes,No,17,Yes,Fiber optic,No,No,Month-to-month,No,Electronic check,85.18,1440.83,No
CUST-12355,Male,0,No,Yes,29,No,Fiber optic,No internet service,No internet service,One year,Yes,Credit card (automatic),90.58,2664.94,No
CUST-12356,Female,0,No,No,21,No,No,No internet service,No,Month-to-month,Yes,Bank transfer (automatic),31.9,696.77,No
CUST-12357,Female,0,Yes,No,0,Yes,No,No,No internet service,One year,Yes,Bank transfer (automatic),38.35,,No
CUST-12358,Male,0,No,No,6,Yes,Fiber optic,No,Yes,Two year,No,Electronic check,81.0,440.79,No
CUST-12359,Female,1,Yes,Yes,5,Yes,Fiber optic,Yes,No,Month-to-month,No,Bank transfer (automatic),74.11,353.46,Yes
CUST-12360,Female,0,Yes,No,3,Yes,Fiber optic,No,No internet service,Two year,Yes,Bank transfer (automatic),87.16,236.54,No
CUST-12361,Female,0,No,No,4,Yes,DSL,Yes,No internet service,One year,Yes,Electronic check,56.49,227.94,No
CUST-12362,Male,0,Yes,No,15,Yes,DSL,No,No,One year,No,Electronic check,56.85,858.47,No
CUST-12363,Male,0,Yes,No,7,Yes,No,No,No,Month-to-month,Yes,Bank transfer (automatic),27.98,201.77,No
CUST-12364,Female,0,No,No,40,Yes,No,No,Yes,One year,Yes,Mailed check,29.17,1104.81,No
CUST-12365,Male,0,Yes,No,8,Yes,No,No,No internet service,Month-to-month,Yes,Bank transfer (automatic),31.19,251.87,No
CUST-12366,Male,1,Yes,No,66,Yes,DSL,No internet service,Yes,One year,Yes,Mailed check,42.76,2593.62,No
CUST-12367,Female,0,No,No,36,Yes,No,No internet service,No,One year,No,Mailed check,33.51,1109.0,No
CUST-12368,Male,0,Yes,Yes,15,Yes,DSL,Yes,No internet service,Two year,Yes,Bank transfer (automatic),53.92,785.69,No
CUST-12369,Female,0,No,No,0,Yes,DSL,No internet service,No internet service,Two year,No,Electronic check,51.97,,No
CUST-12370,Male,0,No,Yes,5,Yes,Fiber optic,No,No,Month-to-month,Yes,Credit card (automatic),80.33,398.07,Yes
CUST-12371,Female,1,Yes,No,2,Yes,DSL,Yes,No,Month-to-month,Yes,Credit card (automatic),57.22,117.32,No
CUST-12372,Female,1,Yes,Yes,4,Yes,Fiber optic,Yes,No internet service,One year,Yes,Credit card (automatic),78.83,303.1,No
CUST-12373,Female,0,Yes,No,4,Yes,Fiber optic,Yes,Yes,Month-to-month,No,Credit card (automatic),93.79,344.35,No
CUST-12374,Male,0,Yes,Yes,72,Yes,Fiber optic,Yes,No,Month-to-month,Yes,Electronic check,87.09,6360.84,No
CUST-12375,Male,0,No,No,18,Yes,No,No internet service,Yes,Month-to-month,No,Electronic check,25.87,460.34,Yes
CUST-12376,Female,0,No,Yes,3,Yes,Fiber optic,Yes,Yes,Month-to-month,No,Electronic check,84.97,244.59,Yes
CUST-12377,Male,1,No,No,23,Yes,No,No,Yes,Month-to-month,No,Bank transfer (automatic),33.95,797.09,No
CUST-12378,Female,1,No,No,37,Yes,Fiber optic,Yes,Yes,Month-to-month,No,Credit card (automatic),56.24,1895.81,No
CUST-12379,Male,0,No,No,31,Yes,Fiber optic,No,No,Month-to-month,Yes,Electronic check,89.89,2606.09,Yes
CUST-12380,Female,0,Yes,Yes,11,Yes,DSL,No,No,Month-to-month,No,Mailed check,49.56,510.63,Yes
CUST-12381,Female,0,Yes,No,2,Yes,Fiber optic,No,No internet service,One year,No,Credit card (automatic),51.95,94.59,No
CUST-12382,Male,0,No,No,1,Yes,No,Yes,No,Month-to-month,Yes,Mailed check,30.42,30.52,No
CUST-12383,Female,0,No,No,0,Yes,No,Yes,Yes,One year,Yes,Credit card (automatic),18.0,,No
CUST-12384,Female,0,No,Yes,72,Yes,DSL,Yes,No,Two year,Yes,Bank transfer (automatic),55.49,4034.42,No
CUST-12385,Male,0,Yes,No,40,Yes,No,No,No,Two year,Yes,Mailed check,18.0,715.81,No
CUST-12386,Male,0,Yes,Yes,36,Yes,Fiber optic,No internet service,No,Month-to-month,Yes,Electronic check,85.91,3026.11,No
CUST-12387,Female,0,No,No,9,Yes,Fiber optic,No,No internet service,One year,Yes,Bank transfer (automatic),57.49,535.85,No
CUST-12388,Female,0,Yes,No,7,No,Fiber optic,No internet service,No,One year,Yes,Credit card (automatic),74.98,500.15,No
CUST-12389,Male,1,No,No,34,Yes,DSL,No,Yes,Month-to-month,Yes,Credit card (automatic),57.07,1974.05,No
CUST-12390,Male,1,No,No,37,Yes,Fiber optic,No,No,Month-to-month,No,Electronic check,79.11,2857.9,Yes
CUST-12391,Female,0,Yes,Yes,27,Yes,DSL,No internet service,No,Month-to-month,Yes,Mailed check,66.19,1750.57,No
CUST-12392,Male,0,Yes,No,63,Yes,DSL,No,No,Month-to-month,No,Electronic check,55.19,3453.87,Yes
CUST-12393,Female,1,Yes,No,45,No,DSL,Yes,No,Month-to-month,No,Bank transfer (automatic),52.42,2127.87,No
CUST-12394,Male,0,No,No,72,Yes,DSL,No internet service,No internet service,Two year,No,Electronic check,73.43,5220.64,No
CUST-12395,Male,0,No,Yes,22,Yes,DSL,Yes,No internet service,Month-to-month,Yes,Bank transfer (automatic),53.02,1175.92,No
CUST-12396,Female,0,Yes,No,21,Yes,DSL,No internet service,No,One year,Yes,Bank transfer (automatic),54.21,1120.34,No
CUST-12397,Female,0,Yes,No,2,Yes,Fiber optic,No internet service,Yes,Month-to-month,Yes,Credit card (automatic),107.37,200.03,Yes
CUST-12398,Female,0,Yes,Yes,5,Yes,DSL,No internet service,Yes,Month-to-month,Yes,Mailed check,48.95,252.85,No
CUST-12399,Female,0,No,No,3,Yes,DSL,Yes,No,One year,No,Mailed check,74.34,202.45,No
CUST-12400,Female,1,Yes,No,0,Yes,DSL,No,No,Month-to-month,Yes,Mailed check,65.74,,No
CUST-12401,Male,0,No,No,19,Yes,DSL,Yes,No,One year,No,Credit card (automatic),62.21,1164.67,No
CUST-12402,Male,0,No,No,34,Yes,No,No,No,Month-to-month,Yes,Electronic check,22.84,755.06,Yes
CUST-12403,Male,0,No,Yes,72,Yes,Fiber optic,Yes,Yes,Two year,Yes,Mailed check,95.51,6366.56,No
CUST-12404,Female,0,No,Yes,19,Yes,Fiber optic,No,No internet service,Two year,Yes,Mailed check,78.01,1493.2,No
CUST-12405,Female,1,Yes,Yes,8,Yes,Fiber optic,No internet service,Yes,One year,Yes,Bank transfer (automatic),83.16,675.72,No
CUST-12406,Male,0,Yes,No,0,Yes,DSL,No,No,Month-to-month,Yes,Credit card (automatic),49.55,,No
CUST-12407,Male,0,No,No,9,Yes,DSL,No,No internet service,One year,Yes,Credit card (automatic),52.78,497.92,Yes
CUST-12408,Male,1,No,No,7,Yes,DSL,Yes,Yes,Two year,Yes,Electronic check,48.39,319.08,No
CUST-12409,Female,0,Yes,No,62,Yes,Fiber optic,Yes,Yes,Month-to-month,Yes,Credit card (automatic),94.49,5584.24,Yes
CUST-12410,Male,0,Yes,No,13,Yes,Fiber optic,Yes,Yes,Month-to-month,No,Bank transfer (automatic),99.13,1321.19,No
CUST-12411,Female,0,Yes,Yes,29,Yes,No,No,Yes,Two year,No,Credit card (automatic),24.21,670.19,No
CUST-12412,Male,0,Yes,Yes,14,Yes,Fiber optic,No,Yes,Month-to-month,Yes,Electronic check,63.4,806.36,Yes
CUST-12413,Female,0,Yes,Yes,27,Yes,Fiber optic,Yes,No,Two year,No,Credit card (automatic),90.76,2432.66,No
CUST-12414,Male,1,No,No,2,Yes,Fiber optic,No,No,Month-to-month,No,Electronic check,74.24,141.97,No
CUST-12415,Male,0,Yes,No,6,Yes,Fiber optic,Yes,Yes,Two year,No,Electronic check,103.55,646.23,No
CUST-12416,Female,0,Yes,Yes,2,Yes,Fiber optic,No,No internet service,Month-to-month,No,Electronic check,96.29,184.11,No
CUST-12417,Male,0,Yes,No,14,Yes,Fiber optic,No,No,One year,Yes,Electronic check,87.72,1220.64,Yes
CUST-12418,Male,0,No,Yes,6,Yes,Fiber optic,Yes,No,Two year,Yes,Electronic check,83.73,461.51,No
CUST-12419,Male,0,Yes,Yes,12,Yes,Fiber optic,No,Yes,Two year,No,Credit card (automatic),94.55,1127.05,No
CUST-12420,Male,0,No,No,35,Yes,DSL,No,Yes,Month-to-month,No,Bank transfer (automatic),53.51,1823.59,Yes
CUST-12421,Male,0,No,No,14,Yes,Fiber optic,No,Yes,One year,Yes,Mailed check,87.75,1113.77,No
CUST-12422,Female,0,No,No,27,Yes,No,No,No,Month-to-month,No,Mailed check,33.84,954.12,No
CUST-12423,Female,0,No,No,12,No,Fiber optic,No,No internet service,Month-to-month,No,Credit card (automatic),70.01,773.91,No
CUST-12424,Male,0,Yes,Yes,33,Yes,Fiber optic,No,No,Month-to-month,Yes,Bank transfer (automatic),67.82,2182.9,No
CUST-12425,Female,0,No,No,22,Yes,No,No,No internet service,Month-to-month,No,Bank transfer (automatic),18.0,370.49,Yes
CUST-12426,Male,0,Yes,No,7,Yes,No,No,No internet service,Month-to-month,No,Mailed check,18.0,114.25,No
CUST-12427,Male,0,No,No,44,Yes,No,No,No,Month-to-month,Yes,Bank transfer (automatic),24.62,989.73,Yes
CUST-12428,Female,0,No,Yes,1,Yes,DSL,Yes,No internet service,One year,Yes,Electronic check,46.93,45.82,No
CUST-12429,Female,0,Yes,No,16,Yes,DSL,No,Yes,One year,No,Mailed check,60.86,999.81,No
CUST-12430,Female,0,Yes,No,37,Yes,DSL,No,No,Month-to-month,No,Electronic check,26.43,914.49,No
CUST-12431,Female,0,No,Yes,13,Yes,No,No,No internet service,Month-to-month,Yes,Bank transfer (automatic),30.06,397.98,No
CUST-12432,Female,0,Yes,No,72,Yes,Fiber optic,No internet service,No,Month-to-month,Yes,Electronic check,87.59,6335.3,Yes
CUST-12433,Female,0,Yes,No,29,Yes,DSL,No internet service,No,Two year,Yes,Mailed check,68.15,2064.89,No
CUST-12434,Male,0,No,No,70,No,Fiber optic,No,No internet service,One year,Yes,Bank transfer (automatic),103.72,7254.99,No
CUST-12435,Female,0,Yes,Yes,72,Yes,No,No internet service,No,Month-to-month,No,Bank transfer (automatic),18.0,1287.38,No
CUST-12436,Female,0,No,No,13,Yes,Fiber optic,No internet service,No,Month-to-month,Yes,Bank transfer (automatic),90.62,1216.31,Yes
CUST-12437,Male,0,Yes,No,4,Yes,No,No internet service,Yes,One year,Yes,Electronic check,27.97,115.44,No
CUST-12438,Female,0,No,No,0,Yes,No,No,Yes,Month-to-month,No,Credit card (automatic),30.79,,No
CUST-12439,Male,1,No,No,27,Yes,Fiber optic,No,Yes,Month-to-month,Yes,Credit card (automatic),85.58,2317.51,No
CUST-12440,Female,0,No,No,5,Yes,No,No,No,Month-to-month,Yes,Credit card (automatic),26.02,124.63,No
CUST-12441,Female,0,Yes,Yes,4,Yes,DSL,Yes,Yes,Month-to-month,Yes,Electronic check,56.87,217.02,Yes
CUST-12442,Male,0,No,Yes,21,Yes,No,No internet service,No,Month-to-month,Yes,Mailed check,27.68,532.53,Yes
CUST-12443,Female,0,Yes,Yes,72,Yes,Fiber optic,No,Yes,Month-to-month,Yes,Electronic check,88.62,6109.5,No
CUST-12444,Male,0,No,No,34,No,No,No internet service,No,Month-to-month,Yes,Electronic check,40.63,1362.68,No
CUST-12445,Male,0,No,No,35,Yes,No,No,No,Month-to-month,No,Credit card (automatic),23.14,828.09,No
CUST-12446,Female,0,Yes,No,60,Yes,Fiber optic,Yes,Yes,Month-to-month,Yes,Credit card (automatic),90.27,5054.2,Yes
CUST-12447,Female,0,Yes,No,14,Yes,DSL,Yes,No internet service,Two year,Yes,Bank transfer (automatic),63.28,866.57,No
CUST-12448,Female,0,Yes,No,39,Yes,DSL,Yes,No,One year,Yes,Bank transfer (automatic),69.93,2565.75,Yes
CUST-12449,Male,0,Yes,No,3,No,Fiber optic,No,No internet service,Two year,Yes,Electronic check,85.23,254.43,No
CUST-12450,Male,0,Yes,Yes,14,Yes,No,No,No,One year,No,Mailed check,23.16,307.06,No
CUST-12451,Female,0,Yes,No,4,Yes,DSL,No,No,Two year,No,Credit card (automatic),55.76,227.98,Yes
CUST-12452,Male,0,No,Yes,4,Yes,No,No,No,Month-to-month,Yes,Electronic check,18.6,77.83,Yes
CUST-12453,Male,0,Yes,Yes,15,Yes,DSL,No,Yes,Month-to-month,No,Electronic check,52.42,803.02,No
CUST-12454,Female,1,Yes,No,13,Yes,No,No internet service,No,Month-to-month,No,Mailed check,20.08,268.13,No
CUST-12455,Male,0,No,Yes,0,Yes,Fiber optic,No,Yes,Two year,Yes,Electronic check,101.49,,No
CUST-12456,Female,0,Yes,No,49,Yes,Fiber optic,Yes,No,Month-to-month,No,Mailed check,101.1,4889.37,No
CUST-12457,Male,0,No,No,35,Yes,DSL,No,No,Two year,Yes,Mailed check,57.78,2108.95,Yes
CUST-12458,Male,0,No,No,19,Yes,Fiber optic,No,No,Month-to-month,No,Electronic check,63.82,1227.89,No
CUST-12459,Female,0,No,No,9,Yes,No,No internet service,No,Month-to-month,No,Credit card (automatic),18.0,159.38,No
CUST-12460,Male,0,Yes,Yes,5,Yes,Fiber optic,Yes,Yes,One year,Yes,Bank transfer (automatic),109.6,537.16,Yes
CUST-12461,Male,0,Yes,No,22,Yes,DSL,No,No,Month-to-month,Yes,Credit card (automatic),49.62,1102.37,Yes
CUST-12462,Female,0,Yes,No,19,Yes,Fiber optic,No,No,Two year,No,Electronic check,83.37,1534.46,Yes
CUST-12463,Male,1,Yes,No,7,Yes,No,No,Yes,Two year,No,Bank transfer (automatic),31.12,196.47,No
CUST-12464,Female,0,No,Yes,14,Yes,DSL,No internet service,Yes,Two year,Yes,Bank transfer (automatic),62.56,829.55,No
CUST-12465,Female,1,Yes,No,52,Yes,Fiber optic,No,No internet service,Month-to-month,Yes,Mailed check,66.85,3283.32,No
CUST-12466,Male,1,Yes,No,72,Yes,Fiber optic,No,No,Month-to-month,Yes,Mailed check,79.99,5443.71,Yes
CUST-12467,Male,0,Yes,Yes,20,Yes,DSL,Yes,No,Month-to-month,No,Bank transfer (automatic),50.44,993.25,Yes
CUST-12468,Female,0,Yes,No,10,Yes,Fiber optic,Yes,No,Month-to-month,Yes,Credit card (automatic),102.42,959.09,Yes
CUST-12469,Female,0,Yes,No,9,No,Fiber optic,No internet service,No internet service,Month-to-month,Yes,Electronic check,80.94,669.47,No
CUST-12470,Male,1,No,Yes,61,Yes,Fiber optic,No internet service,No,Month-to-month,Yes,Bank transfer (automatic),92.44,5607.04,Yes
CUST-12471,Male,0,No,Yes,6,Yes,Fiber optic,No,No,Month-to-month,No,Electronic check,73.84,419.01,No
CUST-12472,Female,0,No,No,31,Yes,No,No,No,Month-to-month,Yes,Bank transfer (automatic),23.61,708.18,No
CUST-12473,Female,0,Yes,No,41,Yes,DSL,No,No internet service,One year,No,Electronic check,42.73,1698.18,No
CUST-12474,Male,0,Yes,No,7,Yes,Fiber optic,Yes,No internet service,Month-to-month,Yes,Credit card (automatic),102.08,714.16,No
CUST-12475,Male,0,No,No,2,Yes,DSL,No,Yes,Month-to-month,Yes,Credit card (automatic),52.08,98.85,No
CUST-12476,Female,1,No,No,22,Yes,DSL,No,Yes,One year,Yes,Credit card (automatic),69.7,1587.22,No
CUST-12477,Male,0,No,Yes,7,Yes,Fiber optic,No,Yes,Month-to-month,No,Credit card (automatic),85.77,600.1,No
CUST-12478,Female,0,Yes,Yes,72,Yes,DSL,No,Yes,One year,Yes,Electronic check,82.44,5852.61,No
CUST-12479,Male,0,No,Yes,29,Yes,Fiber optic,No,Yes,Two year,No,Bank transfer (automatic),90.18,2691.92,No
CUST-12480,Female,0,Yes,No,35,Yes,Fiber optic,No internet service,No,Month-to-month,No,Mailed check,66.16,2225.63,Yes
CUST-12481,Female,1,No,Yes,0,Yes,DSL,No,No internet service,Month-to-month,Yes,Mailed check,59.63,,No
CUST-12482,Female,0,No,No,1,Yes,Fiber optic,Yes,No,Month-to-month,Yes,Mailed check,77.03,77.14,No
CUST-12483,Female,0,Yes,No,4,Yes,Fiber optic,Yes,No,Month-to-month,Yes,Credit card (automatic),64.56,262.81,No
CUST-12484,Female,0,Yes,No,40,Yes,DSL,No internet service,No,Month-to-month,No,Electronic check,47.19,1767.84,No
CUST-12485,Female,0,No,No,12,Yes,No,No internet service,No internet service,One year,Yes,Electronic check,22.69,259.18,No
CUST-12486,Female,1,No,Yes,30,Yes,No,No internet service,Yes,Two year,Yes,Electronic check,30.9,959.77,No
CUST-12487,Female,0,Yes,No,36,No,Fiber optic,Yes,Yes,Two year,Yes,Bank transfer (automatic),95.97,3561.46,No
CUST-12488,Male,0,Yes,Yes,23,Yes,Fiber optic,Yes,No internet service,One year,Yes,Credit card (automatic),63.7,1477.15,No
CUST-12489,Female,0,Yes,Yes,35,Yes,DSL,No internet service,No internet service,One year,No,Electronic check,45.06,1582.78,No
CUST-12490,Male,0,Yes,Yes,0,Yes,No,No internet service,No,Month-to-month,Yes,Mailed check,26.48,,No
CUST-12491,Female,0,Yes,No,31,Yes,Fiber optic,No,No,Month-to-month,No,Credit card (automatic),88.66,2527.01,No
CUST-12492,Male,0,No,No,1,Yes,No,Yes,Yes,Month-to-month,Yes,Credit card (automatic),18.0,17.51,No
CUST-12493,Male,0,Yes,No,5,Yes,DSL,Yes,No internet service,One year,Yes,Electronic check,67.76,318.4,No
CUST-12494,Female,0,No,No,32,Yes,Fiber optic,No internet service,No internet service,Month-to-month,Yes,Bank transfer (automatic),70.55,2320.16,Yes
CUST-12495,Female,0,No,No,13,Yes,No,No,Yes,Two year,No,Credit card (automatic),32.2,400.0,No
CUST-12496,Male,0,No,Yes,12,Yes,DSL,Yes,Yes,Month-to-month,Yes,Mailed check,62.88,709.53,No
CUST-12497,Female,0,Yes,No,34,Yes,DSL,No internet service,Yes,Two year,Yes,Electronic check,27.0,859.28,No
CUST-12498,Male,0,Yes,No,4,Yes,Fiber optic,No,No internet service,Two year,Yes,Credit card (automatic),89.23,323.68,No
CUST-12499,Male,0,Yes,Yes,28,Yes,Fiber optic,No,No,Month-to-month,Yes,Mailed check,68.14,1809.14,Yes
CUST-12500,Female,0,Yes,Yes,47,Yes,No,No,Yes,One year,No,Credit card (automatic),27.92,1213.0,No
CUST-12501,Female,0,Yes,No,10,Yes,No,No,No,Two year,No,Bank transfer (automatic),18.0,167.48,No
CUST-12502,Female,0,Yes,Yes,11,Yes,No,No,No internet service,Month-to-month,No,Credit card (automatic),18.74,196.94,No
CUST-12503,Male,0,Yes,Yes,59,Yes,No,Yes,No,Two year,Yes,Mailed check,39.69,2188.09,No
CUST-12504,Male,0,No,No,0,Yes,DSL,No,No,One year,Yes,Credit card (automatic),40.51,,No
CUST-12505,Female,0,No,No,39,No,No,Yes,No internet service,Two year,Yes,Bank transfer (automatic),29.2,1046.68,No
CUST-12506,Male,0,No,No,3,Yes,Fiber optic,No internet service,No,Month-to-month,Yes,Credit card (automatic),105.78,296.46,Yes
CUST-12507,Male,1,No,No,7,Yes,DSL,No,No,One year,Yes,Electronic check,28.95,199.68,Yes
CUST-12508,Male,0,Yes,No,35,Yes,Fiber optic,Yes,Yes,One year,Yes,Electronic check,77.26,2650.66,No
CUST-12509,Female,0,Yes,Yes,27,Yes,DSL,Yes,No,Month-to-month,Yes,Bank transfer (automatic),62.97,1658.57,No
CUST-12510,Male,0,No,No,42,Yes,DSL,No,No,Two year,No,Credit card (automatic),71.49,2884.11,No
CUST-12511,Female,1,Yes,No,10,Yes,Fiber optic,Yes,No internet service,Month-to-month,No,Mailed check,117.98,1161.49,Yes
CUST-12512,Male,0,No,No,1,Yes,Fiber optic,No,Yes,Month-to-month,Yes,Credit card (automatic),76.37,69.16,No
CUST-12513,Male,0,No,No,27,No,Fiber optic,No,No,Month-to-month,Yes,Mailed check,98.24,2426.82,Yes
CUST-12514,Female,0,Yes,No,52,Yes,Fiber optic,Yes,No,One year,Yes,Mailed check,92.12,4738.09,No
CUST-12515,Female,0,No,Yes,52,Yes,Fiber optic,No internet service,Yes,Two year,No,Credit card (automatic),77.96,3968.52,No
CUST-12516,Female,1,Yes,No,18,No,No,Yes,No,Month-to-month,No,Electronic check,33.16,573.15,Yes
CUST-12517,Male,0,Yes,Yes,10,No,Fiber optic,No internet service,No,Month-to-month,No,Mailed check,64.09,597.92,No
CUST-12518,Male,1,No,No,14,Yes,No,No internet service,Yes,Month-to-month,Yes,Electronic check,25.1,362.02,No
CUST-12519,Male,0,No,No,9,Yes,Fiber optic,No,Yes,Month-to-month,Yes,Electronic check,95.9,844.47,No
CUST-12520,Female,0,No,Yes,7,Yes,Fiber optic,Yes,No internet service,Two year,No,Mailed check,81.18,588.74,No
CUST-12521,Male,0,No,No,17,No,No,No,Yes,Month-to-month,Yes,Credit card (automatic),26.8,428.77,No
CUST-12522,Male,1,No,No,27,Yes,Fiber optic,Yes,No,One year,Yes,Electronic check,86.94,2352.91,No
CUST-12523,Female,0,Yes,No,16,Yes,Fiber optic,No internet service,No,Two year,Yes,Electronic check,104.09,1696.27,No
CUST-12524,Female,0,No,No,27,Yes,DSL,No,Yes,Month-to-month,No,Bank transfer (automatic),43.31,1133.4,No
CUST-12525,Female,0,No,No,43,Yes,No,Yes,Yes,One year,Yes,Credit card (automatic),18.0,736.07,Yes
CUST-12526,Female,0,Yes,No,31,Yes,Fiber optic,No internet service,No internet service,Month-to-month,Yes,Electronic check,95.04,2760.58,Yes
CUST-12527,Male,0,Yes,Yes,56,Yes,No,No,No,Two year,No,Mailed check,33.05,1871.65,No
CUST-12528,Female,0,No,No,15,Yes,No,No,No internet service,Month-to-month,No,Credit card (automatic),29.88,446.09,No
CUST-12529,Male,1,No,No,24,Yes,No,No,No,Month-to-month,No,Bank transfer (automatic),27.37,607.48,No
CUST-12530,Male,0,No,No,72,Yes,DSL,No,No,Month-to-month,No,Electronic check,67.77,4725.78,No
CUST-12531,Female,0,No,No,18,Yes,DSL,Yes,Yes,Month-to-month,Yes,Bank transfer (automatic),46.33,787.05,No
CUST-12532,Female,0,No,No,36,Yes,Fiber optic,Yes,No internet service,Month-to-month,No,Electronic check,95.59,3229.15,No
CUST-12533,Male,0,Yes,No,11,Yes,DSL,No,No,One year,No,Bank transfer (automatic),59.99,680.44,No
CUST-12534,Female,0,Yes,No,38,Yes,Fiber optic,Yes,No,Month-to-month,No,Credit card (automatic),94.11,3721.91,Yes
CUST-12535,Male,0,Yes,Yes,8,Yes,DSL,No,No,One year,Yes,Credit card (automatic),49.92,384.57,No
CUST-12536,Female,0,Yes,No,7,Yes,DSL,No internet service,No,Month-to-month,Yes,Electronic check,51.43,371.04,Yes
CUST-12537,Male,0,No,No,38,Yes,Fiber optic,No internet service,No,Month-to-month,Yes,Mailed check,69.71,2629.62,Yes
CUST-12538,Male,0,No,No,41,Yes,Fiber optic,No internet service,No internet service,Month-to-month,Yes,Electronic check,81.97,3434.21,No
CUST-12539,Female,0,Yes,No,9,Yes,Fiber optic,No internet service,No,Month-to-month,Yes,Bank transfer (automatic),90.51,799.82,Yes
CUST-12540,Male,0,Yes,Yes,14,Yes,DSL,No internet service,No,Two year,No,Electronic check,66.97,945.09,No
CUST-12541,Male,0,No,No,13,Yes,Fiber optic,No internet service,Yes,One year,Yes,Credit card (automatic),66.65,857.7,Yes
CUST-12542,Female,0,Yes,No,26,Yes,DSL,No,No,Two year,No,Credit card (automatic),45.16,1163.44,No
CUST-12543,Male,0,No,No,2,Yes,Fiber optic,No,Yes,Two year,Yes,Electronic check,95.83,173.04,No
CUST-12544,Male,0,No,No,8,Yes,Fiber optic,No,Yes,Month-to-month,Yes,Electronic check,92.92,736.42,No
CUST-12545,Female,1,No,No,12,Yes,DSL,No internet service,Yes,Month-to-month,Yes,Mailed check,60.65,672.02,No
CUST-12546,Male,0,Yes,No,19,No,Fiber optic,No internet service,No internet service,Month-to-month,Yes,Electronic check,75.1,1299.27,No
CUST-12547,Male,0,No,No,56,No,No,Yes,No internet service,Month-to-month,No,Electronic check,23.04,1312.77,No
CUST-12548,Female,0,No,No,60,Yes,Fiber optic,No,No,Two year,No,Electronic check,80.93,4665.76,No
CUST-12549,Female,0,No,Yes,12,Yes,Fiber optic,Yes,No,Month-to-month,Yes,Credit card (automatic),71.06,851.96,Yes
CUST-12550,Female,0,No,No,30,No,Fiber optic,No internet service,Yes,Two year,No,Mailed check,94.36,2633.58,No
CUST-12551,Male,0,No,No,12,Yes,No,Yes,No,Two year,Yes,Electronic check,35.56,385.16,No
CUST-12552,Male,1,No,No,44,No,Fiber optic,No,No,Month-to-month,Yes,Bank transfer (automatic),85.64,3478.56,Yes
CUST-12553,Male,1,No,Yes,40,Yes,DSL,Yes,No,Two year,No,Electronic check,34.32,1329.76,No
CUST-12554,Female,0,Yes,No,6,Yes,Fiber optic,Yes,Yes,Two year,No,Mailed check,94.93,590.58,No
CUST-12555,Male,0,Yes,No,16,Yes,Fiber optic,No,No,Month-to-month,No,Mailed check,112.09,1639.19,Yes
CUST-12556,Female,0,No,No,21,Yes,No,No,No,Two year,No,Bank transfer (automatic),22.8,480.6,No
CUST-12557,Male,0,No,Yes,20,Yes,No,Yes,Yes,Two year,Yes,Bank transfer (automatic),18.0,351.0,No
CUST-12558,Male,0,No,Yes,47,Yes,DSL,No,No internet service,One year,Yes,Electronic check,40.32,1820.16,No
CUST-12559,Female,0,Yes,No,37,Yes,Fiber optic,Yes,No,Month-to-month,Yes,Credit card (automatic),68.55,2349.7,Yes
CUST-12560,Female,0,No,Yes,21,Yes,DSL,No,Yes,Two year,Yes,Bank transfer (automatic),44.84,973.16,No
CUST-12561,Female,1,No,No,72,Yes,DSL,No,No,Month-to-month,Yes,Electronic check,67.64,4684.18,Yes
CUST-12562,Female,0,Yes,Yes,5,Yes,DSL,No internet service,No,Month-to-month,Yes,Mailed check,62.57,327.82,Yes
CUST-12563,Female,0,Yes,Yes,0,Yes,DSL,No internet service,Yes,One year,Yes,Electronic check,49.32,,No
CUST-12564,Male,1,No,Yes,9,No,No,Yes,Yes,One year,Yes,Credit card (automatic),30.63,255.61,No
CUST-12565,Female,0,No,No,13,Yes,Fiber optic,No internet service,No internet service,One year,Yes,Bank transfer (automatic),99.82,1329.01,No
CUST-12566,Male,0,Yes,No,24,No,DSL,Yes,No internet service,Two year,No,Bank transfer (automatic),53.75,1349.14,No
CUST-12567,Female,0,No,No,0,Yes,Fiber optic,Yes,No,Month-to-month,Yes,Mailed check,69.93,,No
CUST-12568,Male,0,No,No,4,Yes,No,Yes,No internet service,Month-to-month,Yes,Credit card (automatic),24.67,90.62,No
CUST-12569,Female,1,No,Yes,4,Yes,Fiber optic,No,No,One year,No,Mailed check,71.65,258.32,No
CUST-12570,Female,1,Yes,No,14,Yes,No,No,No internet service,Month-to-month,No,Mailed check,32.75,429.21,No
CUST-12571,Female,0,Yes,Yes,57,Yes,DSL,No,No,Month-to-month,Yes,Credit card (automatic),33.42,1935.67,No
CUST-12572,Female,0,No,No,5,Yes,Fiber optic,No,No,Month-to-month,Yes,Mailed check,96.01,477.46,Yes
CUST-12573,Female,0,Yes,No,5,Yes,Fiber optic,Yes,Yes,Two year,No,Mailed check,105.17,501.69,No
CUST-12574,Female,0,No,No,1,Yes,Fiber optic,No,No,Month-to-month,Yes,Bank transfer (automatic),96.78,99.85,Yes
CUST-12575,Male,0,No,No,0,Yes,Fiber optic,No,No,Month-to-month,No,Mailed check,85.09,,Yes
CUST-12576,Male,1,No,Yes,8,Yes,Fiber optic,No,Yes,Month-to-month,Yes,Electronic check,83.56,670.44,No
CUST-12577,Female,0,Yes,No,1,Yes,Fiber optic,No internet service,Yes,Month-to-month,No,Bank transfer (automatic),95.99,96.39,No
CUST-12578,Male,0,No,No,4,Yes,DSL,No,No,Month-to-month,Yes,Electronic check,63.58,245.07,Yes
CUST-12579,Male,1,Yes,Yes,11,Yes,DSL,No internet service,No,Month-to-month,No,Electronic check,54.47,554.24,No
CUST-12580,Female,1,Yes,No,5,Yes,Fiber optic,Yes,Yes,Two year,No,Electronic check,71.32,350.09,No
CUST-12581,Male,0,Yes,Yes,40,Yes,No,No,No,Two year,Yes,Credit card (automatic),21.4,778.04,No
CUST-12582,Female,0,Yes,No,72,Yes,No,No,No,Month-to-month,No,Credit card (automatic),26.11,1741.61,Yes
CUST-12583,Male,0,Yes,Yes,9,Yes,No,Yes,No,Month-to-month,Yes,Electronic check,22.42,195.59,No
CUST-12584,Male,0,No,No,16,Yes,Fiber optic,Yes,No internet service,Two year,Yes,Electronic check,80.64,1184.13,No
CUST-12585,Female,1,Yes,Yes,61,Yes,DSL,No,No internet service,Month-to-month,Yes,Electronic check,42.51,2654.54,No
CUST-12586,Male,0,No,No,5,Yes,Fiber optic,No,No,Two year,No,Electronic check,75.96,348.68,No
CUST-12587,Female,0,No,Yes,15,Yes,Fiber optic,No,No internet service,Month-to-month,Yes,Mailed check,104.94,1579.44,Yes
CUST-12588,Female,1,No,No,42,Yes,Fiber optic,No internet service,No internet service,Month-to-month,Yes,Bank transfer (automatic),98.02,4158.75,Yes
CUST-12589,Male,0,Yes,No,32,No,Fiber optic,No,Yes,Month-to-month,Yes,Credit card (automatic),61.91,1894.82,No
CUST-12590,Female,0,No,No,43,Yes,No,No internet service,No,Month-to-month,Yes,Credit card (automatic),34.86,1526.48,No
CUST-12591,Male,0,Yes,No,4,Yes,DSL,No,No,One year,Yes,Electronic check,54.6,212.77,No
CUST-12592,Female,0,Yes,No,4,Yes,DSL,No internet service,Yes,Two year,Yes,Mailed check,70.45,279.44,No
CUST-12593,Male,0,Yes,Yes,0,Yes,Fiber optic,No,Yes,Month-to-month,Yes,Mailed check,97.84,,No
CUST-12594,Male,0,No,No,25,Yes,No,No,Yes,One year,No,Bank transfer (automatic),20.76,495.86,No
CUST-12595,Female,0,Yes,No,0,Yes,DSL,No,No internet service,Month-to-month,Yes,Mailed check,56.03,,Yes
CUST-12596,Male,1,Yes,No,22,Yes,DSL,No internet service,Yes,One year,No,Mailed check,54.22,1194.46,No
CUST-12597,Male,0,No,No,45,No,Fiber optic,Yes,No,Month-to-month,Yes,Credit card (automatic),84.53,3720.77,Yes
CUST-12598,Female,0,No,No,0,Yes,DSL,No,Yes,Month-to-month,No,Credit card (automatic),70.15,,No
CUST-12599,Female,0,No,Yes,9,Yes,Fiber optic,No internet service,Yes,Month-to-month,Yes,Electronic check,92.09,794.2,No
CUST-12600,Male,0,No,No,10,Yes,Fiber optic,No internet service,Yes,One year,Yes,Bank transfer (automatic),71.54,730.09,No
CUST-12601,Male,0,No,Yes,40,Yes,No,Yes,No,One year,No,Credit card (automatic),21.73,833.54,No
CUST-12602,Female,0,Yes,Yes,65,Yes,DSL,Yes,Yes,Month-to-month,No,Credit card (automatic),59.11,3676.6,No
CUST-12603,Female,0,Yes,No,27,Yes,DSL,Yes,No internet service,Two year,No,Credit card (automatic),59.26,1461.64,No
CUST-12604,Male,0,No,No,0,Yes,No,No internet service,No,Month-to-month,No,Mailed check,18.0,,Yes
CUST-12605,Female,0,No,No,2,Yes,No,No,No,Month-to-month,Yes,Mailed check,29.09,53.13,No
CUST-12606,Male,0,Yes,Yes,9,Yes,Fiber optic,Yes,No,One year,Yes,Electronic check,92.52,810.65,No
CUST-12607,Male,0,Yes,Yes,32,Yes,DSL,No internet service,No internet service,Two year,Yes,Mailed check,50.9,1664.51,No
CUST-12608,Female,0,Yes,Yes,6,No,Fiber optic,No,No,Month-to-month,Yes,Electronic check,85.73,494.44,Yes
CUST-12609,Female,1,Yes,No,8,Yes,DSL,No internet service,No internet service,One year,No,Mailed check,49.08,368.73,No
CUST-12610,Female,0,No,No,3,Yes,Fiber optic,Yes,No internet service,One year,No,Electronic check,70.46,215.93,No
CUST-12611,Female,0,No,No,31,Yes,DSL,Yes,No,Month-to-month,Yes,Electronic check,47.98,1533.89,No
CUST-12612,Male,1,Yes,No,28,Yes,DSL,No,Yes,Month-to-month,Yes,Bank transfer (automatic),70.3,1830.77,Yes
CUST-12613,Female,1,No,Yes,16,Yes,Fiber optic,No,Yes,Month-to-month,Yes,Bank transfer (automatic),109.43,1669.91,No
CUST-12614,Female,0,Yes,Yes,51,Yes,Fiber optic,Yes,No,Month-to-month,Yes,Electronic check,79.68,4112.71,No
CUST-12615,Female,0,No,No,1,Yes,Fiber optic,No,No,Month-to-month,No,Bank transfer (automatic),83.68,79.74,No
CUST-12616,Female,1,No,No,4,Yes,Fiber optic,No,No internet service,Two year,Yes,Electronic check,73.54,284.01,No
CUST-12617,Male,0,Yes,No,9,Yes,DSL,Yes,No,Month-to-month,No,Credit card (automatic),67.62,625.68,Yes
CUST-12618,Female,0,No,Yes,20,Yes,Fiber optic,Yes,No internet service,One year,Yes,Electronic check,96.9,1813.49,No
CUST-12619,Female,0,No,Yes,10,Yes,Fiber optic,No,No internet service,Two year,No,Bank transfer (automatic),88.92,800.71,No
CUST-12620,Male,0,No,No,55,Yes,Fiber optic,No,No,Two year,Yes,Bank transfer (automatic),92.24,4780.18,No
CUST-12621,Male,0,Yes,No,72,Yes,Fiber optic,No internet service,Yes,Month-to-month,Yes,Mailed check,84.18,5814.04,No
CUST-12622,Female,0,Yes,Yes,7,Yes,DSL,Yes,No,Month-to-month,No,Credit card (automatic),61.79,397.6,No
CUST-12623,Male,0,Yes,Yes,1,Yes,Fiber optic,No,Yes,Month-to-month,No,Bank transfer (automatic),79.56,74.67,No
CUST-12624,Male,0,Yes,No,15,Yes,Fiber optic,No,No,Month-to-month,No,Bank transfer (automatic),103.78,1542.33,No
CUST-12625,Male,0,No,Yes,23,Yes,DSL,Yes,Yes,One year,No,Bank transfer (automatic),65.1,1490.44,No
CUST-12626,Female,0,No,Yes,20,Yes,Fiber optic,No,No,Month-to-month,Yes,Electronic check,89.92,1643.48,Yes
CUST-12627,Male,0,Yes,Yes,43,Yes,Fiber optic,Yes,No,Month-to-month,No,Electronic check,81.01,3560.59,Yes
CUST-12628,Female,1,Yes,No,16,Yes,Fiber optic,No,No,Month-to-month,No,Bank transfer (automatic),101.42,1667.29,Yes
CUST-12629,Male,0,No,No,17,No,Fiber optic,No internet service,No internet service,Month-to-month,No,Mailed check,55.12,846.19,No
CUST-12630,Female,0,Yes,No,14,Yes,No,Yes,No,Month-to-month,Yes,Electronic check,40.67,550.53,Yes
CUST-12631,Female,0,Yes,No,65,Yes,No,No,No,Month-to-month,Yes,Bank transfer (automatic),27.74,1785.68,Yes
CUST-12632,Male,0,No,Yes,72,Yes,DSL,No,No,Month-to-month,Yes,Mailed check,65.3,4721.29,No
CUST-12633,Female,1,No,No,72,Yes,DSL,No,Yes,Two year,Yes,Electronic check,72.6,4710.93,No
CUST-12634,Female,0,No,Yes,37,Yes,Fiber optic,Yes,Yes,Month-to-month,No,Credit card (automatic),67.41,2326.0,No
CUST-12635,Female,0,No,No,58,No,DSL,Yes,No,Month-to-month,Yes,Electronic check,53.49,3098.29,Yes
CUST-12636,Male,0,No,No,8,Yes,DSL,No,No,Month-to-month,Yes,Electronic check,47.59,399.49,No
CUST-12637,Male,0,No,Yes,6,Yes,Fiber optic,No,Yes,One year,Yes,Electronic check,85.62,488.44,No
CUST-12638,Male,0,Yes,No,6,Yes,DSL,Yes,Yes,Month-to-month,No,Electronic check,32.51,179.41,No
CUST-12639,Female,1,No,Yes,16,Yes,No,Yes,No internet service,One year,Yes,Mailed check,18.1,293.61,No
CUST-12640,Male,0,No,Yes,7,Yes,DSL,No internet service,No,Month-to-month,Yes,Credit card (automatic),68.49,445.28,No
CUST-12641,Male,1,No,No,14,Yes,Fiber optic,No,No,Month-to-month,No,Bank transfer (automatic),84.21,1138.9,No
CUST-12642,Female,0,No,No,11,Yes,No,No,No,Two year,No,Mailed check,26.99,290.29,No
CUST-12643,Female,0,No,No,37,Yes,No,No,No internet service,One year,Yes,Credit card (automatic),29.42,1130.74,No
CUST-12644,Female,0,Yes,Yes,9,Yes,DSL,Yes,No,Month-to-month,Yes,Electronic check,63.73,517.8,Yes
CUST-12645,Female,0,Yes,No,18,Yes,DSL,No,No,Month-to-month,Yes,Bank transfer (automatic),63.07,1147.22,No
CUST-12646,Female,0,Yes,Yes,7,Yes,DSL,No internet service,No internet service,Month-to-month,Yes,Bank transfer (automatic),60.79,403.45,No
CUST-12647,Female,0,No,No,14,Yes,Fiber optic,No,No,Month-to-month,Yes,Bank transfer (automatic),57.06,812.68,Yes
CUST-12648,Male,0,No,Yes,20,Yes,DSL,No,Yes,One year,No,Mailed check,57.3,1147.16,No
CUST-12649,Female,0,Yes,No,7,Yes,No,No,No,Month-to-month,No,Bank transfer (automatic),21.53,139.55,No
CUST-12650,Male,0,No,Yes,3,Yes,Fiber optic,Yes,Yes,Month-to-month,No,Credit card (automatic),71.72,206.61,No
CUST-12651,Female,0,Yes,Yes,0,Yes,DSL,Yes,No,Month-to-month,Yes,Credit card (automatic),73.04,,No
CUST-12652,Female,0,No,No,16,No,Fiber optic,No,No internet service,Two year,No,Electronic check,115.09,1704.25,Yes
CUST-12653,Male,0,No,Yes,0,Yes,No,Yes,No,Two year,Yes,Mailed check,35.78,,No
CUST-12654,Male,0,No,Yes,24,No,Fiber optic,No,No,Month-to-month,Yes,Mailed check,72.56,1746.77,Yes
CUST-12655,Male,0,Yes,No,12,Yes,Fiber optic,No,No,Two year,Yes,Mailed check,84.24,980.96,No
CUST-12656,Male,0,No,No,8,Yes,DSL,Yes,No,Month-to-month,Yes,Electronic check,73.29,607.02,Yes
CUST-12657,Male,0,Yes,No,4,Yes,DSL,No,No,Month-to-month,No,Mailed check,65.9,272.11,Yes
CUST-12658,Female,0,Yes,Yes,7,Yes,No,No,No,One year,No,Mailed check,18.0,119.58,No
CUST-12659,Male,0,No,Yes,31,Yes,Fiber optic,No internet service,No,Month-to-month,Yes,Credit card (automatic),83.63,2548.86,Yes
CUST-12660,Male,0,Yes,No,72,Yes,No,No,No,Two year,No,Credit card (automatic),22.89,1510.99,No
CUST-12661,Female,0,Yes,No,16,Yes,DSL,No,No,Month-to-month,Yes,Electronic check,75.03,1162.13,No
CUST-12662,Female,1,No,No,13,Yes,No,No,No,Two year,No,Credit card (automatic),18.0,238.59,No
CUST-12663,Female,0,Yes,No,23,Yes,DSL,No,Yes,Month-to-month,Yes,Mailed check,66.92,1399.84,No
CUST-12664,Male,0,No,No,72,Yes,Fiber optic,No,No,Month-to-month,No,Electronic check,70.76,5082.12,Yes
CUST-12665,Female,0,No,No,6,Yes,Fiber optic,No internet service,Yes,One year,Yes,Mailed check,83.98,516.22,No
CUST-12666,Male,0,No,No,10,Yes,DSL,Yes,No internet service,Month-to-month,No,Electronic check,57.25,540.47,No
CUST-12667,Male,0,No,No,3,Yes,No,No internet service,No,Month-to-month,No,Credit card (automatic),18.0,53.51,No
CUST-12668,Male,0,No,No,25,Yes,DSL,Yes,No,Month-to-month,Yes,Electronic check,47.19,1114.47,No
CUST-12669,Male,0,Yes,No,4,No,DSL,No internet service,No,Month-to-month,Yes,Credit card (automatic),45.05,181.49,Yes
CUST-12670,Male,0,No,No,1,No,No,No,No,Two year,Yes,Credit card (automatic),27.82,25.47,No
CUST-12671,Male,1,No,Yes,3,Yes,DSL,No,No,Two year,Yes,Mailed check,53.51,166.87,No
CUST-12672,Female,0,No,No,1,Yes,DSL,No,No,Month-to-month,No,Mailed check,70.47,66.28,Yes
CUST-12673,Male,0,No,No,15,Yes,DSL,Yes,No,Month-to-month,No,Electronic check,42.62,633.16,Yes
CUST-12674,Male,0,Yes,No,4,No,Fiber optic,No,Yes,Two year,No,Bank transfer (automatic),84.39,335.46,No
CUST-12675,Female,0,No,No,8,Yes,Fiber optic,Yes,No,One year,Yes,Electronic check,95.2,711.52,No
CUST-12676,Female,0,No,No,46,Yes,Fiber optic,No internet service,Yes,Month-to-month,Yes,Electronic check,93.7,4064.78,No
CUST-12677,Male,1,Yes,No,15,Yes,DSL,Yes,No internet service,Month-to-month,Yes,Credit card (automatic),51.53,772.08,No
CUST-12678,Female,0,Yes,No,44,Yes,DSL,Yes,No internet service,Month-to-month,Yes,Mailed check,64.79,2893.54,No
CUST-12679,Male,0,Yes,No,19,Yes,Fiber optic,No,Yes,Two year,Yes,Bank transfer (automatic),75.58,1334.18,No
CUST-12680,Male,0,No,No,72,Yes,Fiber optic,No,Yes,Month-to-month,Yes,Electronic check,72.17,4778.16,No
CUST-12681,Female,0,Yes,No,25,No,Fiber optic,Yes,Yes,Month-to-month,No,Electronic check,83.98,2051.94,No
CUST-12682,Female,0,No,No,6,Yes,DSL,No internet service,No,Month-to-month,Yes,Bank transfer (automatic),56.3,318.09,Yes
CUST-12683,Female,0,No,No,5,Yes,DSL,No,No,Month-to-month,Yes,Mailed check,56.05,278.96,No
CUST-12684,Female,0,No,No,33,Yes,DSL,No,Yes,Month-to-month,Yes,Bank transfer (automatic),79.92,2408.04,No
CUST-12685,Female,0,No,No,7,No,No,Yes,No,One year,Yes,Electronic check,29.86,198.25,Yes
CUST-12686,Male,0,Yes,Yes,37,Yes,DSL,No internet service,Yes,Month-to-month,Yes,Bank transfer (automatic),50.15,1752.54,No
CUST-12687,Female,1,No,No,21,Yes,Fiber optic,No,No,Two year,Yes,Bank transfer (automatic),77.19,1607.2,No
CUST-12688,Male,0,No,No,30,Yes,No,Yes,No internet service,Month-to-month,No,Mailed check,21.99,651.64,No
CUST-12689,Female,0,Yes,No,40,Yes,DSL,Yes,No internet service,Month-to-month,Yes,Electronic check,78.98,2965.78,No
CUST-12690,Female,0,Yes,No,37,Yes,Fiber optic,Yes,No,Month-to-month,Yes,Credit card (automatic),81.82,2852.03,No
CUST-12691,Male,1,No,No,25,Yes,DSL,Yes,No internet service,Month-to-month,Yes,Mailed check,62.03,1624.97,No
CUST-12692,Male,1,No,No,8,Yes,Fiber optic,No,No,Month-to-month,Yes,Credit card (automatic),71.3,552.42,No
CUST-12693,Female,0,Yes,No,33,Yes,Fiber optic,No,No,Two year,Yes,Mailed check,97.85,3174.94,Yes
CUST-12694,Male,0,Yes,No,68,Yes,No,Yes,No,One year,Yes,Electronic check,18.0,1273.14,No
CUST-12695,Female,0,Yes,Yes,0,Yes,DSL,No,No,Month-to-month,No,Electronic check,42.76,,Yes
CUST-12696,Female,0,No,No,27,Yes,Fiber optic,Yes,No,Two year,Yes,Credit card (automatic),82.32,2319.44,No
CUST-12697,Male,1,Yes,Yes,3,Yes,DSL,Yes,No,Two year,No,Mailed check,62.04,169.13,No
CUST-12698,Female,0,Yes,No,14,Yes,Fiber optic,No internet service,No,Two year,Yes,Mailed check,64.0,936.17,No
CUST-12699,Male,0,Yes,No,2,Yes,Fiber optic,No internet service,No,One year,Yes,Credit card (automatic),73.73,134.85,No
CUST-12700,Male,0,No,Yes,30,Yes,Fiber optic,Yes,No,Month-to-month,Yes,Bank transfer (automatic),81.8,2300.4,Yes
CUST-12701,Male,0,Yes,Yes,7,Yes,Fiber optic,No,Yes,One year,No,Electronic check,84.35,613.62,No
CUST-12702,Female,0,No,Yes,8,Yes,Fiber optic,No,Yes,Month-to-month,No,Electronic check,90.22,748.59,No
CUST-12703,Female,0,Yes,No,72,Yes,No,No,No,One year,No,Electronic check,28.98,1903.34,No
CUST-12704,Male,0,Yes,No,2,Yes,Fiber optic,Yes,No internet service,Two year,No,Mailed check,64.94,122.27,No
CUST-12705,Female,0,Yes,Yes,10,Yes,No,No,No internet service,One year,Yes,Bank transfer (automatic),28.85,289.28,No
CUST-12706,Female,1,Yes,No,1,Yes,Fiber optic,No internet service,No,Two year,Yes,Mailed check,85.24,87.18,No
CUST-12707,Male,0,No,No,19,Yes,Fiber optic,Yes,Yes,Two year,No,Electronic check,50.4,905.08,No
CUST-12708,Male,0,Yes,No,59,Yes,Fiber optic,No internet service,Yes,Month-to-month,Yes,Bank transfer (automatic),97.97,5219.94,No
CUST-12709,Male,0,No,No,72,Yes,Fiber optic,No,Yes,Two year,No,Bank transfer (automatic),101.35,6880.79,No
CUST-12710,Female,0,No,Yes,27,Yes,DSL,No,No internet service,Two year,No,Mailed check,55.43,1390.21,No
CUST-12711,Female,1,No,No,14,Yes,DSL,No,No,One year,No,Electronic check,72.64,1014.33,No
CUST-12712,Female,0,Yes,No,2,Yes,Fiber optic,No internet service,No internet service,Two year,No,Electronic check,99.39,197.42,No
CUST-12713,Male,0,Yes,No,0,Yes,DSL,No,No internet service,One year,Yes,Mailed check,51.97,,No
CUST-12714,Female,0,No,Yes,55,Yes,Fiber optic,No,No,Two year,Yes,Electronic check,100.42,5774.63,No
CUST-12715,Female,0,No,No,5,Yes,DSL,No,No internet service,Two year,Yes,Mailed check,57.57,283.86,No
CUST-12716,Male,0,No,No,43,Yes,DSL,No,No internet service,Month-to-month,No,Credit card (automatic),58.27,2373.92,No
CUST-12717,Male,0,No,Yes,37,Yes,Fiber optic,No internet service,No,Month-to-month,Yes,Credit card (automatic),91.56,3270.84,Yes
CUST-12718,Female,0,Yes,No,45,Yes,DSL,No internet service,No,One year,No,Electronic check,54.64,2468.41,No
CUST-12719,Female,0,No,Yes,0,Yes,DSL,No,No,Month-to-month,No,Mailed check,54.8,,Yes
CUST-12720,Male,0,No,No,46,Yes,Fiber optic,No internet service,No internet service,Two year,Yes,Bank transfer (automatic),96.56,4258.44,No
CUST-12721,Female,1,No,No,0,Yes,DSL,No internet service,No,One year,Yes,Credit card (automatic),57.82,,Yes
CUST-12722,Female,0,Yes,No,17,Yes,No,No,No,Two year,Yes,Electronic check,21.24,339.81,No
CUST-12723,Female,0,No,Yes,32,Yes,No,No internet service,No,Month-to-month,Yes,Mailed check,29.96,932.79,No
CUST-12724,Female,0,Yes,Yes,72,Yes,Fiber optic,No,No,Month-to-month,No,Mailed check,92.96,6704.36,No
CUST-12725,Female,0,No,No,0,Yes,DSL,Yes,No,Month-to-month,Yes,Mailed check,70.4,,No
CUST-12726,Male,1,No,No,3,Yes,DSL,No internet service,Yes,Month-to-month,Yes,Electronic check,48.84,132.6,No
CUST-12727,Female,0,Yes,No,35,Yes,No,Yes,No internet service,Month-to-month,Yes,Mailed check,18.0,625.33,Yes
CUST-12728,Female,0,No,No,26,Yes,Fiber optic,No internet service,No,Two year,No,Credit card (automatic),70.57,1657.4,No
CUST-12729,Male,0,No,No,28,Yes,No,Yes,Yes,One year,No,Electronic check,18.0,464.67,No
CUST-12730,Female,0,Yes,No,24,Yes,Fiber optic,Yes,Yes,Month-to-month,No,Electronic check,108.48,2716.88,No
CUST-12731,Female,0,Yes,No,6,No,Fiber optic,Yes,No,Month-to-month,Yes,Bank transfer (automatic),90.39,539.51,Yes
CUST-12732,Male,0,No,No,27,Yes,Fiber optic,No,No,One year,Yes,Bank transfer (automatic),88.57,2348.15,No
CUST-12733,Female,0,Yes,Yes,36,Yes,Fiber optic,No,Yes,One year,No,Bank transfer (automatic),104.0,3895.37,No
CUST-12734,Male,1,No,No,47,Yes,No,No,Yes,Month-to-month,Yes,Electronic check,32.4,1451.13,No
CUST-12735,Male,0,No,Yes,1,Yes,No,No,No,Month-to-month,Yes,Bank transfer (automatic),19.37,18.86,No
CUST-12736,Female,0,No,Yes,12,Yes,DSL,No,No internet service,Two year,Yes,Mailed check,58.07,646.27,No
CUST-12737,Male,1,No,No,6,No,Fiber optic,No internet service,No,Month-to-month,No,Bank transfer (automatic),87.04,487.76,No
CUST-12738,Male,0,No,No,2,No,Fiber optic,No,No internet service,Month-to-month,No,Electronic check,85.44,168.49,Yes
CUST-12739,Female,0,Yes,No,0,Yes,Fiber optic,No,No,Month-to-month,No,Bank transfer (automatic),75.79,,Yes
CUST-12740,Male,0,No,Yes,28,Yes,Fiber optic,No,No,Two year,Yes,Bank transfer (automatic),74.94,2175.28,No
CUST-12741,Female,0,No,No,72,Yes,Fiber optic,No,No,One year,No,Electronic check,70.68,4624.51,No
CUST-12742,Male,1,Yes,Yes,7,Yes,Fiber optic,No,No,Month-to-month,No,Credit card (automatic),84.08,543.19,No
CUST-12743,Male,1,No,No,0,No,Fiber optic,No,No,One year,No,Credit card (automatic),82.8,,No
CUST-12744,Male,0,No,Yes,5,Yes,No,No internet service,No internet service,Month-to-month,Yes,Bank transfer (automatic),32.17,147.14,No
CUST-12745,Female,0,No,No,22,Yes,DSL,No internet service,No internet service,Month-to-month,Yes,Bank transfer (automatic),53.24,1058.21,Yes
CUST-12746,Female,0,Yes,No,27,Yes,No,No,No,One year,Yes,Mailed check,24.98,639.01,No
CUST-12747,Male,0,Yes,No,38,Yes,Fiber optic,Yes,No internet service,One year,No,Electronic check,99.09,3504.66,Yes
CUST-12748,Female,1,No,No,9,Yes,DSL,No,No,Month-to-month,Yes,Credit card (automatic),48.33,397.34,No
CUST-12749,Male,0,Yes,Yes,47,Yes,Fiber optic,No,No,Month-to-month,Yes,Credit card (automatic),53.05,2347.83,No
CUST-12750,Female,1,Yes,No,14,Yes,DSL,No,Yes,Month-to-month,Yes,Credit card (automatic),68.22,925.19,Yes
CUST-12751,Male,1,Yes,No,1,Yes,DSL,No,Yes,One year,No,Mailed check,61.41,59.48,Yes
CUST-12752,Female,0,Yes,Yes,51,Yes,Fiber optic,No,No,Month-to-month,Yes,Electronic check,83.66,4114.72,Yes
CUST-12753,Male,0,Yes,Yes,72,Yes,Fiber optic,No,Yes,Month-to-month,No,Mailed check,84.8,6079.36,No
CUST-12754,Male,1,No,No,0,Yes,DSL,Yes,No,Month-to-month,Yes,Bank transfer (automatic),62.92,,Yes
CUST-12755,Female,1,Yes,No,56,No,Fiber optic,No,No,Two year,No,Mailed check,90.22,5079.65,No
CUST-12756,Female,0,Yes,No,1,Yes,Fiber optic,Yes,Yes,Month-to-month,Yes,Bank transfer (automatic),56.62,54.5,No
CUST-12757,Male,0,Yes,No,20,Yes,DSL,No,No,One year,No,Electronic check,64.78,1319.76,No
CUST-12758,Female,0,No,No,54,No,No,No,Yes,Two year,Yes,Mailed check,18.0,981.13,Yes
CUST-12759,Male,0,No,Yes,11,Yes,Fiber optic,Yes,No,Two year,Yes,Electronic check,100.78,1042.01,No
CUST-12760,Male,0,Yes,No,43,Yes,No,No,Yes,Two year,Yes,Electronic check,23.3,904.47,No
CUST-12761,Female,0,No,No,59,Yes,DSL,No,No,One year,Yes,Electronic check,55.94,3158.21,No
CUST-12762,Male,0,Yes,Yes,14,Yes,No,No,No internet service,Month-to-month,Yes,Electronic check,21.63,310.88,Yes
CUST-12763,Male,0,No,No,10,Yes,Fiber optic,No,No,Two year,Yes,Electronic check,89.9,894.56,No
CUST-12764,Male,0,No,Yes,26,Yes,Fiber optic,No internet service,No internet service,Two year,Yes,Credit card (automatic),89.73,2183.91,Yes
CUST-12765,Male,0,Yes,No,36,Yes,Fiber optic,Yes,No,Month-to-month,Yes,Mailed check,78.81,2638.02,No
CUST-12766,Female,0,Yes,No,72,Yes,No,Yes,Yes,Month-to-month,Yes,Credit card (automatic),27.0,1831.22,No
CUST-12767,Female,0,Yes,Yes,27,Yes,DSL,Yes,Yes,Month-to-month,Yes,Mailed check,47.07,1210.27,No
CUST-12768,Male,0,No,No,50,Yes,DSL,No,No internet service,Month-to-month,No,Electronic check,43.73,2103.37,No
CUST-12769,Female,0,Yes,No,72,Yes,DSL,No internet service,No,Two year,Yes,Electronic check,62.26,4167.36,No
CUST-12770,Female,0,No,Yes,30,Yes,Fiber optic,No,No,One year,Yes,Bank transfer (automatic),80.84,2429.77,No
CUST-12771,Male,0,No,Yes,30,Yes,Fiber optic,Yes,No,Month-to-month,No,Mailed check,80.01,2235.43,Yes
CUST-12772,Male,0,Yes,No,50,Yes,No,No,No,Month-to-month,No,Mailed check,42.15,2041.73,Yes
CUST-12773,Male,0,No,No,13,Yes,Fiber optic,No,No,Two year,No,Credit card (automatic),88.64,1069.05,No
CUST-12774,Female,0,No,No,14,Yes,Fiber optic,No,No,Two year,No,Mailed check,61.78,787.09,No
CUST-12775,Female,0,No,No,8,Yes,DSL,No,No,Month-to-month,Yes,Electronic check,53.8,409.07,No
CUST-12776,Female,0,Yes,Yes,25,Yes,No,Yes,No internet service,Two year,No,Credit card (automatic),24.16,594.01,No
CUST-12777,Female,0,No,Yes,0,Yes,DSL,No,No,Month-to-month,Yes,Mailed check,65.59,,No
CUST-12778,Female,0,No,No,18,Yes,Fiber optic,No,Yes,Month-to-month,Yes,Credit card (automatic),100.11,1660.3,Yes
CUST-12779,Male,0,No,No,1,Yes,Fiber optic,No internet service,No,Two year,Yes,Mailed check,76.16,75.08,No
CUST-12780,Female,0,No,Yes,30,Yes,DSL,Yes,Yes,Month-to-month,Yes,Electronic check,70.02,2166.68,Yes
CUST-12781,Female,0,No,No,16,Yes,Fiber optic,No,Yes,Month-to-month,No,Mailed check,101.28,1679.96,No
CUST-12782,Male,0,Yes,No,1,Yes,Fiber optic,Yes,No,Month-to-month,Yes,Electronic check,80.05,72.96,Yes
CUST-12783,Male,0,Yes,Yes,10,Yes,No,No internet service,No,Two year,No,Mailed check,24.64,225.53,No
CUST-12784,Male,0,Yes,No,8,Yes,No,No,No internet service,One year,Yes,Electronic check,31.72,238.22,No
CUST-12785,Female,1,No,No,11,Yes,Fiber optic,Yes,No,One year,No,Mailed check,92.79,1040.21,No
CUST-12786,Female,0,Yes,No,64,Yes,DSL,No internet service,Yes,Month-to-month,Yes,Credit card (automatic),65.19,4088.66,No
CUST-12787,Male,0,Yes,No,36,Yes,DSL,No,No,One year,Yes,Electronic check,49.96,1834.31,Yes
CUST-12788,Female,0,Yes,No,6,Yes,Fiber optic,Yes,No,One year,Yes,Credit card (automatic),80.3,474.41,Yes
CUST-12789,Female,0,No,Yes,27,Yes,DSL,No internet service,No internet service,Two year,Yes,Mailed check,66.41,1864.4,No
CUST-12790,Male,0,Yes,No,0,Yes,No,No,No,Two year,Yes,Electronic check,20.95,,No
CUST-12791,Female,0,Yes,No,4,Yes,Fiber optic,Yes,Yes,Month-to-month,Yes,Credit card (automatic),109.05,427.68,No
CUST-12792,Female,0,No,No,1,Yes,Fiber optic,No internet service,Yes,Two year,No,Bank transfer (automatic),85.62,89.15,No
CUST-12793,Female,0,Yes,No,72,No,Fiber optic,Yes,No internet service,Two year,Yes,Credit card (automatic),62.81,4139.96,No
CUST-12794,Male,0,No,No,54,Yes,DSL,Yes,No,Month-to-month,No,Bank transfer (automatic),54.45,2959.0,No
CUST-12795,Male,0,Yes,No,45,No,Fiber optic,No,No,Two year,Yes,Electronic check,120.0,5331.95,Yes
CUST-12796,Female,0,No,No,12,Yes,No,No internet service,No,Month-to-month,Yes,Credit card (automatic),27.47,296.76,No
CUST-12797,Male,0,No,No,23,No,No,No internet service,No,Two year,No,Electronic check,18.0,400.77,No
CUST-12798,Male,0,No,No,11,Yes,Fiber optic,Yes,No,One year,Yes,Credit card (automatic),75.92,822.7,No
CUST-12799,Male,0,Yes,No,15,Yes,No,No,Yes,Month-to-month,No,Bank transfer (automatic),18.0,254.53,No
CUST-12800,Female,1,No,Yes,8,No,DSL,No,No,Two year,Yes,Credit card (automatic),50.64,373.86,No
CUST-12801,Female,0,Yes,No,33,Yes,DSL,No,Yes,One year,No,Credit card (automatic),41.15,1240.88,No
CUST-12802,Female,0,No,Yes,72,Yes,Fiber optic,No,Yes,Month-to-month,No,Mailed check,74.94,5461.52,No
CUST-12803,Male,0,No,No,14,Yes,Fiber optic,No,No,One year,Yes,Mailed check,92.03,1297.57,No
CUST-12804,Female,1,Yes,No,9,Yes,Fiber optic,No internet service,No internet service,Two year,No,Mailed check,87.62,820.05,No
CUST-12805,Male,0,No,Yes,40,Yes,DSL,No,Yes,Two year,Yes,Bank transfer (automatic),68.65,2638.25,No
CUST-12806,Female,0,No,No,3,Yes,DSL,No,No,Two year,No,Electronic check,71.55,216.65,No
CUST-12807,Female,1,No,No,10,Yes,Fiber optic,Yes,No,Two year,Yes,Credit card (automatic),93.71,946.89,No
CUST-12808,Female,1,Yes,No,47,No,Fiber optic,No internet service,Yes,One year,No,Mailed check,87.67,3903.83,No
CUST-12809,Male,0,Yes,No,0,Yes,Fiber optic,No,Yes,Month-to-month,Yes,Bank transfer (automatic),74.17,,No
CUST-12810,Female,0,Yes,No,9,No,Fiber optic,No,No,Month-to-month,No,Mailed check,62.11,547.31,No
CUST-12811,Female,1,No,No,44,Yes,Fiber optic,No internet service,No internet service,Month-to-month,No,Electronic check,104.11,4356.4,Yes
CUST-12812,Male,0,Yes,No,29,Yes,DSL,No,No,Month-to-month,No,Mailed check,51.18,1402.61,Yes
CUST-12813,Male,0,Yes,No,12,No,Fiber optic,Yes,No,One year,Yes,Bank transfer (automatic),98.45,1085.84,Yes
CUST-12814,Male,0,Yes,No,7,No,DSL,No,Yes,Month-to-month,No,Bank transfer (automatic),49.22,345.35,No
CUST-12815,Male,0,No,No,2,Yes,Fiber optic,No internet service,No,Month-to-month,Yes,Electronic check,87.85,164.91,Yes
CUST-12816,Male,0,No,Yes,55,Yes,No,No,No internet service,Month-to-month,Yes,Bank transfer (automatic),18.0,919.86,No
CUST-12817,Male,0,No,Yes,12,Yes,DSL,No internet service,No internet service,Month-to-month,Yes,Mailed check,56.58,697.17,Yes
CUST-12818,Female,0,No,No,48,Yes,No,No,Yes,Month-to-month,Yes,Electronic check,27.72,1327.25,No
CUST-12819,Female,0,No,No,1,Yes,Fiber optic,Yes,No internet service,One year,Yes,Electronic check,95.55,97.67,No
CUST-12820,Male,0,No,No,11,No,DSL,No,No,Month-to-month,Yes,Mailed check,60.62,617.49,Yes
CUST-12821,Male,1,No,No,3,Yes,Fiber optic,No internet service,No,Month-to-month,Yes,Bank transfer (automatic),67.75,210.78,Yes
CUST-12822,Female,0,Yes,No,20,Yes,DSL,No,Yes,Month-to-month,No,Mailed check,57.89,1047.42,No
CUST-12823,Male,0,Yes,Yes,10,Yes,DSL,No internet service,Yes,Month-to-month,No,Mailed check,52.75,508.3,No
CUST-12824,Female,1,Yes,Yes,19,Yes,Fiber optic,No internet service,Yes,Month-to-month,Yes,Bank transfer (automatic),64.86,1248.91,Yes
CUST-12825,Female,0,Yes,Yes,0,Yes,Fiber optic,No,No,Two year,No,Electronic check,77.41,,Yes
CUST-12826,Male,0,No,No,3,Yes,No,No internet service,No internet service,One year,No,Electronic check,18.0,50.47,No
CUST-12827,Male,0,No,Yes,34,Yes,DSL,No internet service,No,One year,Yes,Electronic check,60.7,1887.83,No
CUST-12828,Female,0,Yes,No,11,Yes,DSL,No,Yes,Month-to-month,Yes,Mailed check,64.77,676.22,No
CUST-12829,Male,0,No,Yes,19,Yes,Fiber optic,No,Yes,Two year,No,Electronic check,56.51,1101.11,No
CUST-12830,Male,1,No,No,24,Yes,No,Yes,No,Two year,Yes,Electronic check,23.34,537.34,No
CUST-12831,Male,0,No,Yes,27,Yes,DSL,No internet service,No,Month-to-month,Yes,Mailed check,44.95,1270.26,Yes
CUST-12832,Male,0,No,No,0,Yes,Fiber optic,No internet service,No,Month-to-month,No,Bank transfer (automatic),75.05,,Yes
CUST-12833,Male,1,No,No,11,No,Fiber optic,No,No,Month-to-month,No,Mailed check,77.1,783.1,No
CUST-12834,Male,0,No,No,15,No,Fiber optic,Yes,No internet service,Month-to-month,No,Bank transfer (automatic),80.92,1189.24,No
CUST-12835,Female,0,No,No,6,Yes,Fiber optic,No,No,Month-to-month,Yes,Mailed check,90.79,516.22,No
CUST-12836,Male,1,Yes,No,22,Yes,DSL,No,Yes,Month-to-month,No,Bank transfer (automatic),40.41,813.23,No
CUST-12837,Male,0,Yes,No,3,Yes,Fiber optic,No internet service,No,Two year,Yes,Electronic check,57.72,176.55,No
CUST-12838,Male,1,Yes,Yes,7,Yes,Fiber optic,No,Yes,Two year,Yes,Electronic check,80.63,518.3,No
CUST-12839,Male,0,No,No,28,Yes,Fiber optic,No internet service,No,Month-to-month,No,Bank transfer (automatic),87.97,2362.97,No
CUST-12840,Male,1,Yes,No,8,Yes,DSL,No,No internet service,Month-to-month,No,Bank transfer (automatic),44.46,356.4,Yes
CUST-12841,Male,0,No,Yes,16,Yes,Fiber optic,Yes,No,Two year,No,Credit card (automatic),90.27,1328.23,No
CUST-12842,Male,1,No,No,10,Yes,No,Yes,No,Two year,Yes,Mailed check,26.37,271.36,No
CUST-12843,Male,0,Yes,No,24,Yes,No,Yes,Yes,Two year,No,Electronic check,18.0,413.78,No
CUST-12844,Female,1,Yes,No,12,Yes,Fiber optic,No,No,Two year,Yes,Electronic check,88.87,984.93,No
CUST-12845,Male,0,Yes,Yes,35,Yes,No,Yes,Yes,Two year,No,Mailed check,18.65,629.61,No
CUST-12846,Female,0,No,No,64,Yes,DSL,No,No,Two year,Yes,Mailed check,71.0,4131.28,No
CUST-12847,Male,0,Yes,Yes,1,Yes,Fiber optic,No internet service,No internet service,Month-to-month,Yes,Mailed check,93.24,84.7,No
CUST-12848,Female,0,Yes,Yes,25,Yes,DSL,No internet service,No,Month-to-month,Yes,Electronic check,49.88,1189.82,Yes
CUST-12849,Female,0,No,Yes,4,No,Fiber optic,Yes,No,Two year,Yes,Electronic check,79.78,326.16,No
CUST-12850,Female,0,No,Yes,7,Yes,DSL,No internet service,No,Month-to-month,Yes,Electronic check,46.79,338.53,No
CUST-12851,Female,1,No,No,8,Yes,Fiber optic,Yes,No,Two year,Yes,Electronic check,103.7,753.9,Yes
CUST-12852,Male,0,Yes,Yes,53,Yes,DSL,Yes,No,Two year,Yes,Bank transfer (automatic),64.38,3202.41,No
CUST-12853,Male,0,Yes,No,3,No,DSL,Yes,Yes,One year,No,Bank transfer (automatic),65.66,190.02,No
CUST-12854,Male,0,No,No,6,Yes,Fiber optic,No,Yes,Month-to-month,Yes,Bank transfer (automatic),87.89,549.27,No
CUST-12855,Female,1,Yes,Yes,8,Yes,Fiber optic,Yes,No internet service,One year,No,Mailed check,71.97,589.96,No
CUST-12856,Male,0,No,No,59,No,Fiber optic,No,Yes,Month-to-month,Yes,Mailed check,85.02,4567.48,No
CUST-12857,Female,0,No,Yes,22,Yes,Fiber optic,No,No,Two year,Yes,Credit card (automatic),102.92,2088.24,No
CUST-12858,Male,0,Yes,Yes,72,Yes,DSL,No internet service,No internet service,Month-to-month,Yes,Electronic check,61.93,4123.53,No
CUST-12859,Male,0,Yes,No,25,Yes,Fiber optic,No,Yes,One year,Yes,Electronic check,76.52,1762.71,No
CUST-12860,Female,0,Yes,No,11,Yes,DSL,Yes,No,Month-to-month,Yes,Credit card (automatic),47.8,497.68,Yes
CUST-12861,Female,0,Yes,No,36,Yes,DSL,No internet service,No,Month-to-month,Yes,Bank transfer (automatic),48.24,1738.14,No
CUST-12862,Female,0,No,Yes,5,Yes,Fiber optic,No,No,Two year,No,Mailed check,75.52,372.84,No
CUST-12863,Female,0,Yes,No,20,Yes,Fiber optic,No,No,Month-to-month,No,Electronic check,98.19,1907.99,No
CUST-12864,Male,0,No,No,13,Yes,DSL,No,Yes,Month-to-month,Yes,Bank transfer (automatic),46.58,560.63,No
CUST-12865,Female,0,Yes,No,6,No,DSL,No,No internet service,Month-to-month,Yes,Credit card (automatic),61.53,375.43,No
CUST-12866,Male,0,Yes,No,37,Yes,No,No,No,Two year,Yes,Credit card (automatic),21.46,806.98,No
CUST-12867,Female,0,No,No,6,Yes,Fiber optic,Yes,No internet service,One year,Yes,Bank transfer (automatic),92.83,576.62,Yes
CUST-12868,Male,0,Yes,Yes,12,Yes,No,Yes,No,Month-to-month,No,Credit card (automatic),18.0,216.41,No
CUST-12869,Female,1,Yes,No,6,Yes,No,No internet service,No,Month-to-month,Yes,Electronic check,19.75,109.33,No
CUST-12870,Female,0,Yes,No,35,Yes,No,Yes,No internet service,Month-to-month,No,Mailed check,29.44,1009.88,No
CUST-12871,Female,0,No,Yes,3,Yes,No,No,Yes,Two year,Yes,Bank transfer (automatic),24.39,68.9,No
CUST-12872,Male,0,Yes,Yes,18,Yes,Fiber optic,Yes,No,Two year,Yes,Credit card (automatic),100.1,1663.94,No
CUST-12873,Male,0,No,Yes,9,Yes,Fiber optic,No,No internet service,Two year,Yes,Mailed check,81.42,718.42,No
CUST-12874,Male,0,Yes,Yes,2,No,Fiber optic,No internet service,Yes,Month-to-month,Yes,Credit card (automatic),73.46,137.81,No
CUST-12875,Male,0,Yes,No,13,No,No,No,No internet service,Month-to-month,Yes,Electronic check,36.75,451.71,No
CUST-12876,Male,0,No,No,12,Yes,Fiber optic,No,Yes,Two year,No,Bank transfer (automatic),78.71,949.27,Yes
CUST-12877,Male,0,No,No,11,Yes,Fiber optic,No internet service,Yes,Month-to-month,Yes,Bank transfer (automatic),78.07,798.04,Yes
CUST-12878,Female,0,No,No,2,Yes,Fiber optic,No,Yes,One year,Yes,Electronic check,85.09,165.34,No
CUST-12879,Male,0,Yes,No,14,Yes,DSL,No internet service,Yes,Month-to-month,Yes,Bank transfer (automatic),57.92,810.79,Yes
CUST-12880,Female,1,Yes,No,66,Yes,DSL,No internet service,No internet service,Two year,No,Bank transfer (automatic),53.63,3221.6,No
CUST-12881,Male,0,Yes,No,11,No,DSL,Yes,No,Month-to-month,Yes,Electronic check,79.62,885.33,Yes
CUST-12882,Male,0,No,Yes,0,No,DSL,No,No,Month-to-month,Yes,Credit card (automatic),54.92,,No
CUST-12883,Female,0,No,Yes,0,Yes,DSL,Yes,No,Month-to-month,Yes,Credit card (automatic),58.09,,Yes
CUST-12884,Male,0,No,No,31,Yes,No,Yes,Yes,One year,Yes,Electronic check,24.33,712.34,No
CUST-12885,Female,0,No,No,55,Yes,Fiber optic,Yes,No,Month-to-month,Yes,Electronic check,117.0,6558.84,Yes
CUST-12886,Female,0,Yes,Yes,26,Yes,No,No internet service,No internet service,Month-to-month,No,Mailed check,24.59,661.41,No
CUST-12887,Female,0,Yes,No,26,Yes,Fiber optic,Yes,No,Month-to-month,Yes,Mailed check,70.33,1700.65,No
CUST-12888,Female,1,Yes,Yes,2,Yes,No,No,No internet service,Month-to-month,No,Bank transfer (automatic),30.19,54.39,No
CUST-12889,Female,1,Yes,No,0,Yes,Fiber optic,Yes,No,Month-to-month,Yes,Bank transfer (automatic),89.92,,No
CUST-12890,Female,0,Yes,No,38,Yes,No,No,No internet service,One year,Yes,Electronic check,20.09,792.69,No
CUST-12891,Male,0,Yes,Yes,23,Yes,Fiber optic,No,No internet service,Month-to-month,No,Bank transfer (automatic),68.89,1492.53,No
CUST-12892,Male,0,No,No,15,Yes,Fiber optic,No internet service,No,Two year,Yes,Mailed check,91.61,1358.73,No
CUST-12893,Male,0,No,No,7,Yes,Fiber optic,Yes,Yes,Month-to-month,Yes,Mailed check,85.97,555.13,Yes
CUST-12894,Male,0,No,Yes,24,Yes,Fiber optic,No,No internet service,Month-to-month,No,Electronic check,91.03,2106.56,No
CUST-12895,Male,0,No,No,65,Yes,Fiber optic,No,No internet service,Month-to-month,Yes,Credit card (automatic),82.38,5488.2,No
CUST-12896,Male,1,No,Yes,40,Yes,Fiber optic,Yes,No,One year,Yes,Bank transfer (automatic),61.69,2541.62,Yes
CUST-12897,Male,1,Yes,No,2,Yes,Fiber optic,No internet service,No,Two year,Yes,Electronic check,62.93,125.05,No
CUST-12898,Female,1,Yes,No,41,Yes,No,No,No,Month-to-month,Yes,Credit card (automatic),37.21,1474.22,Yes
CUST-12899,Female,0,No,No,36,Yes,Fiber optic,No,No internet service,One year,Yes,Electronic check,67.98,2523.23,No
CUST-12900,Female,0,Yes,No,2,Yes,DSL,No internet service,No,One year,Yes,Electronic check,69.02,140.08,No
CUST-12901,Female,0,Yes,No,22,Yes,No,Yes,No,One year,Yes,Mailed check,34.76,771.61,No
CUST-12902,Female,0,No,No,13,Yes,DSL,Yes,Yes,Month-to-month,Yes,Bank transfer (automatic),59.6,799.41,No
CUST-12903,Male,0,No,No,12,Yes,No,No,No,Month-to-month,Yes,Bank transfer (automatic),25.02,303.75,No
CUST-12904,Female,0,No,No,14,No,Fiber optic,No,No,Month-to-month,No,Credit card (automatic),88.58,1279.41,Yes
CUST-12905,Female,0,Yes,No,35,Yes,No,No,No internet service,Month-to-month,Yes,Electronic check,20.91,703.96,No
CUST-12906,Female,0,Yes,No,61,Yes,Fiber optic,No,Yes,Month-to-month,Yes,Electronic check,58.88,3291.66,Yes
CUST-12907,Female,0,No,Yes,26,Yes,Fiber optic,No internet service,No,Month-to-month,No,Mailed check,71.4,1863.58,No
CUST-12908,Male,0,Yes,No,52,Yes,Fiber optic,No,No,Month-to-month,Yes,Electronic check,92.43,4932.67,No
CUST-12909,Female,0,No,No,41,No,No,No internet service,No,Month-to-month,No,Electronic check,31.2,1313.22,Yes
CUST-12910,Male,0,No,No,28,Yes,DSL,No internet service,No,Month-to-month,Yes,Electronic check,44.32,1218.82,No
CUST-12911,Male,0,Yes,No,2,Yes,No,Yes,No internet service,Month-to-month,No,Bank transfer (automatic),18.0,34.31,No
CUST-12912,Female,0,No,No,2,Yes,DSL,No internet service,No,Month-to-month,Yes,Credit card (automatic),63.67,125.41,Yes
CUST-12913,Female,0,Yes,Yes,13,Yes,Fiber optic,Yes,No,One year,Yes,Bank transfer (automatic),83.22,1068.66,Yes
CUST-12914,Female,0,Yes,No,0,Yes,No,Yes,No internet service,Month-to-month,No,Bank transfer (automatic),29.03,,No
CUST-12915,Female,1,Yes,No,9,Yes,Fiber optic,No,No internet service,Month-to-month,Yes,Electronic check,103.16,856.74,No
CUST-12916,Male,0,No,No,6,Yes,DSL,No internet service,No internet service,Month-to-month,Yes,Electronic check,33.81,212.63,Yes
CUST-12917,Female,0,Yes,No,61,Yes,Fiber optic,No internet service,Yes,Month-to-month,Yes,Electronic check,78.46,4859.23,No
CUST-12918,Male,0,Yes,No,32,Yes,No,No,No internet service,One year,Yes,Mailed check,39.24,1218.94,No
CUST-12919,Male,0,No,No,62,Yes,Fiber optic,Yes,No internet service,Two year,No,Bank transfer (automatic),50.44,3207.5,No
CUST-12920,Male,0,Yes,Yes,10,Yes,DSL,No,No,Month-to-month,Yes,Credit card (automatic),42.41,439.88,No
CUST-12921,Male,1,Yes,Yes,8,Yes,Fiber optic,No internet service,No,Two year,No,Credit card (automatic),74.09,615.89,No
CUST-12922,Male,0,No,No,1,Yes,DSL,No internet service,No,Two year,Yes,Credit card (automatic),48.35,47.74,No
CUST-12923,Male,1,Yes,No,12,Yes,Fiber optic,No internet service,No internet service,Two year,No,Mailed check,87.05,965.86,No
CUST-12924,Male,0,No,No,0,Yes,DSL,No internet service,Yes,Month-to-month,No,Electronic check,56.6,,Yes
CUST-12925,Female,1,No,No,59,Yes,DSL,No internet service,Yes,Month-to-month,Yes,Bank transfer (automatic),88.26,4870.33,No
CUST-12926,Female,0,Yes,Yes,14,Yes,DSL,No,No internet service,Two year,No,Bank transfer (automatic),42.9,547.17,No
CUST-12927,Male,0,No,No,20,No,DSL,No,No internet service,Two year,Yes,Mailed check,61.26,1110.76,No
CUST-12928,Female,0,Yes,No,12,No,DSL,No,Yes,Month-to-month,Yes,Mailed check,63.86,767.23,No
CUST-12929,Female,1,Yes,No,15,Yes,Fiber optic,Yes,No internet service,Month-to-month,No,Electronic check,85.01,1225.67,Yes
CUST-12930,Male,0,No,No,19,No,Fiber optic,Yes,Yes,One year,Yes,Mailed check,75.28,1322.04,Yes
CUST-12931,Male,0,No,No,6,Yes,DSL,No,No,Month-to-month,Yes,Mailed check,62.54,374.95,Yes
CUST-12932,Female,0,No,Yes,3,Yes,Fiber optic,Yes,Yes,One year,Yes,Bank transfer (automatic),72.0,218.31,No
CUST-12933,Male,0,Yes,Yes,4,Yes,No,No,Yes,Month-to-month,No,Mailed check,36.44,146.24,No
CUST-12934,Female,0,Yes,Yes,0,Yes,DSL,Yes,No,Two year,Yes,Mailed check,68.03,,No
CUST-12935,Male,0,No,Yes,30,Yes,Fiber optic,No,No,Month-to-month,No,Electronic check,105.13,3004.24,No
CUST-12936,Female,1,Yes,No,1,Yes,Fiber optic,Yes,No internet service,Two year,No,Electronic check,80.69,77.2,No
CUST-12937,Female,0,Yes,No,25,Yes,DSL,Yes,No,Month-to-month,No,Electronic check,42.42,1020.89,No
CUST-12938,Male,0,No,Yes,13,Yes,DSL,No internet service,No internet service,Month-to-month,No,Mailed check,55.18,738.77,No
CUST-12939,Male,0,No,No,13,Yes,DSL,No,No,One year,No,Bank transfer (automatic),33.65,458.55,No
CUST-12940,Female,1,No,Yes,13,Yes,Fiber optic,No,No,Month-to-month,No,Electronic check,72.21,845.1,Yes
CUST-12941,Male,1,No,No,2,Yes,DSL,No,No,Month-to-month,Yes,Mailed check,41.02,74.61,No
CUST-12942,Female,0,Yes,No,17,Yes,DSL,No,Yes,Month-to-month,Yes,Bank transfer (automatic),43.53,760.32,No
CUST-12943,Male,0,No,No,11,Yes,DSL,No,Yes,One year,No,Bank transfer (automatic),38.26,393.05,No
CUST-12944,Female,1,Yes,No,0,Yes,Fiber optic,No,Yes,Month-to-month,No,Electronic check,96.49,,No
CUST-12945,Female,0,No,No,5,Yes,DSL,No,No internet service,Two year,Yes,Mailed check,64.08,292.92,No
CUST-12946,Female,0,No,No,33,Yes,DSL,Yes,No internet service,Month-to-month,No,Electronic check,58.45,1852.23,No
CUST-12947,Female,0,Yes,No,18,Yes,No,No,No,Month-to-month,No,Credit card (automatic),41.68,677.59,No
CUST-12948,Male,0,No,Yes,2,Yes,DSL,No internet service,No,Two year,No,Mailed check,47.69,89.52,No
CUST-12949,Male,1,Yes,No,29,No,Fiber optic,Yes,No,Two year,Yes,Mailed check,115.92,3187.5,No
CUST-12950,Female,1,No,Yes,65,Yes,DSL,Yes,No internet service,Month-to-month,Yes,Bank transfer (automatic),65.94,4095.09,No
CUST-12951,Male,1,Yes,No,56,Yes,No,No,Yes,Month-to-month,Yes,Credit card (automatic),18.77,946.66,Yes
CUST-12952,Female,0,No,No,72,Yes,Fiber optic,No,No,One year,Yes,Bank transfer (automatic),91.77,6769.19,Yes
CUST-12953,Female,0,No,Yes,53,Yes,Fiber optic,No internet service,No,Month-to-month,Yes,Credit card (automatic),87.59,4778.73,Yes
CUST-12954,Female,0,No,Yes,41,Yes,DSL,Yes,No,Two year,Yes,Mailed check,57.41,2401.95,No
CUST-12955,Male,0,No,No,61,Yes,Fiber optic,Yes,No internet service,Month-to-month,Yes,Mailed check,104.97,5921.32,No
CUST-12956,Female,0,Yes,No,5,Yes,No,Yes,No,Month-to-month,Yes,Electronic check,32.65,148.76,Yes
CUST-12957,Female,0,Yes,No,0,No,Fiber optic,No,Yes,Month-to-month,Yes,Credit card (automatic),90.79,,Yes
CUST-12958,Female,0,No,Yes,41,Yes,No,Yes,No,Two year,No,Mailed check,40.7,1543.39,No
CUST-12959,Male,0,Yes,Yes,13,Yes,Fiber optic,No internet service,Yes,Month-to-month,No,Bank transfer (automatic),99.42,1213.28,Yes
CUST-12960,Male,0,No,No,4,Yes,Fiber optic,No,No internet service,Two year,Yes,Electronic check,87.32,337.14,Yes
CUST-12961,Male,0,Yes,Yes,33,No,Fiber optic,Yes,No internet service,Two year,No,Electronic check,90.32,3023.15,No
CUST-12962,Male,1,Yes,Yes,1,Yes,Fiber optic,Yes,No,Two year,No,Electronic check,49.28,46.92,No
CUST-12963,Male,1,Yes,No,9,Yes,Fiber optic,No,No internet service,Month-to-month,No,Mailed check,97.05,907.98,Yes
CUST-12964,Male,0,Yes,No,9,Yes,DSL,Yes,No,Two year,Yes,Electronic check,66.38,570.18,No
CUST-12965,Male,0,Yes,No,12,Yes,Fiber optic,No internet service,Yes,Month-to-month,No,Mailed check,108.97,1289.42,No
CUST-12966,Female,0,Yes,Yes,53,No,No,No internet service,No,One year,No,Electronic check,22.47,1233.17,No
CUST-12967,Female,1,No,No,9,Yes,Fiber optic,No,No,Month-to-month,Yes,Credit card (automatic),70.12,624.48,Yes
CUST-12968,Male,0,Yes,Yes,28,Yes,DSL,Yes,No internet service,Two year,Yes,Mailed check,64.17,1798.2,No
CUST-12969,Male,0,Yes,Yes,72,Yes,Fiber optic,Yes,No,Month-to-month,Yes,Electronic check,110.15,8249.62,Yes
CUST-12970,Male,0,No,No,15,Yes,No,No internet service,Yes,One year,Yes,Credit card (automatic),22.59,348.84,No
CUST-12971,Male,0,Yes,No,17,No,DSL,No internet service,Yes,Two year,Yes,Electronic check,57.23,948.95,No
CUST-12972,Male,0,No,No,5,Yes,No,No,No internet service,Month-to-month,Yes,Electronic check,23.58,112.55,Yes
CUST-12973,Female,0,No,No,9,Yes,Fiber optic,No,No,Month-to-month,Yes,Credit card (automatic),77.55,656.65,Yes
CUST-12974,Female,0,Yes,No,18,Yes,DSL,Yes,Yes,Two year,Yes,Credit card (automatic),82.07,1446.54,No
CUST-12975,Male,0,Yes,Yes,0,No,No,Yes,No,Month-to-month,Yes,Mailed check,18.0,,No
CUST-12976,Male,0,Yes,No,15,Yes,Fiber optic,Yes,No internet service,One year,No,Electronic check,79.34,1172.84,Yes
CUST-12977,Female,0,No,No,60,Yes,DSL,Yes,No,Month-to-month,No,Electronic check,50.22,3064.18,Yes
CUST-12978,Male,0,No,Yes,13,Yes,Fiber optic,No internet service,No,One year,No,Bank transfer (automatic),85.37,1134.95,No
CUST-12979,Male,1,Yes,No,8,Yes,Fiber optic,No,Yes,Month-to-month,No,Electronic check,66.94,538.66,Yes
CUST-12980,Female,0,Yes,No,61,Yes,DSL,No internet service,No,Month-to-month,Yes,Bank transfer (automatic),44.61,2532.1,No
CUST-12981,Male,0,No,Yes,2,Yes,No,No,No,One year,Yes,Electronic check,18.0,37.68,No
CUST-12982,Female,0,Yes,No,3,Yes,DSL,Yes,No,Month-to-month,No,Credit card (automatic),62.25,180.11,No
CUST-12983,Female,0,No,Yes,7,Yes,DSL,Yes,No,One year,Yes,Electronic check,72.56,472.61,No
CUST-12984,Male,0,No,Yes,6,Yes,Fiber optic,Yes,No,Month-to-month,Yes,Electronic check,107.72,598.99,Yes
CUST-12985,Female,0,No,No,2,Yes,DSL,No internet service,No,One year,Yes,Electronic check,66.2,128.64,No
CUST-12986,Female,0,No,Yes,50,Yes,No,No internet service,Yes,Month-to-month,Yes,Mailed check,18.0,918.47,No
CUST-12987,Female,0,No,No,18,Yes,DSL,No internet service,Yes,Month-to-month,No,Mailed check,72.81,1264.0,No
CUST-12988,Female,0,Yes,Yes,17,Yes,No,No,No internet service,Month-to-month,Yes,Credit card (automatic),18.16,315.15,No
CUST-12989,Female,0,Yes,Yes,2,Yes,DSL,No,No,One year,Yes,Mailed check,66.03,137.28,No
CUST-12990,Female,0,Yes,No,59,Yes,DSL,No,Yes,Month-to-month,Yes,Mailed check,58.46,3322.64,No
CUST-12991,Male,1,No,No,1,Yes,DSL,No internet service,No,Month-to-month,Yes,Electronic check,63.69,58.95,Yes
CUST-12992,Female,0,Yes,No,0,Yes,Fiber optic,No,Yes,One year,No,Electronic check,85.72,,No
CUST-12993,Male,1,No,Yes,9,Yes,DSL,No internet service,No,Month-to-month,Yes,Mailed check,41.18,333.81,Yes
CUST-12994,Female,0,No,No,13,Yes,Fiber optic,Yes,Yes,Month-to-month,Yes,Bank transfer (automatic),66.13,829.28,No
CUST-12995,Female,0,No,No,66,No,Fiber optic,Yes,Yes,Month-to-month,Yes,Credit card (automatic),84.94,5094.7,No
CUST-12996,Female,0,No,No,4,Yes,DSL,No internet service,No internet service,Month-to-month,Yes,Electronic check,84.17,347.78,No
CUST-12997,Female,1,No,No,31,Yes,DSL,No internet service,Yes,Two year,No,Bank transfer (automatic),67.5,2163.98,No
CUST-12998,Female,0,Yes,Yes,1,Yes,Fiber optic,Yes,Yes,Two year,Yes,Credit card (automatic),78.8,78.39,No
CUST-12999,Male,1,Yes,No,63,Yes,DSL,Yes,No internet service,One year,Yes,Credit card (automatic),63.63,3769.77,No
CUST-13000,Female,0,Yes,No,27,Yes,Fiber optic,No internet service,Yes,Month-to-month,No,Credit card (automatic),96.39,2544.35,Yes
CUST-13001,Female,0,No,No,4,Yes,Fiber optic,No,No,Two year,Yes,Electronic check,86.79,347.36,No
CUST-13002,Female,0,Yes,No,7,Yes,Fiber optic,No,No,Month-to-month,Yes,Bank transfer (automatic),88.26,634.81,No
CUST-13003,Female,0,No,Yes,51,Yes,Fiber optic,No internet service,Yes,Month-to-month,No,Bank transfer (automatic),89.81,4297.03,No
CUST-13004,Male,1,No,Yes,3,Yes,Fiber optic,No,No,Month-to-month,Yes,Electronic check,87.17,243.48,Yes
CUST-13005,Female,0,Yes,No,8,Yes,No,Yes,No,Two year,Yes,Electronic check,25.34,212.5,No
CUST-13006,Female,0,No,No,25,Yes,Fiber optic,No,Yes,Month-to-month,Yes,Credit card (automatic),89.14,2154.78,Yes
CUST-13007,Male,0,Yes,No,19,Yes,Fiber optic,Yes,Yes,One year,Yes,Mailed check,99.79,1710.03,No
CUST-13008,Female,0,No,No,14,Yes,Fiber optic,No internet service,No,Two year,Yes,Electronic check,90.85,1326.0,No
CUST-13009,Female,0,No,No,36,Yes,Fiber optic,No,No internet service,Month-to-month,Yes,Electronic check,78.35,2710.65,No
CUST-13010,Female,0,Yes,No,11,Yes,DSL,No,No,Month-to-month,No,Electronic check,63.25,672.33,Yes
CUST-13011,Female,0,Yes,Yes,2,Yes,DSL,No,No,Month-to-month,No,Credit card (automatic),52.42,108.0,No
CUST-13012,Female,1,Yes,No,24,Yes,DSL,No,No internet service,One year,Yes,Electronic check,55.87,1372.84,No
CUST-13013,Male,0,No,No,1,Yes,Fiber optic,Yes,No,One year,No,Electronic check,89.03,85.52,No
CUST-13014,Female,0,No,No,12,Yes,Fiber optic,No,No,Month-to-month,No,Mailed check,77.04,917.27,No
CUST-13015,Female,0,Yes,No,6,Yes,No,No,Yes,Two year,Yes,Bank transfer (automatic),18.0,105.37,No
CUST-13016,Male,0,No,No,2,Yes,DSL,Yes,Yes,Month-to-month,No,Mailed check,71.31,148.19,No
CUST-13017,Male,1,Yes,No,23,Yes,Fiber optic,No,Yes,Two year,Yes,Bank transfer (automatic),76.32,1601.81,No
CUST-13018,Female,0,Yes,Yes,11,Yes,Fiber optic,No,Yes,Two year,Yes,Credit card (automatic),99.24,1034.11,No
CUST-13019,Female,0,Yes,Yes,2,Yes,No,No internet service,No internet service,Two year,Yes,Credit card (automatic),32.49,58.73,No
CUST-13020,Female,0,Yes,No,10,Yes,Fiber optic,No,No,Month-to-month,No,Mailed check,61.4,560.81,No
CUST-13021,Male,0,No,No,13,Yes,DSL,No,Yes,Two year,Yes,Bank transfer (automatic),38.63,456.46,No
CUST-13022,Female,1,Yes,No,4,Yes,Fiber optic,Yes,No,Month-to-month,Yes,Bank transfer (automatic),49.73,183.72,No
CUST-13023,Female,0,Yes,No,22,Yes,No,No,No,Month-to-month,Yes,Electronic check,30.12,645.86,Yes
CUST-13024,Male,0,No,No,14,Yes,Fiber optic,Yes,No,Month-to-month,Yes,Mailed check,87.87,1120.96,No
CUST-13025,Male,0,Yes,Yes,6,No,DSL,Yes,No,Two year,Yes,Mailed check,65.29,363.92,No
CUST-13026,Male,1,Yes,Yes,24,Yes,DSL,No,Yes,Month-to-month,Yes,Bank transfer (automatic),36.42,816.35,No
CUST-13027,Male,0,No,Yes,8,Yes,No,No internet service,Yes,Month-to-month,No,Bank transfer (automatic),25.15,192.89,No
CUST-13028,Female,0,No,No,9,Yes,Fiber optic,No internet service,Yes,Month-to-month,Yes,Mailed check,95.84,902.33,Yes
CUST-13029,Female,0,No,Yes,14,Yes,DSL,No,No internet service,Month-to-month,No,Credit card (automatic),83.36,1221.96,Yes
CUST-13030,Male,0,Yes,No,23,Yes,No,No,No,Month-to-month,Yes,Electronic check,33.98,747.73,No
CUST-13031,Male,1,Yes,No,2,Yes,DSL,No internet service,No,One year,No,Mailed check,48.42,101.46,No
CUST-13032,Male,1,No,Yes,9,Yes,Fiber optic,No,No internet service,Month-to-month,Yes,Electronic check,102.64,882.68,No
CUST-13033,Female,0,Yes,Yes,43,Yes,Fiber optic,No,Yes,Month-to-month,Yes,Credit card (automatic),82.08,3647.65,No
CUST-13034,Female,0,No,Yes,21,Yes,DSL,No,No internet service,Month-to-month,Yes,Mailed check,57.7,1201.56,No
CUST-13035,Female,0,Yes,Yes,17,Yes,DSL,No,Yes,Two year,No,Mailed check,50.24,879.0,No
CUST-13036,Male,0,No,No,2,Yes,Fiber optic,Yes,Yes,Month-to-month,Yes,Electronic check,82.83,167.06,Yes
CUST-13037,Female,0,Yes,No,39,No,DSL,No internet service,No,Month-to-month,Yes,Credit card (automatic),65.41,2532.39,No
CUST-13038,Male,0,No,No,6,Yes,Fiber optic,No internet service,No,Month-to-month,Yes,Mailed check,56.13,314.02,No
CUST-13039,Male,0,Yes,No,23,Yes,DSL,No,No internet service,One year,Yes,Mailed check,46.89,977.89,No
CUST-13040,Female,0,No,Yes,12,Yes,Fiber optic,No,No,One year,No,Electronic check,78.84,911.8,Yes
CUST-13041,Female,0,Yes,No,12,Yes,Fiber optic,No,No,Month-to-month,No,Mailed check,89.64,972.19,Yes
CUST-13042,Male,1,No,No,38,Yes,No,No internet service,No internet service,Two year,No,Bank transfer (automatic),20.11,787.52,No
CUST-13043,Female,0,No,Yes,1,Yes,DSL,No,No,Month-to-month,Yes,Mailed check,49.95,45.2,Yes
CUST-13044,Male,0,No,Yes,12,Yes,Fiber optic,No internet service,No,One year,Yes,Electronic check,82.82,999.76,Yes
CUST-13045,Male,1,No,No,29,Yes,DSL,No,No,Two year,Yes,Credit card (automatic),46.53,1331.92,No
CUST-13046,Female,0,No,No,62,Yes,Fiber optic,Yes,No internet service,Month-to-month,Yes,Electronic check,111.64,6368.62,Yes
CUST-13047,Male,0,No,No,72,No,Fiber optic,Yes,No internet service,Month-to-month,Yes,Mailed check,92.31,6636.55,No
CUST-13048,Male,0,No,No,7,Yes,Fiber optic,No,Yes,One year,No,Electronic check,91.63,610.3,Yes
CUST-13049,Female,0,Yes,Yes,72,Yes,Fiber optic,No internet service,No,One year,No,Bank transfer (automatic),66.05,4658.86,No
CUST-13050,Female,1,Yes,Yes,26,Yes,DSL,Yes,No internet service,Two year,Yes,Mailed check,75.44,1823.56,No
CUST-13051,Female,0,No,No,7,Yes,DSL,No internet service,No,Month-to-month,No,Bank transfer (automatic),46.27,298.78,No
CUST-13052,Female,0,Yes,Yes,19,Yes,Fiber optic,No,Yes,Two year,Yes,Bank transfer (automatic),69.04,1293.69,No
CUST-13053,Female,0,Yes,No,48,Yes,DSL,No,No internet service,Month-to-month,No,Bank transfer (automatic),24.69,1182.65,No
CUST-13054,Male,0,No,Yes,24,Yes,DSL,Yes,No internet service,Two year,No,Mailed check,49.23,1091.5,No
CUST-13055,Male,0,Yes,No,5,Yes,DSL,No,Yes,One year,No,Electronic check,61.82,319.06,No
CUST-13056,Male,0,Yes,No,6,Yes,Fiber optic,Yes,No,Month-to-month,No,Bank transfer (automatic),71.55,386.52,Yes
CUST-13057,Male,0,Yes,Yes,44,Yes,Fiber optic,No,No,Two year,No,Electronic check,99.96,4035.2,No
CUST-13058,Female,0,No,No,50,Yes,DSL,Yes,No,Month-to-month,Yes,Electronic check,73.26,3364.89,Yes
CUST-13059,Male,0,No,Yes,22,Yes,Fiber optic,Yes,No,One year,Yes,Electronic check,82.98,1701.54,Yes
CUST-13060,Female,0,No,No,3,Yes,Fiber optic,No,No,Month-to-month,Yes,Electronic check,75.71,216.81,Yes
CUST-13061,Male,0,Yes,Yes,19,Yes,No,No,No internet service,Month-to-month,Yes,Mailed check,33.34,581.94,No
CUST-13062,Male,0,Yes,No,19,Yes,DSL,No,No,Month-to-month,Yes,Electronic check,62.56,1191.38,Yes
CUST-13063,Male,0,Yes,No,72,Yes,No,No,Yes,Two year,Yes,Credit card (automatic),18.0,1296.25,No
CUST-13064,Male,0,No,No,65,Yes,DSL,Yes,Yes,Month-to-month,Yes,Electronic check,63.24,4311.53,No
CUST-13065,Female,0,Yes,Yes,4,Yes,Fiber optic,Yes,No,Two year,No,Electronic check,65.33,259.66,Yes
CUST-13066,Male,1,No,Yes,18,Yes,DSL,Yes,Yes,One year,No,Credit card (automatic),61.94,1110.43,No
CUST-13067,Female,0,Yes,No,18,Yes,Fiber optic,No,No,Two year,Yes,Mailed check,96.9,1735.79,No
CUST-13068,Female,0,Yes,No,11,Yes,Fiber optic,No internet service,No internet service,Two year,Yes,Bank transfer (automatic),74.13,741.17,No
CUST-13069,Male,0,Yes,Yes,14,Yes,Fiber optic,No,Yes,One year,Yes,Bank transfer (automatic),75.94,1083.74,No
CUST-13070,Male,0,No,Yes,23,Yes,Fiber optic,No,No,Month-to-month,Yes,Electronic check,86.35,1986.86,Yes
CUST-13071,Male,0,Yes,No,3,Yes,Fiber optic,No internet service,No,One year,Yes,Electronic check,73.63,210.22,No
CUST-13072,Female,0,No,Yes,1,No,DSL,No,Yes,Month-to-month,No,Credit card (automatic),72.46,67.9,No
CUST-13073,Male,0,Yes,Yes,53,No,DSL,No,No,Two year,Yes,Credit card (automatic),57.05,2811.99,No
CUST-13074,Male,0,Yes,No,21,Yes,Fiber optic,Yes,No,Month-to-month,Yes,Electronic check,85.93,1703.47,No
CUST-13075,Female,0,No,Yes,45,Yes,No,No internet service,No,Month-to-month,No,Electronic check,32.11,1486.16,No
CUST-13076,Male,0,Yes,Yes,11,Yes,No,No,No,Month-to-month,No,Credit card (automatic),37.15,412.03,No
CUST-13077,Male,0,Yes,Yes,21,Yes,DSL,Yes,No internet service,Month-to-month,Yes,Electronic check,49.92,947.62,No
CUST-13078,Male,0,Yes,Yes,0,Yes,Fiber optic,No,Yes,Two year,No,Electronic check,114.58,,No
CUST-13079,Female,0,No,No,26,Yes,No,No,Yes,Month-to-month,Yes,Electronic check,25.91,640.7,Yes
CUST-13080,Male,0,Yes,Yes,2,Yes,Fiber optic,Yes,No,One year,Yes,Credit card (automatic),76.83,139.78,Yes
CUST-13081,Female,0,No,Yes,4,Yes,Fiber optic,Yes,No,Month-to-month,Yes,Credit card (automatic),73.45,280.64,Yes
CUST-13082,Female,0,Yes,No,14,Yes,Fiber optic,No internet service,No,Month-to-month,Yes,Bank transfer (automatic),81.72,1125.9,No
CUST-13083,Male,0,Yes,No,14,No,DSL,No internet service,No,Two year,No,Credit card (automatic),49.97,703.26,No
CUST-13084,Male,1,Yes,No,7,No,DSL,No,No internet service,One year,Yes,Credit card (automatic),65.92,422.44,No
CUST-13085,Female,0,No,No,7,Yes,No,No,No internet service,One year,No,Credit card (automatic),32.92,210.75,No
CUST-13086,Female,0,Yes,Yes,9,Yes,DSL,No internet service,No,One year,Yes,Electronic check,57.91,544.19,No
CUST-13087,Female,0,No,No,19,Yes,Fiber optic,No,No,One year,Yes,Mailed check,84.64,1622.88,No
CUST-13088,Female,0,No,No,21,Yes,DSL,No internet service,No,Two year,No,Electronic check,61.98,1325.0,No
CUST-13089,Male,1,Yes,No,10,Yes,No,Yes,Yes,Month-to-month,No,Electronic check,28.57,293.58,No
CUST-13090,Male,0,No,No,42,Yes,Fiber optic,Yes,No internet service,Month-to-month,No,Mailed check,88.04,3605.69,No
CUST-13091,Male,1,Yes,No,3,Yes,Fiber optic,No internet service,No,Two year,No,Electronic check,85.76,264.93,No
CUST-13092,Female,1,No,No,2,Yes,DSL,No,No,Month-to-month,Yes,Electronic check,69.61,140.48,Yes
CUST-13093,Male,0,No,Yes,16,Yes,DSL,No internet service,Yes,Two year,Yes,Electronic check,72.37,1059.1,No
CUST-13094,Male,0,Yes,No,4,No,DSL,No internet service,No,Two year,Yes,Bank transfer (automatic),58.21,222.68,No
CUST-13095,Male,0,Yes,No,6,Yes,DSL,No,No internet service,One year,Yes,Bank transfer (automatic),43.58,255.25,No
CUST-13096,Male,0,Yes,No,61,No,DSL,Yes,No,One year,Yes,Electronic check,36.85,2302.44,No
CUST-13097,Male,0,Yes,Yes,7,Yes,Fiber optic,No,No,Month-to-month,Yes,Electronic check,92.68,627.14,No
CUST-13098,Male,1,No,No,25,Yes,Fiber optic,No internet service,No,Two year,Yes,Bank transfer (automatic),78.73,1853.02,Yes
CUST-13099,Male,1,No,No,48,Yes,Fiber optic,No internet service,No internet service,Month-to-month,Yes,Credit card (automatic),95.56,4495.51,Yes
CUST-13100,Male,0,Yes,Yes,53,Yes,Fiber optic,Yes,No,Month-to-month,Yes,Mailed check,73.26,3970.45,Yes
CUST-13101,Male,0,No,No,3,Yes,DSL,No,No,One year,No,Bank transfer (automatic),58.43,181.77,Yes
CUST-13102,Male,0,Yes,No,31,Yes,DSL,No internet service,Yes,Month-to-month,Yes,Bank transfer (automatic),55.94,1609.59,Yes
CUST-13103,Female,0,No,No,26,Yes,DSL,No internet service,No,Two year,Yes,Electronic check,68.91,1811.23,Yes
CUST-13104,Male,0,Yes,No,14,Yes,DSL,No,Yes,One year,No,Credit card (automatic),80.79,1116.43,No
CUST-13105,Female,0,No,No,12,Yes,No,No internet service,Yes,Month-to-month,Yes,Bank transfer (automatic),22.99,279.23,No
CUST-13106,Female,0,Yes,Yes,11,Yes,DSL,Yes,Yes,Two year,Yes,Credit card (automatic),64.63,701.72,No
CUST-13107,Male,1,Yes,No,2,Yes,DSL,No internet service,No,One year,Yes,Bank transfer (automatic),48.23,92.05,No
CUST-13108,Male,0,No,No,13,Yes,Fiber optic,No internet service,No internet service,One year,Yes,Mailed check,79.51,941.33,No
CUST-13109,Female,0,Yes,No,0,Yes,No,No,No,Month-to-month,No,Electronic check,25.1,,Yes
CUST-13110,Female,0,No,No,6,Yes,DSL,No,Yes,Month-to-month,No,Mailed check,57.6,349.47,No
CUST-13111,Male,0,Yes,No,29,Yes,Fiber optic,No,No internet service,Month-to-month,No,Electronic check,79.17,2204.14,No
CUST-13112,Female,0,Yes,No,21,Yes,No,No,No,Month-to-month,No,Electronic check,31.97,667.77,No
CUST-13113,Female,0,Yes,Yes,72,Yes,DSL,No,No,One year,No,Credit card (automatic),52.43,3518.77,No
CUST-13114,Female,0,No,Yes,4,Yes,Fiber optic,No,Yes,Month-to-month,No,Electronic check,97.15,354.4,Yes
CUST-13115,Female,0,No,No,70,Yes,Fiber optic,No internet service,Yes,Month-to-month,Yes,Credit card (automatic),87.98,6335.63,No
CUST-13116,Male,0,Yes,No,9,Yes,No,No,No,One year,No,Electronic check,18.0,156.11,No
CUST-13117,Male,0,Yes,No,1,Yes,Fiber optic,Yes,No internet service,One year,Yes,Bank transfer (automatic),74.97,75.63,No
CUST-13118,Female,0,No,Yes,0,Yes,No,No internet service,No,Month-to-month,No,Electronic check,31.96,,No
CUST-13119,Male,0,Yes,No,50,Yes,No,No internet service,No,Month-to-month,No,Bank transfer (automatic),18.0,930.85,No
CUST-13120,Female,0,No,No,19,No,DSL,No internet service,Yes,Month-to-month,Yes,Bank transfer (automatic),66.37,1290.6,No
CUST-13121,Male,1,Yes,Yes,25,Yes,Fiber optic,No,No,Month-to-month,Yes,Credit card (automatic),116.68,2881.04,No
CUST-13122,Male,0,Yes,Yes,7,Yes,No,Yes,Yes,Month-to-month,Yes,Mailed check,28.59,195.3,No
CUST-13123,Female,0,No,No,5,Yes,Fiber optic,No internet service,No,One year,No,Bank transfer (automatic),85.63,438.32,Yes
CUST-13124,Female,0,No,Yes,48,Yes,DSL,No internet service,Yes,Month-to-month,Yes,Electronic check,53.77,2580.38,No
CUST-13125,Male,0,Yes,No,15,Yes,Fiber optic,No,No,Two year,Yes,Electronic check,91.57,1320.68,No
CUST-13126,Female,1,No,No,30,Yes,Fiber optic,No,No,Month-to-month,No,Bank transfer (automatic),73.63,2153.89,No
CUST-13127,Female,0,No,No,2,Yes,DSL,No,Yes,Month-to-month,Yes,Credit card (automatic),68.49,140.67,No
CUST-13128,Male,0,No,No,10,Yes,Fiber optic,No,No internet service,Two year,Yes,Credit card (automatic),61.61,635.76,No
CUST-13129,Female,0,No,No,32,Yes,Fiber optic,No,Yes,Month-to-month,Yes,Mailed check,74.63,2482.34,Yes
CUST-13130,Female,0,Yes,No,28,Yes,No,No,Yes,Month-to-month,Yes,Credit card (automatic),32.4,950.26,Yes
CUST-13131,Male,0,No,No,7,Yes,DSL,Yes,Yes,One year,Yes,Bank transfer (automatic),43.72,307.46,No
CUST-13132,Female,0,Yes,No,18,Yes,DSL,Yes,No,One year,Yes,Electronic check,91.28,1695.18,No
CUST-13133,Female,0,Yes,No,16,Yes,DSL,No,Yes,One year,No,Electronic check,77.55,1199.22,No
CUST-13134,Male,0,No,No,9,Yes,No,No internet service,No,Month-to-month,No,Credit card (automatic),36.33,323.41,Yes
CUST-13135,Female,1,Yes,Yes,10,Yes,No,No,No,One year,Yes,Electronic check,25.63,244.84,No
CUST-13136,Female,0,Yes,No,18,Yes,DSL,No,Yes,Two year,No,Bank transfer (automatic),84.4,1423.51,Yes
CUST-13137,Male,0,No,No,35,Yes,Fiber optic,No internet service,No,Month-to-month,No,Mailed check,56.79,1823.2,Yes
CUST-13138,Male,0,No,No,7,Yes,Fiber optic,No internet service,No internet service,Month-to-month,No,Electronic check,77.63,541.58,Yes
CUST-13139,Male,0,Yes,Yes,3,Yes,Fiber optic,Yes,Yes,One year,Yes,Credit card (automatic),101.22,289.43,No
CUST-13140,Female,0,Yes,Yes,72,Yes,No,No,No internet service,Month-to-month,Yes,Credit card (automatic),24.32,1695.9,No
CUST-13141,Female,0,No,Yes,2,Yes,Fiber optic,No,No,One year,No,Bank transfer (automatic),84.91,158.87,No
CUST-13142,Female,1,Yes,No,0,Yes,DSL,Yes,No,Month-to-month,No,Electronic check,60.37,,Yes
CUST-13143,Male,1,No,No,15,No,Fiber optic,No,Yes,One year,No,Bank transfer (automatic),90.35,1392.24,No
CUST-13144,Female,0,No,No,9,Yes,No,No,Yes,Month-to-month,No,Mailed check,20.09,164.55,No
CUST-13145,Male,1,No,No,21,Yes,No,No,Yes,Two year,Yes,Electronic check,20.72,396.35,No
CUST-13146,Male,0,Yes,No,6,Yes,No,No internet service,No,Month-to-month,Yes,Credit card (automatic),18.0,111.31,No
CUST-13147,Female,0,Yes,No,44,Yes,Fiber optic,No,Yes,Month-to-month,Yes,Electronic check,95.58,4402.81,No
CUST-13148,Female,0,Yes,No,17,Yes,Fiber optic,Yes,Yes,Month-to-month,Yes,Bank transfer (automatic),120.0,2094.12,No
CUST-13149,Female,0,Yes,No,40,Yes,Fiber optic,No,Yes,Month-to-month,No,Bank transfer (automatic),86.04,3468.72,Yes
CUST-13150,Female,1,Yes,No,55,Yes,DSL,Yes,No internet service,Two year,No,Electronic check,56.83,3008.08,No
CUST-13151,Male,0,No,No,41,Yes,No,No internet service,No internet service,One year,Yes,Electronic check,18.0,749.29,No
CUST-13152,Female,0,No,No,14,Yes,DSL,No,No,One year,Yes,Electronic check,48.42,614.47,No
CUST-13153,Male,1,No,No,46,Yes,DSL,No,No,Month-to-month,No,Credit card (automatic),44.56,2023.17,No
CUST-13154,Female,0,Yes,No,1,Yes,DSL,No,No,Month-to-month,Yes,Electronic check,47.22,44.0,No
CUST-13155,Female,0,No,Yes,8,Yes,No,No,No internet service,One year,Yes,Electronic check,23.64,177.33,No
CUST-13156,Female,0,No,No,11,Yes,DSL,No,Yes,One year,Yes,Credit card (automatic),50.62,526.45,No
CUST-13157,Female,0,No,Yes,23,Yes,Fiber optic,No internet service,No,Two year,No,Mailed check,79.35,1727.18,No
CUST-13158,Male,0,No,No,1,Yes,DSL,No,No,Month-to-month,Yes,Mailed check,24.84,23.79,No
CUST-13159,Male,0,No,No,18,Yes,DSL,No,Yes,Two year,No,Electronic check,47.0,831.81,No
CUST-13160,Female,0,No,No,72,Yes,DSL,No,No,Month-to-month,Yes,Electronic check,39.11,2752.02,No
CUST-13161,Female,1,Yes,No,10,Yes,Fiber optic,No,No,Two year,Yes,Mailed check,89.83,932.07,No
CUST-13162,Female,0,No,No,5,Yes,Fiber optic,No internet service,No internet service,Month-to-month,Yes,Bank transfer (automatic),99.42,489.05,No
CUST-13163,Female,0,No,Yes,11,Yes,DSL,No,Yes,Month-to-month,Yes,Bank transfer (automatic),60.54,619.26,No
CUST-13164,Female,0,No,Yes,59,Yes,Fiber optic,No internet service,No,Two year,Yes,Bank transfer (automatic),105.86,5884.47,No
CUST-13165,Male,0,Yes,Yes,24,No,DSL,No internet service,No,Two year,No,Credit card (automatic),53.78,1321.51,No
CUST-13166,Male,0,Yes,No,31,Yes,DSL,Yes,No,One year,Yes,Electronic check,58.66,1898.02,No
CUST-13167,Male,1,No,Yes,6,Yes,Fiber optic,No,No internet service,Month-to-month,Yes,Electronic check,88.1,514.63,No
CUST-13168,Female,0,Yes,No,7,Yes,Fiber optic,No,No internet service,One year,Yes,Bank transfer (automatic),111.08,780.02,No
CUST-13169,Male,0,No,Yes,13,No,No,No,No,Month-to-month,No,Credit card (automatic),36.87,478.85,No
CUST-13170,Female,0,Yes,No,18,Yes,Fiber optic,No internet service,No,Month-to-month,Yes,Electronic check,97.34,1837.44,No
CUST-13171,Female,0,No,Yes,12,Yes,No,No,No internet service,Month-to-month,No,Electronic check,25.66,295.31,No
CUST-13172,Male,1,No,No,44,Yes,Fiber optic,Yes,No,Month-to-month,Yes,Credit card (automatic),79.12,3324.61,No
CUST-13173,Female,0,No,Yes,42,Yes,DSL,No,No,Month-to-month,No,Mailed check,67.98,2820.4,No
CUST-13174,Female,1,No,No,1,Yes,DSL,No,No internet service,Month-to-month,Yes,Mailed check,58.65,58.31,No
CUST-13175,Female,0,Yes,No,25,Yes,Fiber optic,No,No,Two year,Yes,Mailed check,77.92,1935.73,No
CUST-13176,Female,0,Yes,No,61,Yes,Fiber optic,Yes,Yes,Two year,No,Mailed check,97.09,5737.24,No
CUST-13177,Male,0,Yes,Yes,5,Yes,DSL,Yes,No,Month-to-month,No,Electronic check,50.05,242.25,No
CUST-13178,Female,0,No,Yes,58,Yes,Fiber optic,No,No internet service,Two year,Yes,Electronic check,75.01,4495.44,No
CUST-13179,Female,0,Yes,No,1,Yes,DSL,No internet service,Yes,Two year,No,Credit card (automatic),71.35,68.25,No
CUST-13180,Male,0,No,No,9,Yes,Fiber optic,Yes,No,One year,No,Bank transfer (automatic),58.39,551.73,No
CUST-13181,Male,0,Yes,No,2,Yes,Fiber optic,Yes,Yes,Month-to-month,No,Bank transfer (automatic),79.35,149.53,Yes
CUST-13182,Male,0,No,Yes,14,Yes,No,Yes,No internet service,Month-to-month,Yes,Electronic check,18.0,230.53,No
CUST-13183,Male,0,Yes,No,20,Yes,DSL,No,Yes,Two year,Yes,Mailed check,51.7,953.01,No
CUST-13184,Female,0,Yes,No,16,Yes,DSL,Yes,No internet service,Month-to-month,No,Credit card (automatic),62.64,916.22,No
CUST-13185,Male,0,Yes,Yes,72,Yes,Fiber optic,Yes,No,Month-to-month,Yes,Bank transfer (automatic),89.18,5794.92,Yes
CUST-13186,Female,0,Yes,Yes,40,No,No,No,Yes,Month-to-month,No,Credit card (automatic),36.82,1438.1,Yes
CUST-13187,Female,0,Yes,No,43,Yes,DSL,No,No,Month-to-month,Yes,Electronic check,57.56,2547.57,No
CUST-13188,Female,0,Yes,No,18,Yes,Fiber optic,No,No internet service,Month-to-month,Yes,Mailed check,86.86,1570.11,No
CUST-13189,Female,0,No,Yes,20,Yes,Fiber optic,No internet service,No,Month-to-month,No,Electronic check,109.73,2035.98,Yes
CUST-13190,Male,0,No,Yes,3,Yes,No,Yes,No,Month-to-month,Yes,Credit card (automatic),35.18,99.84,Yes
CUST-13191,Male,0,Yes,Yes,5,No,Fiber optic,Yes,No internet service,Month-to-month,Yes,Mailed check,85.91,412.68,No
CUST-13192,Female,1,Yes,Yes,10,Yes,Fiber optic,Yes,Yes,Month-to-month,Yes,Credit card (automatic),82.82,840.52,No
CUST-13193,Female,0,No,No,12,Yes,No,No internet service,No internet service,Two year,No,Electronic check,24.44,272.36,No
CUST-13194,Male,0,No,No,30,Yes,Fiber optic,No,No,Month-to-month,Yes,Credit card (automatic),71.89,2187.33,Yes
CUST-13195,Male,1,No,No,5,Yes,Fiber optic,No,No,Two year,Yes,Credit card (automatic),88.97,423.72,No
CUST-13196,Female,0,No,Yes,20,Yes,DSL,Yes,Yes,Two year,No,Mailed check,45.58,823.3,No
CUST-13197,Female,0,No,No,72,Yes,Fiber optic,No,Yes,One year,Yes,Credit card (automatic),87.25,5704.93,No
CUST-13198,Female,1,Yes,Yes,6,Yes,No,No,No,Month-to-month,No,Mailed check,18.0,110.33,No
CUST-13199,Male,0,No,Yes,10,Yes,DSL,Yes,Yes,Month-to-month,No,Bank transfer (automatic),66.29,666.13,No
CUST-13200,Female,0,Yes,Yes,72,Yes,Fiber optic,No,No internet service,Month-to-month,No,Credit card (automatic),72.65,5060.16,No
CUST-13201,Male,0,No,Yes,72,Yes,No,No,No,One year,Yes,Electronic check,28.51,2045.4,No
CUST-13202,Female,0,No,No,15,Yes,Fiber optic,No internet service,Yes,Month-to-month,Yes,Mailed check,92.31,1289.91,Yes
CUST-13203,Male,0,Yes,No,40,Yes,No,No,Yes,Month-to-month,No,Bank transfer (automatic),31.82,1295.23,No
CUST-13204,Female,1,Yes,No,25,Yes,DSL,Yes,Yes,Month-to-month,Yes,Bank transfer (automatic),51.14,1265.08,No
CUST-13205,Male,0,Yes,No,20,Yes,No,No internet service,No,Month-to-month,No,Mailed check,23.7,491.68,No
CUST-13206,Female,0,No,No,13,Yes,Fiber optic,Yes,No internet service,One year,Yes,Electronic check,75.76,988.53,No
CUST-13207,Male,0,Yes,Yes,10,Yes,DSL,No internet service,No,One year,Yes,Mailed check,45.85,451.97,No
CUST-13208,Male,0,No,No,17,Yes,Fiber optic,No,Yes,Month-to-month,Yes,Credit card (automatic),87.31,1412.72,Yes
CUST-13209,Female,0,Yes,No,12,Yes,Fiber optic,No internet service,No,Month-to-month,Yes,Bank transfer (automatic),72.08,850.1,Yes
CUST-13210,Male,0,Yes,No,21,Yes,Fiber optic,No,No,Month-to-month,Yes,Credit card (automatic),81.52,1628.97,No
CUST-13211,Female,0,No,Yes,23,Yes,DSL,No,Yes,One year,Yes,Bank transfer (automatic),44.09,1008.87,No
CUST-13212,Female,1,No,No,51,Yes,Fiber optic,No,Yes,Month-to-month,Yes,Bank transfer (automatic),79.25,4073.57,No
CUST-13213,Male,0,No,No,38,Yes,No,Yes,No,Two year,No,Credit card (automatic),33.42,1254.97,No
CUST-13214,Female,1,Yes,No,34,Yes,Fiber optic,No,No,One year,No,Credit card (automatic),120.0,3989.39,No
CUST-13215,Male,0,Yes,No,33,No,Fiber optic,No internet service,Yes,One year,No,Credit card (automatic),65.56,2252.8,No
CUST-13216,Male,1,No,Yes,67,Yes,No,No internet service,No internet service,Month-to-month,Yes,Bank transfer (automatic),26.58,1723.53,Yes
CUST-13217,Female,0,No,Yes,12,Yes,No,No,No,Two year,Yes,Credit card (automatic),31.13,369.42,No
CUST-13218,Male,0,Yes,No,66,Yes,Fiber optic,No internet service,No internet service,Month-to-month,Yes,Credit card (automatic),78.74,5294.78,Yes
CUST-13219,Male,0,Yes,No,72,Yes,Fiber optic,No internet service,No,Month-to-month,No,Electronic check,62.71,4383.2,Yes
CUST-13220,Male,0,Yes,No,52,Yes,DSL,No,No,One year,Yes,Bank transfer (automatic),53.71,2586.21,No
CUST-13221,Female,0,Yes,Yes,1,Yes,No,No internet service,Yes,Month-to-month,No,Mailed check,24.23,23.16,No
CUST-13222,Male,0,No,No,28,Yes,Fiber optic,Yes,No internet service,One year,No,Credit card (automatic),77.65,2266.78,No
CUST-13223,Male,1,Yes,Yes,10,Yes,DSL,Yes,No,Month-to-month,Yes,Bank transfer (automatic),75.37,698.65,No
CUST-13224,Female,1,Yes,Yes,2,Yes,Fiber optic,No internet service,No,Month-to-month,Yes,Electronic check,97.1,179.74,Yes
CUST-13225,Female,0,Yes,Yes,12,Yes,No,No internet service,No internet service,Month-to-month,Yes,Credit card (automatic),25.95,281.0,No
CUST-13226,Female,0,Yes,Yes,12,No,Fiber optic,Yes,No,Month-to-month,Yes,Credit card (automatic),120.0,1365.8,No
CUST-13227,Female,1,Yes,Yes,21,Yes,DSL,No internet service,No,Month-to-month,Yes,Mailed check,47.27,1022.51,No
CUST-13228,Female,0,Yes,No,14,Yes,No,No,Yes,One year,No,Bank transfer (automatic),21.11,303.68,No
CUST-13229,Female,0,Yes,No,1,Yes,DSL,No internet service,No,Month-to-month,Yes,Credit card (automatic),57.4,54.17,No
CUST-13230,Female,0,No,No,13,Yes,Fiber optic,Yes,No internet service,Month-to-month,Yes,Credit card (automatic),84.38,1027.93,No
CUST-13231,Female,0,Yes,No,3,Yes,Fiber optic,Yes,No,Month-to-month,No,Mailed check,65.5,199.58,No
CUST-13232,Female,0,No,No,20,No,DSL,No,No,Month-to-month,Yes,Electronic check,65.32,1311.44,Yes
CUST-13233,Male,0,No,No,13,Yes,Fiber optic,Yes,No internet service,Two year,Yes,Electronic check,83.83,1084.09,No
CUST-13234,Female,0,No,Yes,56,Yes,DSL,Yes,No,Two year,No,Electronic check,43.1,2249.65,Yes
CUST-13235,Female,0,No,No,6,Yes,Fiber optic,No,No,One year,No,Credit card (automatic),61.09,383.18,No
CUST-13236,Female,0,No,No,13,Yes,Fiber optic,No internet service,No,Month-to-month,No,Electronic check,120.0,1599.9,Yes
CUST-13237,Male,0,Yes,No,10,Yes,Fiber optic,No internet service,No,One year,Yes,Electronic check,88.43,896.85,No
CUST-13238,Female,0,No,Yes,13,Yes,No,No,No,Month-to-month,Yes,Mailed check,28.3,363.32,Yes
CUST-13239,Female,0,No,Yes,7,Yes,DSL,Yes,No,Two year,No,Credit card (automatic),62.51,456.99,No
CUST-13240,Male,1,No,Yes,4,No,DSL,No,Yes,One year,No,Mailed check,55.25,211.21,No
CUST-13241,Male,0,No,No,35,No,No,No internet service,Yes,Month-to-month,Yes,Mailed check,18.0,604.64,No
CUST-13242,Female,0,No,No,26,Yes,Fiber optic,No internet service,No,Month-to-month,Yes,Electronic check,72.48,1863.61,No
CUST-13243,Female,0,No,Yes,16,Yes,DSL,Yes,No,Two year,No,Mailed check,78.1,1243.25,No
CUST-13244,Male,0,No,No,12,Yes,Fiber optic,Yes,Yes,Two year,Yes,Mailed check,84.87,994.52,No
CUST-13245,Male,0,No,No,10,Yes,DSL,No,No,One year,No,Electronic check,70.07,718.34,No
CUST-13246,Female,0,No,No,22,Yes,Fiber optic,No,No,Month-to-month,Yes,Electronic check,99.41,2278.33,No
CUST-13247,Male,1,No,No,10,Yes,DSL,No,Yes,One year,No,Credit card (automatic),43.95,415.16,No
CUST-13248,Female,1,No,Yes,72,Yes,DSL,Yes,Yes,One year,No,Electronic check,48.83,3194.02,No
CUST-13249,Male,0,No,No,0,Yes,Fiber optic,Yes,No internet service,Two year,Yes,Credit card (automatic),99.36,,Yes
CUST-13250,Male,0,No,No,36,Yes,No,Yes,No,Month-to-month,No,Electronic check,31.11,1136.11,No
CUST-13251,Female,0,Yes,No,19,Yes,No,No internet service,No,Two year,No,Bank transfer (automatic),20.55,376.56,No
CUST-13252,Male,0,No,No,6,Yes,Fiber optic,Yes,No,Month-to-month,No,Credit card (automatic),72.02,430.67,No
CUST-13253,Female,1,No,No,24,Yes,Fiber optic,Yes,Yes,One year,Yes,Mailed check,117.77,2628.68,Yes
CUST-13254,Female,0,No,Yes,13,No,DSL,No,No,Month-to-month,Yes,Electronic check,49.13,642.86,No
CUST-13255,Male,0,No,No,6,Yes,DSL,No,Yes,Month-to-month,No,Mailed check,48.15,295.4,No
CUST-13256,Male,0,No,Yes,12,Yes,DSL,Yes,No,Month-to-month,Yes,Mailed check,64.38,783.19,Yes
CUST-13257,Male,0,No,No,62,Yes,Fiber optic,No,No internet service,Month-to-month,Yes,Credit card (automatic),88.57,5108.07,No
CUST-13258,Female,0,No,Yes,14,Yes,No,Yes,No internet service,Two year,Yes,Electronic check,18.39,253.26,No
CUST-13259,Male,0,Yes,No,6,Yes,DSL,Yes,Yes,Two year,Yes,Electronic check,76.7,454.88,No
CUST-13260,Female,0,No,Yes,22,Yes,DSL,No,No,Month-to-month,Yes,Credit card (automatic),58.9,1266.7,Yes
CUST-13261,Male,0,No,No,6,No,DSL,No,No,One year,Yes,Bank transfer (automatic),45.19,272.23,No
CUST-13262,Female,0,Yes,No,15,Yes,Fiber optic,No,Yes,Month-to-month,Yes,Electronic check,106.21,1444.92,Yes
CUST-13263,Male,0,Yes,No,2,Yes,Fiber optic,No,No,Two year,Yes,Mailed check,115.68,228.46,No
CUST-13264,Female,0,Yes,Yes,24,Yes,Fiber optic,No,No internet service,Month-to-month,No,Mailed check,93.83,2183.05,Yes
CUST-13265,Male,0,Yes,No,32,Yes,No,No internet service,Yes,Month-to-month,Yes,Mailed check,36.47,1093.6,No
CUST-13266,Male,0,No,Yes,0,Yes,Fiber optic,No,Yes,Month-to-month,No,Credit card (automatic),100.82,,Yes
CUST-13267,Male,1,No,No,2,Yes,Fiber optic,No,No,Month-to-month,No,Bank transfer (automatic),76.53,139.46,Yes
CUST-13268,Male,0,Yes,No,57,No,No,No internet service,No internet service,Month-to-month,Yes,Bank transfer (automatic),31.16,1829.4,No
CUST-13269,Male,0,No,Yes,2,Yes,DSL,No,No internet service,Month-to-month,No,Credit card (automatic),58.1,106.27,No
CUST-13270,Male,1,Yes,No,8,Yes,No,No internet service,Yes,One year,No,Electronic check,18.0,141.02,No
CUST-13271,Female,0,Yes,No,8,No,Fiber optic,Yes,No,Two year,No,Electronic check,96.26,713.66,No
CUST-13272,Male,0,Yes,Yes,3,Yes,No,No,No,Month-to-month,Yes,Credit card (automatic),22.46,60.7,No
CUST-13273,Male,0,Yes,No,10,Yes,DSL,No,Yes,Month-to-month,Yes,Mailed check,44.6,402.11,No
CUST-13274,Male,0,No,No,4,Yes,DSL,No internet service,No,Month-to-month,Yes,Bank transfer (automatic),55.88,230.59,No
CUST-13275,Female,1,No,No,16,Yes,No,No,No,Month-to-month,No,Credit card (automatic),22.92,356.64,No
CUST-13276,Female,0,No,Yes,17,Yes,Fiber optic,No,No internet service,Month-to-month,No,Mailed check,67.65,1131.05,No
CUST-13277,Female,0,Yes,No,2,Yes,DSL,No internet service,No,Two year,No,Electronic check,18.0,32.62,Yes
CUST-13278,Male,0,Yes,No,19,Yes,No,No internet service,No,Month-to-month,Yes,Electronic check,18.0,335.48,No
CUST-13279,Female,0,No,No,1,Yes,DSL,No internet service,Yes,Month-to-month,Yes,Credit card (automatic),58.06,53.39,Yes
CUST-13280,Male,0,Yes,No,6,Yes,Fiber optic,Yes,No,One year,Yes,Credit card (automatic),49.68,277.29,Yes
CUST-13281,Male,0,Yes,Yes,9,Yes,No,Yes,No internet service,One year,Yes,Mailed check,36.43,327.68,No
CUST-13282,Male,0,No,No,6,No,Fiber optic,No,Yes,Month-to-month,Yes,Bank transfer (automatic),85.92,483.29,No
CUST-13283,Male,0,No,No,36,Yes,Fiber optic,No,No,Month-to-month,No,Credit card (automatic),92.29,3444.1,Yes
CUST-13284,Female,0,No,No,29,Yes,Fiber optic,Yes,No internet service,One year,Yes,Electronic check,66.56,1998.2,No
CUST-13285,Male,0,No,No,26,Yes,DSL,No,No,Month-to-month,No,Mailed check,49.49,1334.14,Yes
CUST-13286,Female,0,Yes,No,2,Yes,No,Yes,Yes,Month-to-month,Yes,Credit card (automatic),37.45,76.22,No
CUST-13287,Female,0,No,No,35,Yes,DSL,Yes,Yes,Month-to-month,No,Mailed check,65.03,2145.65,Yes
CUST-13288,Female,0,Yes,No,34,Yes,DSL,No internet service,Yes,Two year,Yes,Credit card (automatic),41.42,1463.49,No
CUST-13289,Male,0,No,No,10,Yes,DSL,No internet service,No,Two year,Yes,Mailed check,60.79,577.21,No
CUST-13290,Female,0,Yes,Yes,1,Yes,No,No,No,Two year,No,Mailed check,21.55,20.36,No
CUST-13291,Male,0,Yes,Yes,72,Yes,Fiber optic,No,No,Two year,No,Electronic check,98.44,6537.9,No
CUST-13292,Female,0,Yes,Yes,3,Yes,DSL,No internet service,No internet service,Two year,Yes,Credit card (automatic),53.01,146.51,No
CUST-13293,Female,0,No,No,5,Yes,Fiber optic,No internet service,No internet service,Two year,Yes,Bank transfer (automatic),97.01,466.01,No
CUST-13294,Male,0,No,No,44,Yes,DSL,No internet service,No internet service,Month-to-month,No,Electronic check,46.12,1889.44,No
CUST-13295,Male,0,Yes,No,28,Yes,Fiber optic,No,Yes,Month-to-month,Yes,Mailed check,62.17,1773.39,No
CUST-13296,Female,0,No,No,18,Yes,Fiber optic,Yes,No,Month-to-month,Yes,Credit card (automatic),101.82,1793.4,Yes
CUST-13297,Female,0,Yes,No,8,Yes,DSL,Yes,No internet service,One year,Yes,Credit card (automatic),48.07,368.6,No
CUST-13298,Female,0,No,No,43,Yes,Fiber optic,No,No,Month-to-month,No,Bank transfer (automatic),97.22,4114.56,Yes
CUST-13299,Female,0,No,No,4,Yes,DSL,No,Yes,One year,Yes,Mailed check,51.13,210.4,No
CUST-13300,Male,0,No,No,6,Yes,DSL,Yes,Yes,Month-to-month,No,Bank transfer (automatic),73.8,445.13,Yes
CUST-13301,Female,0,No,No,1,Yes,DSL,Yes,No,Month-to-month,Yes,Mailed check,57.56,56.14,No
CUST-13302,Male,0,Yes,No,26,Yes,DSL,Yes,No internet service,One year,Yes,Electronic check,59.33,1578.35,No
CUST-13303,Male,0,No,Yes,37,Yes,No,No,No,One year,Yes,Bank transfer (automatic),26.58,990.36,No
CUST-13304,Female,0,No,No,49,Yes,Fiber optic,No internet service,No,Month-to-month,No,Mailed check,48.35,2398.59,No
CUST-13305,Female,0,No,Yes,23,Yes,No,Yes,Yes,One year,Yes,Credit card (automatic),32.29,747.45,No
CUST-13306,Male,0,No,No,0,Yes,Fiber optic,No internet service,Yes,Two year,Yes,Credit card (automatic),72.11,,No
CUST-13307,Female,0,No,Yes,7,Yes,DSL,Yes,No,Month-to-month,Yes,Bank transfer (automatic),55.5,387.42,No
CUST-13308,Male,0,Yes,No,9,Yes,DSL,Yes,Yes,Month-to-month,Yes,Credit card (automatic),55.17,454.79,No
CUST-13309,Female,0,Yes,No,5,Yes,DSL,No,No,One year,Yes,Mailed check,66.14,320.85,No
CUST-13310,Male,0,Yes,No,9,Yes,Fiber optic,Yes,No,One year,No,Electronic check,79.09,680.65,No
CUST-13311,Female,0,No,No,72,Yes,Fiber optic,No,No internet service,Month-to-month,Yes,Credit card (automatic),85.16,6208.87,No
CUST-13312,Male,1,Yes,No,3,Yes,Fiber optic,No,No,Two year,Yes,Bank transfer (automatic),77.05,224.7,No
CUST-13313,Female,0,No,No,20,Yes,No,Yes,No internet service,Month-to-month,Yes,Electronic check,23.25,455.84,No
CUST-13314,Male,0,No,Yes,1,Yes,Fiber optic,No,No,Month-to-month,Yes,Electronic check,106.14,97.56,Yes
CUST-13315,Male,0,No,No,53,Yes,Fiber optic,Yes,Yes,Month-to-month,Yes,Credit card (automatic),97.79,5226.69,No
CUST-13316,Female,1,No,No,13,Yes,Fiber optic,Yes,Yes,One year,No,Bank transfer (automatic),86.38,1060.12,No
CUST-13317,Male,0,Yes,No,18,Yes,Fiber optic,No internet service,No internet service,Month-to-month,Yes,Mailed check,102.95,1918.65,Yes
CUST-13318,Male,0,Yes,Yes,0,Yes,DSL,Yes,No,Month-to-month,Yes,Electronic check,61.65,,Yes
CUST-13319,Male,0,Yes,No,4,Yes,Fiber optic,No,No,Month-to-month,No,Credit card (automatic),75.5,314.47,Yes
CUST-13320,Female,0,Yes,No,42,Yes,Fiber optic,Yes,Yes,Month-to-month,Yes,Electronic check,69.96,2907.55,No
CUST-13321,Male,0,Yes,Yes,3,Yes,No,Yes,Yes,Month-to-month,Yes,Mailed check,22.87,67.29,No
CUST-13322,Male,0,No,Yes,70,No,Fiber optic,Yes,Yes,Two year,Yes,Electronic check,84.88,6001.07,No
CUST-13323,Male,0,Yes,Yes,3,Yes,No,No,Yes,Two year,Yes,Bank transfer (automatic),26.81,75.64,No
CUST-13324,Male,0,No,No,37,Yes,DSL,No internet service,No,One year,No,Bank transfer (automatic),58.49,2154.82,No
CUST-13325,Male,1,No,No,8,Yes,No,No,No internet service,Month-to-month,Yes,Credit card (automatic),23.44,173.04,No
CUST-13326,Male,0,No,No,49,No,DSL,No,No internet service,Two year,Yes,Electronic check,65.5,3053.97,No
CUST-13327,Female,0,No,Yes,12,Yes,DSL,No,No,Month-to-month,Yes,Bank transfer (automatic),69.66,758.84,Yes
CUST-13328,Female,0,No,No,7,No,Fiber optic,No internet service,No,Month-to-month,No,Electronic check,61.05,445.91,No
CUST-13329,Male,0,No,No,4,Yes,No,No,No,Two year,Yes,Credit card (automatic),31.86,127.97,No
CUST-13330,Female,0,No,No,14,Yes,DSL,No,No internet service,One year,Yes,Electronic check,45.23,620.78,No
CUST-13331,Male,1,No,No,0,Yes,Fiber optic,Yes,No,Two year,No,Credit card (automatic),93.53,,No
CUST-13332,Male,0,Yes,No,62,Yes,Fiber optic,No internet service,Yes,Two year,Yes,Electronic check,95.82,5658.08,No
CUST-13333,Male,0,Yes,No,0,Yes,DSL,Yes,No,Month-to-month,Yes,Credit card (automatic),59.15,,No
CUST-13334,Male,0,Yes,No,27,Yes,DSL,No,No,Month-to-month,No,Credit card (automatic),57.51,1629.96,Yes
CUST-13335,Male,0,Yes,No,52,Yes,DSL,No,No,Month-to-month,No,Electronic check,41.36,1977.57,No
CUST-13336,Female,0,No,No,13,Yes,Fiber optic,No internet service,No,Two year,Yes,Electronic check,75.78,911.61,No
CUST-13337,Male,0,No,No,24,Yes,Fiber optic,Yes,Yes,Two year,No,Bank transfer (automatic),112.34,2470.1,No
CUST-13338,Male,0,No,No,19,Yes,No,No internet service,Yes,Two year,No,Electronic check,18.0,320.81,No
CUST-13339,Female,0,No,Yes,22,Yes,Fiber optic,No,No,One year,Yes,Credit card (automatic),95.83,2001.26,No
CUST-13340,Male,0,No,No,32,Yes,No,No,Yes,Month-to-month,Yes,Credit card (automatic),22.44,723.77,Yes
CUST-13341,Female,0,Yes,No,12,Yes,DSL,No internet service,No,Two year,Yes,Credit card (automatic),64.71,720.64,No
CUST-13342,Male,0,Yes,No,36,Yes,DSL,No internet service,No,Two year,No,Electronic check,71.27,2532.76,No
CUST-13343,Female,0,No,No,7,Yes,No,No,No,Month-to-month,Yes,Mailed check,19.68,134.6,No
CUST-13344,Male,0,No,No,27,Yes,DSL,No,No internet service,Month-to-month,Yes,Credit card (automatic),54.77,1429.44,No
CUST-13345,Male,0,No,Yes,24,Yes,Fiber optic,No,No,Month-to-month,No,Bank transfer (automatic),94.68,2184.21,Yes
CUST-13346,Male,0,No,No,10,Yes,Fiber optic,No,No,One year,No,Bank transfer (automatic),75.27,724.7,No
CUST-13347,Female,0,Yes,No,7,Yes,DSL,Yes,No internet service,Month-to-month,No,Electronic check,62.67,410.44,Yes
CUST-13348,Male,0,No,Yes,3,Yes,DSL,Yes,Yes,Month-to-month,Yes,Mailed check,62.4,178.16,No
CUST-13349,Male,0,Yes,No,0,Yes,No,Yes,No internet service,Month-to-month,Yes,Mailed check,18.0,,No
CUST-13350,Female,0,Yes,No,8,Yes,DSL,No internet service,No,Month-to-month,Yes,Bank transfer (automatic),78.78,653.96,Yes
CUST-13351,Male,0,Yes,No,51,Yes,Fiber optic,No,Yes,Two year,Yes,Electronic check,96.29,4429.99,No
CUST-13352,Male,0,No,No,6,Yes,No,No,No,One year,No,Mailed check,24.7,134.46,Yes
CUST-13353,Female,0,Yes,No,15,Yes,Fiber optic,Yes,No internet service,Month-to-month,Yes,Bank transfer (automatic),87.25,1321.5,Yes
CUST-13354,Female,0,Yes,No,1,Yes,DSL,Yes,No,One year,No,Bank transfer (automatic),63.35,59.45,No
CUST-13355,Female,0,No,Yes,3,Yes,Fiber optic,No,No internet service,Month-to-month,Yes,Mailed check,60.82,175.61,Yes
CUST-13356,Male,1,Yes,No,34,Yes,Fiber optic,No,Yes,Two year,Yes,Electronic check,82.0,2636.63,No
CUST-13357,Male,1,Yes,No,0,Yes,DSL,No,No,Two year,No,Electronic check,65.94,,No
CUST-13358,Female,0,Yes,No,3,Yes,DSL,No,Yes,Two year,No,Bank transfer (automatic),74.04,214.13,No
CUST-13359,Male,0,No,No,1,Yes,No,No,Yes,Month-to-month,Yes,Mailed check,18.0,18.87,No
CUST-13360,Female,0,Yes,No,32,Yes,No,No,No,Month-to-month,Yes,Mailed check,18.89,632.17,No
CUST-13361,Male,0,Yes,No,19,Yes,DSL,Yes,No,Two year,No,Mailed check,38.39,671.59,No
CUST-13362,Male,0,Yes,No,19,Yes,Fiber optic,Yes,Yes,One year,Yes,Credit card (automatic),108.43,1952.81,No
CUST-13363,Female,0,No,No,12,Yes,Fiber optic,Yes,Yes,One year,Yes,Bank transfer (automatic),81.36,1014.32,No
CUST-13364,Female,0,No,Yes,29,Yes,No,No internet service,No,One year,Yes,Bank transfer (automatic),34.33,1008.01,No
CUST-13365,Male,0,Yes,No,39,Yes,Fiber optic,Yes,No internet service,One year,Yes,Credit card (automatic),103.2,3799.01,No
CUST-13366,Male,0,Yes,No,29,No,DSL,No,No,Month-to-month,No,Mailed check,45.44,1232.92,Yes
CUST-13367,Female,1,No,Yes,22,No,Fiber optic,Yes,No,One year,No,Credit card (automatic),79.02,1756.71,No
CUST-13368,Male,0,Yes,Yes,40,Yes,Fiber optic,Yes,Yes,Month-to-month,No,Mailed check,104.89,4186.58,No
CUST-13369,Female,0,No,No,21,Yes,Fiber optic,No,Yes,Two year,No,Electronic check,81.67,1709.19,No
CUST-13370,Male,0,No,No,6,Yes,Fiber optic,No,No internet service,Two year,Yes,Mailed check,87.94,516.34,No
CUST-13371,Male,0,Yes,No,72,No,DSL,No internet service,No internet service,Two year,Yes,Bank transfer (automatic),37.06,2447.75,No
CUST-13372,Male,0,No,Yes,1,Yes,DSL,No internet service,No,Two year,Yes,Mailed check,52.9,52.49,No
CUST-13373,Female,0,Yes,No,1,Yes,Fiber optic,No,No internet service,One year,Yes,Bank transfer (automatic),91.83,91.94,No
CUST-13374,Female,1,Yes,No,72,Yes,Fiber optic,No,No,Two year,Yes,Electronic check,76.62,5415.91,Yes
CUST-13375,Male,1,No,Yes,15,Yes,No,No internet service,No internet service,Month-to-month,No,Credit card (automatic),21.47,312.38,No
CUST-13376,Female,0,No,No,27,Yes,Fiber optic,No,Yes,One year,No,Electronic check,88.87,2443.92,Yes
CUST-13377,Male,1,Yes,Yes,9,Yes,DSL,No,No,Month-to-month,No,Mailed check,62.5,544.37,No
CUST-13378,Female,0,No,Yes,15,Yes,DSL,No,No,Two year,Yes,Electronic check,67.76,1005.18,Yes
CUST-13379,Female,0,Yes,No,8,Yes,DSL,No internet service,Yes,Month-to-month,Yes,Electronic check,69.79,515.39,Yes
CUST-13380,Female,0,Yes,Yes,8,Yes,No,No internet service,No internet service,Month-to-month,Yes,Electronic check,26.48,218.74,No
CUST-13381,Female,0,No,Yes,28,Yes,Fiber optic,No,Yes,One year,No,Mailed check,83.14,2363.38,No
CUST-13382,Female,0,Yes,Yes,3,No,Fiber optic,Yes,Yes,Two year,Yes,Electronic check,100.84,317.22,No
CUST-13383,Female,0,No,Yes,34,Yes,DSL,No internet service,No,Month-to-month,No,Mailed check,37.06,1206.79,Yes
CUST-13384,Female,0,No,No,16,Yes,Fiber optic,No,No,Month-to-month,Yes,Electronic check,70.66,1142.84,Yes
CUST-13385,Female,0,No,Yes,4,Yes,Fiber optic,Yes,Yes,Month-to-month,No,Electronic check,77.98,302.8,Yes
CUST-13386,Female,0,Yes,Yes,8,Yes,Fiber optic,No internet service,Yes,Two year,No,Mailed check,85.78,628.25,No
CUST-13387,Female,0,No,Yes,2,Yes,DSL,No internet service,No,Month-to-month,No,Mailed check,63.77,125.45,No
CUST-13388,Female,0,No,No,2,Yes,Fiber optic,No,Yes,Month-to-month,Yes,Credit card (automatic),94.59,196.26,Yes
CUST-13389,Male,0,No,No,4,Yes,Fiber optic,No,No,Two year,No,Electronic check,83.7,346.77,Yes
CUST-13390,Male,0,Yes,Yes,46,Yes,No,No internet service,No internet service,Month-to-month,Yes,Credit card (automatic),33.74,1531.67,No
CUST-13391,Female,0,Yes,No,72,Yes,DSL,No internet service,No,One year,Yes,Mailed check,64.71,4549.23,No
CUST-13392,Male,0,No,No,12,Yes,Fiber optic,Yes,Yes,Two year,No,Credit card (automatic),79.31,977.31,No
CUST-13393,Female,0,Yes,No,15,Yes,DSL,No,No,Month-to-month,Yes,Electronic check,70.11,1059.51,Yes
CUST-13394,Female,0,No,Yes,16,Yes,DSL,No internet service,Yes,Month-to-month,Yes,Mailed check,48.39,778.92,No
CUST-13395,Female,0,Yes,Yes,22,No,Fiber optic,No internet service,No,Month-to-month,No,Mailed check,69.52,1489.24,Yes
CUST-13396,Male,0,No,Yes,1,Yes,DSL,No,No internet service,Two year,No,Electronic check,42.56,42.92,No
CUST-13397,Female,0,Yes,No,42,Yes,Fiber optic,No,Yes,Month-to-month,Yes,Credit card (automatic),70.38,3076.25,No
CUST-13398,Female,1,Yes,No,23,No,DSL,Yes,No,Two year,Yes,Bank transfer (automatic),43.55,945.43,No
CUST-13399,Female,0,No,No,24,Yes,Fiber optic,Yes,No,Month-to-month,Yes,Bank transfer (automatic),83.5,2040.48,Yes
CUST-13400,Female,0,No,No,37,Yes,Fiber optic,Yes,No,Month-to-month,Yes,Bank transfer (automatic),99.48,3610.43,Yes
CUST-13401,Male,0,No,No,16,Yes,Fiber optic,Yes,No,One year,Yes,Bank transfer (automatic),79.51,1160.65,Yes
CUST-13402,Male,0,Yes,No,32,Yes,DSL,No,No,Two year,Yes,Mailed check,51.92,1584.37,No
CUST-13403,Female,0,Yes,No,14,Yes,Fiber optic,No internet service,No,One year,Yes,Bank transfer (automatic),107.96,1453.18,Yes
CUST-13404,Female,1,Yes,No,26,Yes,Fiber optic,Yes,No internet service,One year,No,Electronic check,65.69,1690.47,Yes
CUST-13405,Male,0,No,Yes,47,Yes,Fiber optic,No,No internet service,Month-to-month,Yes,Bank transfer (automatic),95.38,4701.22,Yes
CUST-13406,Male,0,No,Yes,13,Yes,Fiber optic,No internet service,Yes,Month-to-month,Yes,Bank transfer (automatic),100.46,1348.71,No
CUST-13407,Female,0,Yes,No,2,Yes,Fiber optic,No,No,Month-to-month,Yes,Electronic check,76.18,138.76,Yes
CUST-13408,Female,0,Yes,No,15,Yes,No,Yes,No internet service,Month-to-month,No,Credit card (automatic),24.47,376.48,No
CUST-13409,Male,0,No,No,24,Yes,Fiber optic,No,Yes,Month-to-month,Yes,Electronic check,74.43,1689.22,Yes
CUST-13410,Female,0,Yes,No,3,Yes,Fiber optic,No,No,Month-to-month,Yes,Electronic check,86.7,267.89,Yes
CUST-13411,Female,0,No,No,1,Yes,No,No,No,Two year,Yes,Electronic check,23.84,23.19,No
CUST-13412,Male,0,No,No,3,Yes,DSL,No,No,Month-to-month,No,Mailed check,74.81,203.33,Yes
CUST-13413,Female,0,No,No,47,Yes,DSL,Yes,No internet service,One year,Yes,Electronic check,58.02,2662.15,No
CUST-13414,Male,0,No,No,3,Yes,Fiber optic,No,No,Month-to-month,No,Electronic check,76.6,217.58,No
CUST-13415,Female,0,Yes,No,15,Yes,DSL,No,No,Month-to-month,Yes,Electronic check,49.0,714.7,Yes
CUST-13416,Female,0,No,No,32,Yes,No,No internet service,No,One year,Yes,Bank transfer (automatic),30.62,926.53,Yes
CUST-13417,Male,0,No,No,3,Yes,DSL,No,No,Two year,No,Mailed check,54.63,155.94,No
CUST-13418,Male,0,Yes,Yes,0,Yes,No,Yes,Yes,Two year,No,Credit card (automatic),29.36,,No
CUST-13419,Female,0,Yes,No,0,Yes,No,No,No internet service,Two year,Yes,Credit card (automatic),18.0,,No
CUST-13420,Male,0,No,No,20,No,DSL,No internet service,No internet service,Month-to-month,No,Credit card (automatic),41.8,756.06,No
CUST-13421,Male,0,Yes,No,72,Yes,DSL,No,No,Month-to-month,Yes,Mailed check,52.76,3548.48,No
CUST-13422,Female,0,Yes,Yes,33,Yes,No,No internet service,No,Month-to-month,No,Credit card (automatic),25.57,834.69,No
CUST-13423,Female,0,No,No,3,Yes,Fiber optic,No,No,Month-to-month,No,Mailed check,96.5,277.71,Yes
CUST-13424,Male,0,No,No,0,Yes,DSL,No,Yes,One year,Yes,Credit card (automatic),39.85,,No
CUST-13425,Female,0,Yes,No,1,No,Fiber optic,No,No,One year,No,Mailed check,87.21,80.89,No
CUST-13426,Female,0,Yes,Yes,7,Yes,No,Yes,No,One year,Yes,Bank transfer (automatic),28.52,202.24,No
CUST-13427,Male,1,No,No,0,Yes,Fiber optic,No internet service,No,Two year,Yes,Electronic check,92.17,,No
CUST-13428,Female,0,No,Yes,7,Yes,DSL,No,No,One year,Yes,Mailed check,50.78,359.34,No
CUST-13429,Male,0,No,Yes,1,Yes,No,No,No,Month-to-month,Yes,Electronic check,22.65,22.3,No
CUST-13430,Male,1,Yes,No,39,Yes,No,No internet service,Yes,Two year,No,Bank transfer (automatic),18.0,651.73,No
CUST-13431,Male,0,Yes,Yes,23,Yes,DSL,Yes,No internet service,Month-to-month,No,Mailed check,56.77,1226.4,No
CUST-13432,Male,0,Yes,No,16,No,No,No internet service,Yes,Month-to-month,Yes,Credit card (automatic),37.31,609.21,No
CUST-13433,Female,0,No,Yes,28,Yes,Fiber optic,No,No,Month-to-month,Yes,Mailed check,88.04,2362.67,Yes
CUST-13434,Male,0,No,No,0,Yes,DSL,No,No,One year,Yes,Credit card (automatic),37.27,,No
CUST-13435,Female,0,Yes,No,11,Yes,No,No,No,Month-to-month,No,Electronic check,18.0,194.17,Yes
CUST-13436,Female,0,No,No,65,No,Fiber optic,No,No,One year,Yes,Bank transfer (automatic),89.05,5553.92,No
CUST-13437,Female,0,No,No,9,Yes,Fiber optic,Yes,Yes,Month-to-month,No,Credit card (automatic),92.23,762.84,Yes
CUST-13438,Male,0,Yes,Yes,15,Yes,Fiber optic,No internet service,Yes,Month-to-month,Yes,Mailed check,78.64,1201.23,No
CUST-13439,Male,0,No,Yes,13,Yes,No,No,No,Month-to-month,No,Bank transfer (automatic),18.0,213.22,No
CUST-13440,Female,0,Yes,No,40,Yes,Fiber optic,Yes,No internet service,Month-to-month,Yes,Bank transfer (automatic),74.99,3099.29,No
CUST-13441,Male,0,Yes,No,1,Yes,DSL,No,No internet service,One year,Yes,Bank transfer (automatic),55.79,52.36,No
CUST-13442,Female,0,No,No,19,Yes,DSL,No internet service,No,One year,No,Bank transfer (automatic),60.8,1129.73,No
CUST-13443,Male,0,No,No,14,Yes,Fiber optic,No internet service,No,One year,Yes,Electronic check,63.92,914.67,No
CUST-13444,Male,0,No,No,31,No,DSL,No internet service,Yes,One year,No,Electronic check,37.44,1072.63,No
CUST-13445,Male,0,No,Yes,3,Yes,Fiber optic,No,No,Month-to-month,Yes,Credit card (automatic),87.11,240.79,Yes
CUST-13446,Female,1,No,No,0,Yes,DSL,No internet service,No,Month-to-month,No,Electronic check,48.07,,Yes
CUST-13447,Female,0,No,Yes,68,Yes,No,Yes,Yes,One year,Yes,Credit card (automatic),21.58,1378.98,No
CUST-13448,Female,0,Yes,No,0,Yes,DSL,No,No,One year,Yes,Mailed check,48.22,,No
CUST-13449,Male,1,Yes,No,43,Yes,No,Yes,No internet service,One year,No,Credit card (automatic),31.36,1223.57,No
CUST-13450,Male,0,Yes,Yes,7,No,DSL,No,Yes,Month-to-month,Yes,Electronic check,56.94,401.7,No
CUST-13451,Male,0,Yes,No,12,No,DSL,No,Yes,One year,No,Bank transfer (automatic),60.92,658.98,No
CUST-13452,Male,0,No,No,18,No,Fiber optic,No,No,One year,No,Credit card (automatic),93.99,1620.16,Yes
CUST-13453,Male,0,Yes,No,25,Yes,Fiber optic,No,Yes,Month-to-month,Yes,Credit card (automatic),77.97,1987.88,Yes
CUST-13454,Female,0,No,No,17,Yes,DSL,Yes,No,Two year,Yes,Electronic check,77.2,1334.15,No
CUST-13455,Female,0,No,No,28,Yes,DSL,No internet service,No internet service,Two year,Yes,Mailed check,57.56,1541.63,No
CUST-13456,Female,0,Yes,No,1,Yes,DSL,No,No,One year,Yes,Electronic check,57.26,53.11,Yes
CUST-13457,Male,0,Yes,No,28,Yes,Fiber optic,No internet service,No,Month-to-month,No,Mailed check,106.39,2748.22,Yes
CUST-13458,Male,0,Yes,No,72,No,No,No,No,Two year,No,Credit card (automatic),28.52,1866.11,Yes
CUST-13459,Male,0,No,No,72,Yes,Fiber optic,No,Yes,Two year,Yes,Electronic check,79.33,5363.61,No
CUST-13460,Female,0,Yes,Yes,4,Yes,Fiber optic,Yes,No internet service,Month-to-month,No,Credit card (automatic),103.63,416.39,Yes
CUST-13461,Male,0,Yes,No,4,Yes,Fiber optic,Yes,No internet service,Two year,No,Mailed check,76.67,289.05,No
CUST-13462,Female,1,No,Yes,0,Yes,Fiber optic,No,Yes,Month-to-month,No,Electronic check,95.12,,Yes
CUST-13463,Female,0,No,No,1,No,DSL,No internet service,No,Two year,Yes,Bank transfer (automatic),42.97,43.59,No
CUST-13464,Male,0,No,Yes,30,Yes,Fiber optic,Yes,Yes,Month-to-month,No,Electronic check,76.41,2073.82,Yes
CUST-13465,Male,1,No,Yes,6,Yes,Fiber optic,No,Yes,Month-to-month,Yes,Bank transfer (automatic),91.04,558.49,Yes
CUST-13466,Male,0,No,No,29,Yes,Fiber optic,No internet service,No,One year,Yes,Electronic check,82.69,2439.76,No
CUST-13467,Male,1,No,Yes,72,Yes,DSL,No,No internet service,Month-to-month,Yes,Electronic check,48.35,3510.86,No
CUST-13468,Female,0,No,No,21,Yes,DSL,No internet service,No,Month-to-month,No,Electronic check,49.3,977.08,No
CUST-13469,Male,0,Yes,No,0,Yes,DSL,No,No,Two year,Yes,Electronic check,25.36,,Yes
CUST-13470,Male,0,No,No,0,Yes,Fiber optic,No internet service,No,Two year,No,Electronic check,93.41,,No
CUST-13471,Male,0,No,Yes,25,No,DSL,Yes,Yes,Two year,No,Electronic check,47.94,1110.8,No
CUST-13472,Female,0,Yes,No,26,Yes,No,No,No,Month-to-month,Yes,Electronic check,20.81,560.61,Yes
CUST-13473,Female,0,No,No,9,Yes,Fiber optic,No,Yes,Two year,No,Credit card (automatic),106.19,989.2,No
CUST-13474,Male,1,Yes,No,16,Yes,DSL,Yes,No,Month-to-month,Yes,Bank transfer (automatic),62.92,926.97,No
CUST-13475,Male,0,No,No,12,Yes,Fiber optic,No,Yes,Month-to-month,No,Electronic check,79.2,957.49,Yes
CUST-13476,Female,1,No,No,0,Yes,Fiber optic,No,Yes,One year,No,Bank transfer (automatic),75.34,,No
CUST-13477,Female,0,No,No,42,No,Fiber optic,Yes,Yes,One year,Yes,Credit card (automatic),94.8,4140.22,No
CUST-13478,Female,0,No,Yes,21,Yes,Fiber optic,No,No,Month-to-month,Yes,Mailed check,95.76,1917.46,No
CUST-13479,Male,0,Yes,No,34,Yes,DSL,Yes,No internet service,One year,Yes,Mailed check,65.2,2071.66,No
CUST-13480,Female,0,Yes,No,20,Yes,Fiber optic,No,No internet service,Month-to-month,No,Mailed check,85.18,1657.11,No
CUST-13481,Female,0,No,No,17,Yes,Fiber optic,No,Yes,Month-to-month,No,Credit card (automatic),72.77,1261.07,Yes
CUST-13482,Female,0,No,No,72,Yes,No,No,No internet service,Two year,Yes,Electronic check,18.0,1356.04,No
CUST-13483,Male,0,No,Yes,48,Yes,No,No,No internet service,Month-to-month,Yes,Bank transfer (automatic),18.0,907.04,No
CUST-13484,Male,0,Yes,No,26,Yes,No,No internet service,No internet service,Month-to-month,No,Credit card (automatic),25.22,688.37,No
CUST-13485,Male,0,No,Yes,28,Yes,Fiber optic,No,No,Two year,Yes,Bank transfer (automatic),98.96,2791.39,No
CUST-13486,Female,0,Yes,No,21,Yes,Fiber optic,Yes,No,One year,Yes,Electronic check,116.44,2368.32,Yes
CUST-13487,Female,0,Yes,No,7,Yes,Fiber optic,Yes,Yes,Month-to-month,Yes,Credit card (automatic),100.02,700.61,No
CUST-13488,Male,0,Yes,Yes,18,Yes,Fiber optic,No,No,Two year,No,Electronic check,111.62,1905.37,No
CUST-13489,Female,0,No,No,11,Yes,No,No,Yes,Month-to-month,Yes,Bank transfer (automatic),29.99,313.36,No
CUST-13490,Female,0,Yes,Yes,57,Yes,Fiber optic,No,No,Two year,Yes,Bank transfer (automatic),81.8,4365.85,No
CUST-13491,Female,0,No,No,55,Yes,DSL,No internet service,No,One year,No,Electronic check,57.43,3066.46,No
CUST-13492,Female,0,Yes,Yes,10,Yes,DSL,No,No internet service,Two year,Yes,Mailed check,56.99,523.16,No
CUST-13493,Female,0,No,Yes,32,Yes,No,Yes,Yes,Month-to-month,Yes,Bank transfer (automatic),18.0,578.76,No
CUST-13494,Male,0,Yes,No,24,Yes,No,No,No internet service,Month-to-month,Yes,Mailed check,18.0,448.85,No
CUST-13495,Female,0,Yes,Yes,11,No,DSL,No,No,Two year,Yes,Electronic check,50.16,576.63,No
CUST-13496,Male,0,No,No,46,No,No,No,No internet service,Month-to-month,Yes,Mailed check,18.0,803.48,No
CUST-13497,Female,0,No,No,11,Yes,DSL,No internet service,No internet service,Month-to-month,Yes,Electronic check,34.78,371.84,Yes
CUST-13498,Female,0,Yes,Yes,8,Yes,DSL,No internet service,Yes,Month-to-month,Yes,Electronic check,59.69,499.71,Yes
CUST-13499,Female,0,No,No,7,Yes,DSL,No internet service,No,Month-to-month,Yes,Mailed check,44.62,296.29,Yes
CUST-13500,Female,0,Yes,No,3,Yes,Fiber optic,Yes,Yes,Two year,Yes,Mailed check,106.68,308.75,No
CUST-13501,Female,0,Yes,Yes,49,Yes,Fiber optic,Yes,No,Month-to-month,Yes,Bank transfer (automatic),78.35,3542.94,No
CUST-13502,Female,0,No,No,3,Yes,No,No internet service,Yes,Month-to-month,Yes,Bank transfer (automatic),21.67,59.29,No
CUST-13503,Female,0,Yes,Yes,8,Yes,DSL,No,No,Month-to-month,No,Bank transfer (automatic),56.3,411.47,No
CUST-13504,Male,0,No,No,8,Yes,Fiber optic,No internet service,Yes,Two year,Yes,Electronic check,91.28,676.48,No
CUST-13505,Male,0,Yes,No,19,Yes,No,No,No,Month-to-month,Yes,Electronic check,19.65,385.94,Yes
CUST-13506,Female,0,Yes,No,19,Yes,Fiber optic,No,No,Month-to-month,Yes,Electronic check,87.36,1581.77,No
CUST-13507,Male,0,Yes,Yes,5,Yes,Fiber optic,No internet service,No,Month-to-month,Yes,Mailed check,109.34,497.16,Yes
CUST-13508,Female,1,No,No,35,Yes,Fiber optic,Yes,No,One year,No,Bank transfer (automatic),57.39,1824.28,Yes
CUST-13509,Male,0,No,No,12,Yes,DSL,Yes,No,Month-to-month,Yes,Credit card (automatic),43.74,512.98,No
CUST-13510,Female,0,No,No,0,Yes,Fiber optic,No,No,One year,Yes,Electronic check,89.13,,No
CUST-13511,Male,1,Yes,No,12,Yes,No,No,No internet service,Two year,Yes,Electronic check,19.52,237.31,No
CUST-13512,Male,0,Yes,Yes,9,Yes,No,No,No,Two year,No,Electronic check,26.76,217.54,No
CUST-13513,Male,0,Yes,No,21,Yes,Fiber optic,No,No internet service,One year,No,Credit card (automatic),114.09,2169.81,No
CUST-13514,Male,0,No,No,30,Yes,No,No,Yes,One year,No,Mailed check,18.0,529.02,No
CUST-13515,Male,0,No,No,72,Yes,Fiber optic,No internet service,Yes,One year,No,Electronic check,64.85,4886.79,No
CUST-13516,Male,0,No,Yes,27,Yes,Fiber optic,Yes,No,Month-to-month,Yes,Electronic check,86.75,2170.47,Yes
CUST-13517,Female,0,No,No,18,Yes,Fiber optic,No internet service,No,One year,Yes,Credit card (automatic),78.03,1429.61,No
CUST-13518,Female,0,Yes,No,26,Yes,No,Yes,No,Two year,Yes,Mailed check,21.71,529.36,No
CUST-13519,Female,0,Yes,Yes,0,No,DSL,Yes,Yes,Month-to-month,No,Bank transfer (automatic),54.05,,No
CUST-13520,Female,0,No,Yes,3,Yes,DSL,No,No,Month-to-month,No,Bank transfer (automatic),43.67,132.69,No
CUST-13521,Female,0,Yes,Yes,1,Yes,DSL,No,Yes,Two year,No,Bank transfer (automatic),73.52,75.71,No
CUST-13522,Male,1,No,No,35,No,Fiber optic,No internet service,No,Month-to-month,No,Credit card (automatic),60.43,2096.95,Yes
CUST-13523,Female,1,Yes,No,15,No,Fiber optic,No,Yes,Month-to-month,Yes,Bank transfer (automatic),48.5,695.39,No
CUST-13524,Female,0,No,No,27,Yes,DSL,No internet service,No,Month-to-month,Yes,Mailed check,71.65,2016.14,Yes
CUST-13525,Female,0,Yes,No,72,Yes,Fiber optic,No,No internet service,Month-to-month,No,Mailed check,86.79,6247.17,No
CUST-13526,Female,0,Yes,Yes,11,Yes,DSL,Yes,Yes,One year,No,Mailed check,61.12,697.42,No
CUST-13527,Male,0,Yes,No,17,No,Fiber optic,No,No internet service,Month-to-month,Yes,Credit card (automatic),120.0,2093.42,No
CUST-13528,Female,1,No,No,17,Yes,DSL,Yes,No,One year,Yes,Credit card (automatic),58.06,898.05,No
CUST-13529,Female,1,No,No,63,Yes,DSL,Yes,Yes,Two year,No,Credit card (automatic),47.1,3103.13,No
CUST-13530,Male,0,Yes,Yes,7,Yes,No,No,Yes,Month-to-month,Yes,Electronic check,26.49,193.92,No
CUST-13531,Female,1,Yes,No,3,Yes,Fiber optic,Yes,No internet service,Month-to-month,No,Electronic check,68.09,200.5,Yes
CUST-13532,Male,1,Yes,No,16,Yes,Fiber optic,No internet service,No internet service,Two year,Yes,Mailed check,120.0,1799.11,No
CUST-13533,Female,0,No,No,17,Yes,Fiber optic,No internet service,No,Two year,Yes,Bank transfer (automatic),72.57,1236.22,No
CUST-13534,Female,0,Yes,Yes,35,Yes,DSL,Yes,Yes,One year,Yes,Mailed check,54.68,1749.57,No
CUST-13535,Female,1,No,No,19,Yes,No,No,No,One year,No,Electronic check,33.22,617.45,No
CUST-13536,Male,0,No,No,5,Yes,No,Yes,No,One year,No,Bank transfer (automatic),22.8,110.46,No
CUST-13537,Female,0,No,No,23,Yes,Fiber optic,Yes,No,Month-to-month,Yes,Bank transfer (automatic),84.59,1765.76,Yes
CUST-13538,Male,0,No,No,1,Yes,DSL,No,No,One year,Yes,Credit card (automatic),55.07,54.63,No
CUST-13539,Female,0,No,No,12,Yes,Fiber optic,Yes,No,Two year,Yes,Bank transfer (automatic),85.59,979.89,No
CUST-13540,Male,0,Yes,No,28,Yes,Fiber optic,No,Yes,Month-to-month,No,Credit card (automatic),77.87,2045.18,No
CUST-13541,Male,0,No,Yes,36,Yes,Fiber optic,No,No internet service,Month-to-month,Yes,Bank transfer (automatic),53.6,1891.0,No
CUST-13542,Female,1,No,No,2,Yes,Fiber optic,Yes,Yes,One year,Yes,Bank transfer (automatic),103.5,209.05,No
CUST-13543,Female,0,Yes,No,9,Yes,Fiber optic,No internet service,Yes,One year,Yes,Credit card (automatic),64.59,601.65,No
CUST-13544,Female,0,No,No,18,Yes,No,No internet service,No internet service,Month-to-month,Yes,Mailed check,18.0,317.45,No
CUST-13545,Male,0,No,No,71,Yes,DSL,No,No,Month-to-month,Yes,Electronic check,51.27,3739.0,No
CUST-13546,Male,0,No,Yes,17,Yes,DSL,No,No,Month-to-month,Yes,Bank transfer (automatic),55.74,984.12,No
CUST-13547,Male,0,Yes,Yes,72,Yes,DSL,No,Yes,Month-to-month,Yes,Credit card (automatic),82.14,5816.3,No
CUST-13548,Male,0,Yes,Yes,49,Yes,DSL,No,No,Month-to-month,Yes,Mailed check,44.34,1986.44,Yes
CUST-13549,Female,1,No,Yes,53,No,DSL,No internet service,Yes,Month-to-month,Yes,Credit card (automatic),65.02,3434.74,No
CUST-13550,Male,0,No,Yes,35,Yes,DSL,No internet service,No,Two year,Yes,Mailed check,36.67,1245.41,No
CUST-13551,Female,0,No,No,22,No,DSL,No,No internet service,Month-to-month,Yes,Credit card (automatic),57.38,1176.92,No
CUST-13552,Female,0,No,Yes,22,Yes,Fiber optic,Yes,Yes,One year,Yes,Mailed check,107.35,2349.51,No
CUST-13553,Male,0,No,No,9,Yes,Fiber optic,No,No internet service,One year,No,Electronic check,84.27,719.65,No
CUST-13554,Male,0,Yes,No,37,No,DSL,No,No,Month-to-month,Yes,Electronic check,56.82,2090.51,No
CUST-13555,Female,0,Yes,No,21,Yes,Fiber optic,Yes,No,Two year,No,Bank transfer (automatic),69.24,1515.77,No
CUST-13556,Male,0,No,No,44,Yes,Fiber optic,No,No,Two year,No,Electronic check,81.91,3423.16,No
CUST-13557,Female,0,No,Yes,2,Yes,Fiber optic,No,No,Two year,Yes,Electronic check,63.82,123.49,No
CUST-13558,Male,0,Yes,No,15,Yes,Fiber optic,No,No,Month-to-month,No,Electronic check,49.88,757.46,Yes
CUST-13559,Female,0,Yes,Yes,4,Yes,DSL,No,No,Month-to-month,No,Bank transfer (automatic),50.25,185.09,No
CUST-13560,Female,0,No,No,10,Yes,Fiber optic,No,No internet service,Month-to-month,Yes,Electronic check,94.78,860.42,No
CUST-13561,Female,1,Yes,No,5,Yes,No,No,No,One year,Yes,Bank transfer (automatic),27.13,124.69,No
CUST-13562,Male,0,Yes,Yes,58,Yes,No,Yes,No,Month-to-month,Yes,Mailed check,25.68,1487.15,No
CUST-13563,Male,0,No,No,3,Yes,No,No,Yes,Month-to-month,No,Electronic check,18.0,56.62,No
CUST-13564,Male,0,Yes,No,12,Yes,DSL,No internet service,No internet service,Two year,Yes,Bank transfer (automatic),69.15,778.82,No
CUST-13565,Male,0,Yes,No,8,Yes,Fiber optic,No,No internet service,Month-to-month,Yes,Credit card (automatic),79.54,612.98,No
CUST-13566,Female,0,Yes,No,72,Yes,Fiber optic,No internet service,No,Month-to-month,No,Mailed check,98.12,6995.26,Yes
CUST-13567,Female,0,No,Yes,19,Yes,Fiber optic,Yes,No,Month-to-month,No,Credit card (automatic),93.67,1629.99,Yes
CUST-13568,Male,0,Yes,No,24,Yes,No,No,No,Month-to-month,Yes,Credit card (automatic),24.18,524.89,No
CUST-13569,Female,0,No,No,2,Yes,No,No,Yes,Month-to-month,Yes,Electronic check,18.0,36.58,No
CUST-13570,Male,1,No,No,27,Yes,DSL,Yes,No,Month-to-month,Yes,Electronic check,69.0,1841.09,No
CUST-13571,Female,1,No,Yes,4,No,Fiber optic,No,No,Month-to-month,Yes,Mailed check,62.47,250.59,Yes
CUST-13572,Female,0,No,No,10,No,No,Yes,Yes,Two year,No,Bank transfer (automatic),18.57,190.58,No
CUST-13573,Male,0,Yes,Yes,26,Yes,DSL,Yes,No,One year,No,Credit card (automatic),50.78,1350.69,No
CUST-13574,Male,0,No,No,8,Yes,Fiber optic,Yes,No,Month-to-month,No,Credit card (automatic),119.35,949.29,Yes
CUST-13575,Male,0,No,No,8,Yes,Fiber optic,No,No,Month-to-month,No,Credit card (automatic),69.19,527.03,Yes
CUST-13576,Male,0,Yes,No,19,Yes,No,No,Yes,Month-to-month,No,Electronic check,23.05,434.65,No
CUST-13577,Female,0,Yes,No,11,Yes,DSL,Yes,No,Two year,No,Bank transfer (automatic),59.24,629.6,No
CUST-13578,Male,0,Yes,No,2,Yes,DSL,No,No,Two year,Yes,Credit card (automatic),77.96,160.77,Yes
CUST-13579,Female,0,No,No,23,Yes,Fiber optic,No,Yes,One year,Yes,Credit card (automatic),63.63,1523.77,No
CUST-13580,Female,1,Yes,No,11,Yes,DSL,No internet service,Yes,One year,Yes,Electronic check,61.08,645.52,No
CUST-13581,Female,0,No,No,11,Yes,DSL,No,No,Month-to-month,Yes,Bank transfer (automatic),58.29,614.77,No
CUST-13582,Male,0,No,No,1,Yes,Fiber optic,No,Yes,Month-to-month,No,Bank transfer (automatic),105.25,94.82,No
CUST-13583,Male,0,No,Yes,42,Yes,No,No,No,Month-to-month,Yes,Electronic check,18.0,720.08,Yes
CUST-13584,Female,0,No,No,0,Yes,Fiber optic,No,No,One year,Yes,Electronic check,101.08,,Yes
CUST-13585,Male,0,No,No,1,Yes,DSL,No,No,One year,Yes,Credit card (automatic),62.62,57.57,No
CUST-13586,Male,0,No,No,5,Yes,Fiber optic,Yes,Yes,Two year,No,Bank transfer (automatic),94.03,428.36,Yes
CUST-13587,Female,0,No,No,45,Yes,DSL,No,No,Month-to-month,Yes,Electronic check,61.21,2821.99,Yes
CUST-13588,Male,0,No,Yes,14,No,DSL,No,Yes,Month-to-month,Yes,Mailed check,57.41,816.05,Yes
CUST-13589,Female,0,No,No,20,No,Fiber optic,No,No,One year,Yes,Mailed check,93.98,1966.95,No
CUST-13590,Female,0,No,Yes,20,Yes,DSL,No internet service,Yes,Month-to-month,No,Electronic check,61.41,1155.08,No
CUST-13591,Male,0,Yes,Yes,27,Yes,No,No,No,Month-to-month,No,Bank transfer (automatic),18.75,486.32,No
CUST-13592,Male,0,Yes,No,27,Yes,DSL,No,Yes,Two year,No,Electronic check,51.83,1372.72,No
CUST-13593,Female,0,No,No,10,Yes,No,No internet service,No internet service,Month-to-month,No,Bank transfer (automatic),22.04,207.21,Yes
CUST-13594,Female,0,Yes,Yes,9,Yes,Fiber optic,No,No,Month-to-month,Yes,Credit card (automatic),106.91,992.28,Yes
CUST-13595,Female,0,No,No,10,Yes,DSL,No,No internet service,One year,Yes,Credit card (automatic),42.93,424.22,No
CUST-13596,Female,0,No,No,46,Yes,No,Yes,No,One year,Yes,Electronic check,38.44,1629.19,No
CUST-13597,Male,0,No,Yes,12,No,DSL,Yes,No,Month-to-month,Yes,Electronic check,74.51,855.96,Yes
CUST-13598,Female,1,Yes,Yes,44,Yes,Fiber optic,No,No internet service,Month-to-month,Yes,Electronic check,75.67,3442.96,Yes
CUST-13599,Female,0,No,Yes,19,Yes,No,Yes,Yes,One year,Yes,Electronic check,28.94,562.11,No
CUST-13600,Male,0,No,No,12,Yes,Fiber optic,Yes,No,Month-to-month,No,Credit card (automatic),94.2,1109.83,Yes
CUST-13601,Male,0,No,No,11,Yes,Fiber optic,Yes,No,Month-to-month,Yes,Mailed check,98.54,1137.53,Yes
CUST-13602,Female,0,No,Yes,5,Yes,DSL,Yes,No,Month-to-month,No,Credit card (automatic),46.75,224.29,Yes
CUST-13603,Female,0,No,No,3,Yes,DSL,Yes,No,Month-to-month,Yes,Credit card (automatic),60.02,174.28,No
CUST-13604,Female,0,Yes,No,5,No,DSL,No,No,Month-to-month,Yes,Bank transfer (automatic),50.87,257.18,No
CUST-13605,Male,0,No,No,72,Yes,DSL,No,No internet service,Two year,No,Credit card (automatic),71.85,4768.89,No
CUST-13606,Female,1,Yes,No,64,Yes,No,No,No,Two year,No,Bank transfer (automatic),28.87,1904.77,No
CUST-13607,Female,0,No,No,65,Yes,DSL,No,No internet service,Month-to-month,Yes,Electronic check,53.22,3459.51,No
CUST-13608,Male,0,Yes,No,33,No,Fiber optic,Yes,No internet service,Two year,Yes,Credit card (automatic),102.83,3413.88,Yes
CUST-13609,Female,0,Yes,Yes,72,Yes,DSL,No,No internet service,Month-to-month,Yes,Bank transfer (automatic),73.6,4820.54,No
CUST-13610,Female,1,No,Yes,1,Yes,DSL,No,No internet service,One year,Yes,Credit card (automatic),60.62,62.4,No
CUST-13611,Male,1,Yes,No,35,Yes,DSL,Yes,No,One year,No,Credit card (automatic),53.05,1923.56,No
CUST-13612,Female,0,Yes,Yes,0,No,Fiber optic,No,Yes,Two year,No,Mailed check,75.4,,No
CUST-13613,Male,0,No,No,1,Yes,DSL,No internet service,Yes,Month-to-month,No,Bank transfer (automatic),70.5,67.89,No
CUST-13614,Female,0,Yes,Yes,35,Yes,DSL,Yes,No,Month-to-month,Yes,Bank transfer (automatic),67.66,2426.53,No
CUST-13615,Male,0,Yes,No,38,Yes,Fiber optic,No internet service,No,Two year,Yes,Bank transfer (automatic),111.99,4035.88,No
CUST-13616,Female,0,Yes,No,8,Yes,Fiber optic,No,No internet service,One year,Yes,Credit card (automatic),99.25,760.88,No
CUST-13617,Male,0,Yes,Yes,36,Yes,DSL,No,No,Month-to-month,Yes,Electronic check,64.04,2259.01,No
CUST-13618,Female,0,Yes,No,23,Yes,DSL,Yes,No internet service,One year,No,Bank transfer (automatic),38.94,877.8,No
CUST-13619,Male,0,Yes,No,21,Yes,DSL,Yes,No,Month-to-month,Yes,Electronic check,98.06,2153.69,Yes
CUST-13620,Female,0,Yes,Yes,12,Yes,No,No internet service,No internet service,Month-to-month,No,Bank transfer (automatic),18.0,208.86,No
CUST-13621,Male,0,No,Yes,10,Yes,DSL,Yes,No internet service,Month-to-month,Yes,Electronic check,51.48,529.17,No
CUST-13622,Male,0,No,No,2,Yes,Fiber optic,No,No internet service,Month-to-month,Yes,Credit card (automatic),87.57,164.15,No
CUST-13623,Male,0,Yes,No,11,Yes,No,No,Yes,Two year,Yes,Electronic check,39.67,402.43,No
CUST-13624,Female,1,No,No,5,Yes,DSL,No,Yes,One year,Yes,Credit card (automatic),53.99,267.37,No
CUST-13625,Female,0,No,No,4,Yes,No,No internet service,Yes,Month-to-month,Yes,Mailed check,22.68,90.04,No
CUST-13626,Male,0,Yes,No,72,Yes,No,No,Yes,Month-to-month,No,Electronic check,18.45,1212.81,No
CUST-13627,Male,0,No,No,5,No,No,No,No,One year,No,Bank transfer (automatic),27.5,130.12,No
CUST-13628,Male,0,No,Yes,23,Yes,No,No,Yes,Month-to-month,No,Credit card (automatic),31.78,717.62,No
CUST-13629,Female,0,Yes,Yes,50,Yes,Fiber optic,Yes,Yes,Month-to-month,Yes,Mailed check,83.17,3787.14,No
CUST-13630,Male,0,No,No,72,No,DSL,No internet service,No,Month-to-month,Yes,Electronic check,72.21,5196.1,No
CUST-13631,Male,1,Yes,No,26,Yes,DSL,No,Yes,Month-to-month,No,Credit card (automatic),58.62,1379.46,No
CUST-13632,Male,0,No,No,19,Yes,No,No,No internet service,One year,No,Credit card (automatic),24.83,443.89,No
CUST-13633,Female,0,Yes,No,16,Yes,Fiber optic,No,No internet service,Two year,Yes,Electronic check,103.08,1691.73,No
CUST-13634,Female,0,Yes,No,2,Yes,Fiber optic,No internet service,No,Two year,Yes,Mailed check,103.34,197.95,No
CUST-13635,Female,0,Yes,Yes,21,Yes,Fiber optic,No internet service,Yes,One year,Yes,Electronic check,67.94,1390.9,No
CUST-13636,Male,0,Yes,No,48,Yes,DSL,No internet service,Yes,Month-to-month,Yes,Electronic check,42.6,1949.14,No
CUST-13637,Male,0,No,Yes,46,Yes,Fiber optic,Yes,Yes,Month-to-month,No,Electronic check,89.74,3829.25,Yes
CUST-13638,Male,0,No,No,1,Yes,Fiber optic,Yes,No internet service,Month-to-month,Yes,Electronic check,58.22,56.68,No
CUST-13639,Female,0,Yes,No,40,Yes,Fiber optic,No internet service,Yes,Two year,Yes,Mailed check,71.77,2795.24,No
CUST-13640,Male,0,Yes,No,2,Yes,DSL,Yes,No,Two year,No,Bank transfer (automatic),72.8,139.15,No
CUST-13641,Female,0,No,No,30,Yes,Fiber optic,No,No,Month-to-month,No,Credit card (automatic),78.48,2120.85,Yes
CUST-13642,Female,0,No,No,18,Yes,DSL,No internet service,No,One year,Yes,Credit card (automatic),63.15,1023.43,No
CUST-13643,Female,0,No,No,39,Yes,Fiber optic,No,No,Month-to-month,Yes,Credit card (automatic),83.34,3343.68,No
CUST-13644,Male,0,Yes,No,24,Yes,DSL,No,No,Month-to-month,Yes,Bank transfer (automatic),63.34,1591.66,No
CUST-13645,Female,0,No,No,9,No,No,Yes,No,Month-to-month,No,Electronic check,18.5,170.96,No
CUST-13646,Female,0,Yes,Yes,9,Yes,Fiber optic,No,No internet service,Month-to-month,No,Mailed check,73.22,690.4,No
CUST-13647,Male,0,No,Yes,27,Yes,Fiber optic,Yes,No internet service,One year,Yes,Bank transfer (automatic),78.23,2006.42,No
CUST-13648,Female,0,No,No,72,Yes,Fiber optic,Yes,No,Month-to-month,No,Credit card (automatic),106.53,7070.95,No
CUST-13649,Male,0,Yes,No,20,Yes,DSL,No,No internet service,Month-to-month,No,Electronic check,61.6,1248.56,No
CUST-13650,Female,0,Yes,Yes,35,Yes,DSL,Yes,No,Month-to-month,Yes,Electronic check,73.24,2422.73,No
CUST-13651,Female,1,No,No,43,No,Fiber optic,Yes,No,One year,Yes,Credit card (automatic),101.77,4142.63,Yes
CUST-13652,Male,0,No,No,2,Yes,No,No,No,Month-to-month,No,Credit card (automatic),20.56,40.07,No
CUST-13653,Male,0,No,No,4,No,Fiber optic,Yes,No,Month-to-month,Yes,Electronic check,102.91,401.55,Yes
CUST-13654,Male,0,No,No,8,Yes,DSL,No internet service,No internet service,Month-to-month,Yes,Mailed check,44.86,373.41,No
CUST-13655,Female,0,Yes,No,11,Yes,No,No,No,Month-to-month,Yes,Electronic check,32.97,355.67,Yes
CUST-13656,Male,1,No,No,58,Yes,Fiber optic,No internet service,No internet service,One year,No,Credit card (automatic),86.82,4887.02,Yes
CUST-13657,Female,0,No,No,19,Yes,DSL,Yes,No,Month-to-month,No,Mailed check,53.67,987.88,No
CUST-13658,Female,0,Yes,No,22,Yes,Fiber optic,Yes,No internet service,One year,Yes,Credit card (automatic),102.71,2050.14,No
CUST-13659,Male,0,No,No,20,Yes,Fiber optic,No internet service,Yes,Two year,Yes,Bank transfer (automatic),77.08,1425.83,No
CUST-13660,Male,0,Yes,No,47,Yes,No,No internet service,No,Month-to-month,No,Credit card (automatic),18.0,815.56,No
CUST-13661,Female,0,No,Yes,8,No,Fiber optic,No internet service,Yes,Two year,No,Mailed check,95.73,755.15,No
CUST-13662,Female,0,Yes,No,13,Yes,DSL,No,No,Two year,No,Mailed check,65.76,835.7,No
CUST-13663,Female,0,Yes,No,31,Yes,Fiber optic,Yes,Yes,Two year,Yes,Electronic check,98.94,2903.71,No
CUST-13664,Male,0,Yes,No,30,Yes,Fiber optic,No,No internet service,Month-to-month,Yes,Electronic check,112.3,3215.88,No
CUST-13665,Female,0,Yes,Yes,3,No,DSL,Yes,No,Month-to-month,Yes,Mailed check,55.0,161.88,No
CUST-13666,Female,0,No,No,18,Yes,DSL,No,No,Two year,Yes,Credit card (automatic),32.98,584.48,No
CUST-13667,Female,0,No,No,1,Yes,Fiber optic,No internet service,No,One year,No,Credit card (automatic),91.27,92.62,Yes
CUST-13668,Male,0,Yes,No,11,Yes,Fiber optic,Yes,Yes,Month-to-month,Yes,Credit card (automatic),76.72,880.67,No
CUST-13669,Male,0,No,No,8,Yes,DSL,No internet service,Yes,One year,No,Electronic check,43.33,360.6,Yes
CUST-13670,Male,0,No,No,0,Yes,Fiber optic,No,No,Month-to-month,Yes,Electronic check,90.68,,Yes
CUST-13671,Male,0,Yes,Yes,2,Yes,Fiber optic,No,Yes,Month-to-month,Yes,Credit card (automatic),82.95,151.16,Yes
CUST-13672,Male,0,Yes,Yes,33,Yes,DSL,No,No internet service,Two year,Yes,Mailed check,68.87,2254.16,No
CUST-13673,Male,0,No,Yes,4,No,Fiber optic,Yes,No,One year,Yes,Mailed check,77.01,278.02,No
CUST-13674,Female,0,Yes,Yes,61,Yes,Fiber optic,No internet service,No,Month-to-month,Yes,Electronic check,63.28,3553.43,No
CUST-13675,Male,0,No,No,24,Yes,No,No,No internet service,Month-to-month,Yes,Electronic check,27.89,609.72,No
CUST-13676,Female,0,No,Yes,64,Yes,DSL,No,No,One year,Yes,Bank transfer (automatic),56.34,3484.43,No
CUST-13677,Female,1,No,No,38,Yes,Fiber optic,No,No,Month-to-month,Yes,Mailed check,65.31,2381.95,No
CUST-13678,Female,0,No,No,7,Yes,Fiber optic,No,No,Month-to-month,No,Bank transfer (automatic),71.75,478.11,Yes
CUST-13679,Male,0,Yes,Yes,57,Yes,DSL,No internet service,No,Two year,Yes,Credit card (automatic),42.68,2489.27,No
CUST-13680,Male,1,No,Yes,20,Yes,DSL,Yes,No,Month-to-month,No,Bank transfer (automatic),62.92,1227.35,No
CUST-13681,Male,0,No,No,22,No,DSL,Yes,No internet service,Month-to-month,Yes,Electronic check,64.7,1322.93,No
CUST-13682,Male,0,Yes,No,9,Yes,Fiber optic,Yes,Yes,Month-to-month,No,Credit card (automatic),109.69,1029.2,Yes
CUST-13683,Female,0,Yes,No,15,Yes,No,No,No,Month-to-month,Yes,Electronic check,18.96,275.82,No
CUST-13684,Male,0,No,Yes,27,Yes,Fiber optic,No internet service,No,Two year,Yes,Mailed check,59.48,1684.07,No
CUST-13685,Male,1,No,No,7,Yes,DSL,No internet service,No,One year,Yes,Electronic check,49.78,357.4,No
CUST-13686,Male,0,Yes,Yes,4,No,Fiber optic,Yes,Yes,Month-to-month,Yes,Bank transfer (automatic),53.48,223.54,No
CUST-13687,Female,0,Yes,Yes,10,No,No,No,No,Two year,Yes,Bank transfer (automatic),23.55,244.24,No
CUST-13688,Male,0,Yes,No,49,Yes,DSL,No internet service,No,Month-to-month,Yes,Bank transfer (automatic),70.26,3364.49,No
CUST-13689,Male,1,Yes,No,18,Yes,No,No internet service,No,Two year,No,Electronic check,18.0,300.36,No
CUST-13690,Male,0,No,No,2,Yes,Fiber optic,No,No internet service,Two year,Yes,Electronic check,86.04,170.68,Yes
CUST-13691,Female,0,No,No,72,Yes,No,No internet service,Yes,One year,Yes,Mailed check,25.72,1864.4,No
CUST-13692,Female,0,Yes,No,4,Yes,Fiber optic,No internet service,No,Month-to-month,Yes,Credit card (automatic),91.47,349.88,Yes
CUST-13693,Male,0,No,Yes,12,Yes,Fiber optic,Yes,No,Month-to-month,Yes,Credit card (automatic),91.88,1004.52,No
CUST-13694,Female,0,Yes,Yes,14,Yes,Fiber optic,No,No internet service,Month-to-month,Yes,Bank transfer (automatic),67.37,914.92,No
CUST-13695,Female,0,Yes,No,8,Yes,No,No,No,Month-to-month,Yes,Mailed check,29.7,218.68,Yes
CUST-13696,Female,0,No,No,28,Yes,DSL,No,Yes,Two year,Yes,Credit card (automatic),56.25,1576.51,No
CUST-13697,Female,0,Yes,No,15,Yes,DSL,No,No,Month-to-month,Yes,Mailed check,69.22,1066.44,No
CUST-13698,Male,0,No,No,4,Yes,DSL,Yes,No internet service,Two year,Yes,Electronic check,59.48,223.45,No
CUST-13699,Male,1,No,No,6,Yes,Fiber optic,Yes,No,Month-to-month,No,Mailed check,78.53,494.26,Yes
CUST-13700,Male,1,Yes,Yes,63,Yes,No,No,No internet service,Month-to-month,Yes,Mailed check,30.23,1887.07,No
CUST-13701,Female,0,Yes,No,6,Yes,DSL,Yes,No,Month-to-month,Yes,Mailed check,71.7,400.54,No
CUST-13702,Male,0,No,No,7,Yes,Fiber optic,No internet service,No,One year,No,Bank transfer (automatic),86.52,588.55,No
CUST-13703,Male,0,Yes,No,44,Yes,DSL,Yes,No,Month-to-month,Yes,Bank transfer (automatic),38.99,1552.94,No
CUST-13704,Female,0,Yes,No,17,Yes,DSL,Yes,Yes,Month-to-month,Yes,Bank transfer (automatic),67.98,1080.72,Yes
CUST-13705,Male,0,No,No,10,Yes,DSL,Yes,No,Two year,No,Bank transfer (automatic),49.29,516.7,No
CUST-13706,Female,0,Yes,No,13,Yes,Fiber optic,No internet service,No,Month-to-month,Yes,Mailed check,75.13,993.59,Yes
CUST-13707,Male,0,Yes,No,28,No,DSL,No,Yes,Two year,Yes,Electronic check,57.81,1546.65,No
CUST-13708,Female,0,Yes,No,6,Yes,Fiber optic,No internet service,No internet service,One year,No,Credit card (automatic),84.9,517.11,No
CUST-13709,Male,0,No,No,12,Yes,Fiber optic,No,No,Month-to-month,Yes,Bank transfer (automatic),90.02,989.49,No
CUST-13710,Male,0,No,Yes,38,Yes,No,No,No internet service,Month-to-month,No,Credit card (automatic),27.71,1084.88,Yes
CUST-13711,Male,0,No,No,14,Yes,Fiber optic,No,No,One year,Yes,Electronic check,118.7,1521.44,Yes
CUST-13712,Male,0,No,No,43,Yes,Fiber optic,No,No,Month-to-month,Yes,Mailed check,95.01,3935.31,Yes
CUST-13713,Male,0,No,No,11,Yes,Fiber optic,No,No,Month-to-month,No,Mailed check,83.16,868.83,Yes
CUST-13714,Female,0,No,Yes,8,Yes,Fiber optic,No,No,Month-to-month,Yes,Electronic check,63.25,462.46,Yes
CUST-13715,Male,0,No,No,8,Yes,No,No,Yes,Month-to-month,No,Credit card (automatic),25.52,198.76,No
CUST-13716,Male,1,No,No,25,Yes,Fiber optic,No,Yes,Two year,Yes,Mailed check,102.24,2306.28,No
CUST-13717,Female,0,Yes,No,29,Yes,DSL,No,No internet service,Two year,Yes,Bank transfer (automatic),50.24,1409.03,No
CUST-13718,Male,0,No,Yes,72,Yes,No,No internet service,No,Month-to-month,Yes,Bank transfer (automatic),18.0,1170.5,Yes
CUST-13719,Male,0,No,Yes,49,Yes,Fiber optic,No internet service,No,Month-to-month,Yes,Mailed check,84.62,4184.41,No
CUST-13720,Female,1,Yes,No,63,Yes,Fiber optic,No,No internet service,Month-to-month,Yes,Bank transfer (automatic),87.28,5347.84,No
CUST-13721,Female,0,No,No,6,Yes,Fiber optic,No,Yes,Month-to-month,Yes,Bank transfer (automatic),101.71,552.76,Yes
CUST-13722,Male,0,Yes,Yes,4,Yes,Fiber optic,No,No internet service,Month-to-month,No,Electronic check,91.25,369.9,No
CUST-13723,Male,0,Yes,No,8,Yes,DSL,Yes,No,Two year,Yes,Bank transfer (automatic),67.39,486.45,No
CUST-13724,Male,1,Yes,No,31,Yes,No,No internet service,Yes,One year,Yes,Electronic check,18.0,516.76,No
CUST-13725,Female,1,No,No,52,Yes,DSL,No,No,Month-to-month,Yes,Mailed check,41.91,2231.89,No
CUST-13726,Female,0,Yes,No,10,Yes,DSL,No,No internet service,Two year,Yes,Mailed check,46.69,455.41,No
CUST-13727,Female,0,No,Yes,20,Yes,Fiber optic,Yes,Yes,Two year,Yes,Credit card (automatic),85.19,1727.61,No
CUST-13728,Female,1,Yes,No,2,Yes,Fiber optic,Yes,No,Month-to-month,Yes,Electronic check,66.7,138.47,Yes
CUST-13729,Female,0,No,Yes,1,Yes,DSL,Yes,No,Month-to-month,Yes,Mailed check,42.73,41.83,No
CUST-13730,Male,0,No,No,12,Yes,DSL,No internet service,Yes,Month-to-month,No,Mailed check,60.86,679.29,No
CUST-13731,Female,0,Yes,Yes,24,Yes,No,No,No,Month-to-month,Yes,Mailed check,30.91,749.44,Yes
CUST-13732,Male,0,No,No,24,Yes,No,No,Yes,One year,Yes,Credit card (automatic),26.33,635.27,No
CUST-13733,Male,0,Yes,No,0,Yes,Fiber optic,No,No,Month-to-month,No,Mailed check,120.0,,Yes
CUST-13734,Male,0,Yes,No,8,Yes,DSL,No,No,Month-to-month,Yes,Mailed check,52.92,400.07,Yes
CUST-13735,Male,0,No,No,30,Yes,Fiber optic,Yes,No internet service,Month-to-month,Yes,Bank transfer (automatic),80.05,2215.59,No
CUST-13736,Female,0,No,No,24,Yes,DSL,Yes,No,Month-to-month,No,Mailed check,68.82,1554.41,Yes
CUST-13737,Male,0,No,Yes,0,Yes,Fiber optic,Yes,No internet service,One year,Yes,Electronic check,91.24,,No
CUST-13738,Male,0,No,Yes,41,Yes,Fiber optic,Yes,No,Two year,No,Credit card (automatic),69.59,2812.03,No
CUST-13739,Male,0,Yes,No,31,Yes,No,Yes,Yes,Two year,Yes,Mailed check,18.0,517.24,No
CUST-13740,Female,0,Yes,Yes,30,Yes,Fiber optic,Yes,No,Month-to-month,No,Mailed check,55.2,1734.97,No
CUST-13741,Female,0,No,No,10,Yes,DSL,Yes,Yes,Month-to-month,No,Mailed check,44.85,460.13,No
CUST-13742,Male,0,Yes,No,21,Yes,Fiber optic,No internet service,No,Month-to-month,Yes,Electronic check,89.53,1938.65,Yes
CUST-13743,Female,0,Yes,No,15,No,No,No,Yes,Month-to-month,No,Electronic check,20.99,301.53,No
CUST-13744,Male,1,Yes,No,4,Yes,No,No,No,One year,Yes,Mailed check,23.98,98.39,No
CUST-13745,Male,0,Yes,No,6,Yes,DSL,Yes,No internet service,Month-to-month,Yes,Bank transfer (automatic),59.18,323.98,Yes
CUST-13746,Female,0,Yes,No,32,Yes,DSL,No,No,One year,No,Mailed check,38.05,1211.23,No
CUST-13747,Female,0,Yes,No,38,Yes,No,No,No,Two year,Yes,Credit card (automatic),18.0,690.51,No
CUST-13748,Male,0,No,Yes,72,Yes,DSL,No,Yes,Two year,No,Electronic check,79.43,5333.62,No
CUST-13749,Female,0,Yes,Yes,21,Yes,DSL,Yes,No,Month-to-month,No,Credit card (automatic),53.61,1053.33,No
CUST-13750,Female,0,No,Yes,72,Yes,Fiber optic,No internet service,Yes,Month-to-month,Yes,Electronic check,89.32,6607.48,No
CUST-13751,Female,1,No,No,12,Yes,Fiber optic,No internet service,Yes,Month-to-month,Yes,Mailed check,87.09,972.85,Yes
CUST-13752,Female,0,Yes,No,19,Yes,Fiber optic,No internet service,Yes,Month-to-month,Yes,Electronic check,97.32,1861.44,No
CUST-13753,Male,0,Yes,Yes,1,Yes,No,Yes,No,One year,No,Electronic check,18.0,18.89,No
CUST-13754,Male,0,Yes,No,28,Yes,DSL,No,No,Month-to-month,No,Bank transfer (automatic),55.46,1426.43,No
CUST-13755,Male,0,No,No,52,Yes,DSL,Yes,No internet service,Month-to-month,No,Credit card (automatic),52.92,2652.57,No
CUST-13756,Male,0,No,No,8,Yes,Fiber optic,Yes,No,Month-to-month,Yes,Electronic check,71.42,568.47,No
CUST-13757,Male,0,Yes,No,56,Yes,No,No,No,Two year,Yes,Bank transfer (automatic),18.0,1056.78,No
CUST-13758,Male,0,No,No,21,Yes,DSL,No internet service,No,Month-to-month,Yes,Mailed check,58.6,1287.74,Yes
CUST-13759,Male,0,No,No,21,Yes,Fiber optic,No,No,Month-to-month,Yes,Electronic check,77.02,1627.39,Yes
CUST-13760,Female,0,No,No,17,Yes,Fiber optic,No,No,Month-to-month,Yes,Bank transfer (automatic),93.2,1649.65,No
CUST-13761,Male,0,Yes,No,72,Yes,Fiber optic,No internet service,Yes,Two year,Yes,Credit card (automatic),85.84,5801.4,Yes
CUST-13762,Female,0,Yes,No,12,Yes,DSL,Yes,No internet service,One year,Yes,Credit card (automatic),40.37,450.19,No
CUST-13763,Male,0,No,Yes,25,Yes,DSL,No,Yes,One year,No,Mailed check,35.2,858.21,No
CUST-13764,Female,1,No,Yes,13,Yes,DSL,No,No internet service,One year,Yes,Bank transfer (automatic),45.54,550.03,No
CUST-13765,Female,0,Yes,No,43,Yes,DSL,No,No,Two year,Yes,Electronic check,78.96,3348.31,No
CUST-13766,Female,0,Yes,Yes,10,Yes,DSL,No internet service,No,One year,No,Mailed check,67.83,615.41,No
CUST-13767,Male,1,Yes,No,7,Yes,DSL,Yes,No internet service,Two year,Yes,Mailed check,50.4,359.88,No
CUST-13768,Female,0,No,Yes,0,Yes,DSL,No internet service,No,Month-to-month,Yes,Bank transfer (automatic),59.44,,Yes
CUST-13769,Male,0,No,No,11,No,Fiber optic,No internet service,No internet service,Month-to-month,Yes,Electronic check,114.77,1160.66,No
CUST-13770,Female,0,Yes,No,1,Yes,Fiber optic,Yes,No internet service,Month-to-month,Yes,Electronic check,80.45,73.4,Yes
CUST-13771,Female,0,No,Yes,5,Yes,No,Yes,No,Month-to-month,No,Mailed check,22.34,103.58,No
CUST-13772,Female,0,No,No,1,Yes,No,No internet service,No,Two year,No,Electronic check,22.2,20.34,No
CUST-13773,Female,1,No,No,31,Yes,DSL,No,No,Month-to-month,Yes,Credit card (automatic),55.55,1592.62,Yes
CUST-13774,Female,0,Yes,No,36,Yes,Fiber optic,No,No,Month-to-month,No,Bank transfer (automatic),90.53,3246.4,Yes
CUST-13775,Male,1,No,Yes,5,Yes,Fiber optic,No,No internet service,Two year,Yes,Electronic check,105.1,528.94,No
CUST-13776,Male,0,Yes,No,6,No,DSL,No internet service,Yes,Month-to-month,Yes,Electronic check,57.25,343.86,Yes
CUST-13777,Male,1,No,Yes,24,Yes,Fiber optic,No internet service,No internet service,Two year,Yes,Electronic check,92.01,2281.27,No
CUST-13778,Female,0,No,No,12,Yes,Fiber optic,Yes,No internet service,One year,Yes,Electronic check,98.51,1171.33,No
CUST-13779,Female,0,Yes,Yes,44,Yes,DSL,No,Yes,Month-to-month,Yes,Bank transfer (automatic),75.9,3019.71,Yes
CUST-13780,Female,0,No,No,20,Yes,No,Yes,No,One year,No,Credit card (automatic),35.47,742.78,Yes
CUST-13781,Male,0,Yes,Yes,38,Yes,Fiber optic,Yes,No,Two year,No,Electronic check,93.69,3393.28,No
CUST-13782,Female,0,No,Yes,11,Yes,Fiber optic,No,No,Month-to-month,Yes,Mailed check,65.43,660.16,Yes
CUST-13783,Female,0,No,Yes,67,Yes,Fiber optic,Yes,Yes,Month-to-month,No,Electronic check,106.31,6877.95,Yes
CUST-13784,Male,0,No,Yes,42,Yes,No,No,No,Month-to-month,No,Electronic check,35.87,1546.32,No
CUST-13785,Male,0,No,Yes,0,Yes,Fiber optic,Yes,No internet service,Month-to-month,Yes,Electronic check,73.56,,Yes
CUST-13786,Male,1,No,No,8,Yes,DSL,No internet service,Yes,Two year,No,Bank transfer (automatic),64.45,466.42,No
CUST-13787,Female,0,Yes,Yes,9,Yes,Fiber optic,Yes,No,Two year,Yes,Credit card (automatic),90.17,756.18,No
CUST-13788,Male,0,No,No,20,Yes,No,No,No,Month-to-month,Yes,Credit card (automatic),21.76,447.21,Yes
CUST-13789,Male,0,No,Yes,4,Yes,No,No,No internet service,Month-to-month,Yes,Mailed check,31.25,124.54,No
CUST-13790,Male,1,No,No,5,Yes,Fiber optic,No,No internet service,Month-to-month,Yes,Mailed check,61.27,302.24,No
CUST-13791,Female,0,Yes,No,0,Yes,DSL,No,No,Month-to-month,Yes,Electronic check,59.54,,No
CUST-13792,Male,0,Yes,Yes,1,Yes,Fiber optic,No internet service,No,Month-to-month,Yes,Electronic check,90.92,89.76,No
CUST-13793,Male,0,No,No,46,Yes,No,Yes,No,Two year,Yes,Bank transfer (automatic),22.99,1046.43,No
CUST-13794,Male,0,Yes,No,17,Yes,No,No,Yes,Two year,Yes,Bank transfer (automatic),20.14,347.56,No
CUST-13795,Female,0,No,No,10,Yes,Fiber optic,No,No,Two year,No,Bank transfer (automatic),79.46,824.88,No
CUST-13796,Female,0,No,No,57,Yes,Fiber optic,No,No internet service,Month-to-month,Yes,Electronic check,82.78,4670.6,No
CUST-13797,Male,0,Yes,Yes,25,Yes,DSL,No internet service,Yes,Two year,Yes,Credit card (automatic),45.22,1150.26,No
CUST-13798,Female,0,Yes,No,1,Yes,DSL,No,No,Month-to-month,Yes,Bank transfer (automatic),47.17,42.77,No
CUST-13799,Male,1,Yes,No,13,Yes,Fiber optic,No internet service,Yes,One year,Yes,Bank transfer (automatic),82.54,1031.67,No
CUST-13800,Female,0,No,No,4,No,DSL,No internet service,Yes,Two year,No,Electronic check,58.9,225.71,No
CUST-13801,Female,1,No,Yes,9,Yes,No,No internet service,No,Month-to-month,No,Bank transfer (automatic),18.0,168.64,No
CUST-13802,Female,0,Yes,No,17,Yes,No,No internet service,No,Month-to-month,Yes,Mailed check,38.34,643.54,No
CUST-13803,Male,0,No,Yes,27,Yes,DSL,Yes,Yes,Month-to-month,No,Mailed check,52.7,1451.72,No
CUST-13804,Female,0,No,No,10,No,DSL,No internet service,Yes,Two year,No,Electronic check,46.56,427.75,No
CUST-13805,Female,0,Yes,No,41,Yes,No,No internet service,No,Two year,Yes,Credit card (automatic),20.87,896.68,No
CUST-13806,Female,0,Yes,No,10,Yes,DSL,No,Yes,Two year,No,Electronic check,59.38,583.03,No
CUST-13807,Female,1,Yes,Yes,32,Yes,No,No internet service,No,One year,No,Electronic check,18.0,589.48,Yes
CUST-13808,Female,0,Yes,No,13,No,No,No internet service,No,Month-to-month,Yes,Credit card (automatic),18.0,222.89,Yes
CUST-13809,Male,1,Yes,No,3,No,DSL,No internet service,Yes,Month-to-month,No,Electronic check,46.38,142.55,No
CUST-13810,Male,1,No,No,21,Yes,DSL,No internet service,Yes,Month-to-month,Yes,Bank transfer (automatic),48.85,995.2,No
CUST-13811,Male,1,No,No,18,Yes,Fiber optic,Yes,No,Two year,Yes,Bank transfer (automatic),95.21,1723.81,No
CUST-13812,Male,0,No,No,16,Yes,No,No,No,One year,No,Electronic check,18.0,278.31,No
CUST-13813,Male,0,No,No,8,Yes,No,No,No,Month-to-month,No,Electronic check,27.89,227.02,No
CUST-13814,Female,0,No,No,12,No,Fiber optic,No,No internet service,Month-to-month,Yes,Electronic check,71.54,818.93,No
CUST-13815,Male,0,Yes,Yes,3,Yes,Fiber optic,No,No internet service,Month-to-month,Yes,Electronic check,106.06,329.38,Yes
CUST-13816,Female,0,Yes,No,56,Yes,No,No internet service,No,One year,No,Bank transfer (automatic),25.62,1438.08,No
CUST-13817,Female,0,Yes,No,42,Yes,No,No,Yes,Month-to-month,Yes,Electronic check,19.41,832.26,No
CUST-13818,Male,1,Yes,No,38,Yes,Fiber optic,Yes,No internet service,Month-to-month,No,Electronic check,99.72,3460.36,No
CUST-13819,Male,1,Yes,No,9,Yes,DSL,No internet service,No,Month-to-month,No,Electronic check,68.59,557.36,No
CUST-13820,Male,0,No,No,6,Yes,DSL,No internet service,No,Month-to-month,Yes,Bank transfer (automatic),36.28,220.2,No
CUST-13821,Female,0,Yes,No,7,Yes,No,No,No internet service,Month-to-month,Yes,Bank transfer (automatic),18.0,118.85,No
CUST-13822,Male,0,Yes,No,3,Yes,No,No,Yes,One year,Yes,Electronic check,23.99,73.26,No
CUST-13823,Female,0,No,No,30,No,Fiber optic,No,No,Two year,Yes,Electronic check,60.54,1734.17,No
CUST-13824,Male,0,Yes,No,18,Yes,DSL,No,No,Month-to-month,Yes,Bank transfer (automatic),46.41,771.07,No
CUST-13825,Female,0,Yes,No,33,Yes,Fiber optic,Yes,No internet service,Two year,Yes,Credit card (automatic),92.25,2951.46,No
CUST-13826,Male,0,No,No,30,Yes,DSL,No internet service,No,Month-to-month,Yes,Electronic check,63.17,1755.15,Yes
CUST-13827,Male,0,No,No,21,Yes,No,Yes,Yes,Month-to-month,No,Electronic check,30.48,671.84,No
CUST-13828,Male,0,No,No,9,No,Fiber optic,Yes,No,Month-to-month,Yes,Credit card (automatic),66.7,618.65,Yes
CUST-13829,Female,0,No,No,0,Yes,Fiber optic,No,No,Month-to-month,Yes,Bank transfer (automatic),70.57,,Yes
CUST-13830,Female,0,Yes,No,4,Yes,Fiber optic,No,No,Month-to-month,Yes,Credit card (automatic),62.59,225.64,Yes
CUST-13831,Male,0,Yes,Yes,27,Yes,DSL,No,Yes,Two year,Yes,Credit card (automatic),26.33,702.35,No
CUST-13832,Female,0,No,No,1,Yes,Fiber optic,No,No internet service,Two year,Yes,Mailed check,90.64,86.89,No
CUST-13833,Male,0,Yes,No,46,No,DSL,No,Yes,Month-to-month,Yes,Bank transfer (automatic),68.34,2939.84,No
CUST-13834,Male,0,No,No,45,No,Fiber optic,Yes,No,Two year,Yes,Mailed check,90.71,3989.82,No
CUST-13835,Female,0,Yes,Yes,14,Yes,No,No,Yes,Month-to-month,Yes,Electronic check,19.19,243.82,No
CUST-13836,Male,0,Yes,No,23,Yes,Fiber optic,Yes,No,One year,Yes,Bank transfer (automatic),80.77,1885.35,No
CUST-13837,Female,1,Yes,No,48,Yes,No,No,No internet service,Two year,Yes,Electronic check,23.95,1080.35,No
CUST-13838,Female,0,Yes,No,12,Yes,No,Yes,No,One year,Yes,Electronic check,29.59,351.23,No
CUST-13839,Female,0,No,Yes,29,Yes,DSL,Yes,Yes,Two year,No,Bank transfer (automatic),49.13,1482.28,No
CUST-13840,Male,0,Yes,No,22,Yes,Fiber optic,No,No,Month-to-month,No,Mailed check,92.45,1978.29,No
CUST-13841,Female,0,No,No,10,Yes,Fiber optic,No,No,One year,No,Mailed check,83.45,812.04,No
CUST-13842,Female,0,Yes,No,12,Yes,No,No,Yes,Two year,Yes,Bank transfer (automatic),18.0,202.92,No
CUST-13843,Male,1,No,No,55,No,Fiber optic,No,No,Two year,Yes,Mailed check,71.45,3664.06,No
CUST-13844,Male,0,Yes,No,48,Yes,Fiber optic,Yes,Yes,Month-to-month,Yes,Mailed check,91.55,4251.7,Yes
CUST-13845,Female,1,No,No,19,Yes,Fiber optic,No,No,Two year,Yes,Electronic check,79.39,1510.3,No
CUST-13846,Female,0,No,No,7,Yes,Fiber optic,No,No,Two year,Yes,Mailed check,61.92,424.91,Yes
CUST-13847,Male,0,Yes,Yes,24,Yes,DSL,Yes,No,Month-to-month,Yes,Bank transfer (automatic),33.62,785.11,No
CUST-13848,Female,0,Yes,No,17,Yes,Fiber optic,Yes,No,One year,Yes,Bank transfer (automatic),107.98,1866.2,No
CUST-13849,Male,0,Yes,Yes,7,Yes,Fiber optic,No,No internet service,Month-to-month,Yes,Electronic check,83.45,530.74,Yes
CUST-13850,Male,0,Yes,No,68,Yes,Fiber optic,Yes,No,One year,No,Mailed check,78.01,5380.79,No
CUST-13851,Male,1,No,Yes,54,Yes,Fiber optic,No,No,Month-to-month,Yes,Credit card (automatic),97.9,5440.45,Yes
CUST-13852,Female,0,No,Yes,2,Yes,DSL,Yes,No,Month-to-month,Yes,Electronic check,45.9,93.54,No
CUST-13853,Female,0,No,No,28,No,DSL,No,No,Month-to-month,Yes,Electronic check,60.93,1651.26,Yes
CUST-13854,Male,0,No,No,18,Yes,Fiber optic,No,No,Month-to-month,No,Electronic check,88.35,1627.9,Yes
CUST-13855,Male,0,Yes,No,31,Yes,DSL,Yes,No internet service,Month-to-month,Yes,Electronic check,43.78,1353.14,No
CUST-13856,Male,0,Yes,No,56,Yes,Fiber optic,No,No internet service,Month-to-month,Yes,Credit card (automatic),67.36,3510.38,No
CUST-13857,Male,1,Yes,No,2,Yes,Fiber optic,No internet service,Yes,Month-to-month,No,Credit card (automatic),81.03,168.0,No
CUST-13858,Male,1,Yes,Yes,26,Yes,Fiber optic,No internet service,No,Month-to-month,Yes,Bank transfer (automatic),73.51,1919.96,Yes
CUST-13859,Female,1,Yes,No,4,Yes,Fiber optic,Yes,No,Month-to-month,No,Bank transfer (automatic),68.67,266.07,No
CUST-13860,Female,0,No,Yes,7,Yes,No,Yes,No internet service,One year,No,Electronic check,22.84,151.12,No
CUST-13861,Male,0,Yes,No,59,Yes,No,No,No,Month-to-month,Yes,Electronic check,18.69,1087.25,No
CUST-13862,Female,0,Yes,Yes,2,Yes,Fiber optic,No,No,Month-to-month,Yes,Bank transfer (automatic),72.96,131.51,No
CUST-13863,Male,0,No,No,7,Yes,Fiber optic,Yes,Yes,One year,Yes,Bank transfer (automatic),85.3,600.29,No
CUST-13864,Female,0,No,No,72,Yes,DSL,No,Yes,Month-to-month,Yes,Electronic check,60.14,4533.12,No
CUST-13865,Female,0,Yes,Yes,26,Yes,Fiber optic,Yes,No,Two year,Yes,Electronic check,99.56,2425.93,No
CUST-13866,Male,1,No,Yes,7,No,DSL,No,No,One year,Yes,Bank transfer (automatic),63.71,462.13,No
CUST-13867,Male,0,Yes,No,17,Yes,DSL,Yes,Yes,Month-to-month,Yes,Credit card (automatic),66.09,1114.13,No
CUST-13868,Female,0,No,No,5,Yes,DSL,No,Yes,Month-to-month,Yes,Electronic check,64.28,316.17,No
CUST-13869,Male,1,No,No,10,Yes,No,No internet service,Yes,Month-to-month,No,Mailed check,18.0,171.01,No
CUST-13870,Male,0,No,No,4,No,DSL,Yes,No internet service,Month-to-month,No,Mailed check,57.95,238.26,Yes
CUST-13871,Female,0,No,No,44,Yes,DSL,No internet service,Yes,One year,Yes,Bank transfer (automatic),45.33,1878.18,No
CUST-13872,Female,0,Yes,Yes,28,Yes,Fiber optic,No,No,One year,No,Bank transfer (automatic),84.68,2183.41,No
CUST-13873,Female,0,No,Yes,9,Yes,DSL,No,No internet service,Two year,No,Bank transfer (automatic),60.68,495.32,No
CUST-13874,Female,0,No,No,29,Yes,DSL,No,No internet service,Month-to-month,Yes,Bank transfer (automatic),72.51,1951.14,No
CUST-13875,Male,0,Yes,No,28,Yes,No,Yes,No internet service,Two year,No,Mailed check,18.0,513.53,No
CUST-13876,Female,0,No,Yes,17,Yes,DSL,No,No,Month-to-month,Yes,Electronic check,46.79,830.38,Yes
CUST-13877,Female,0,Yes,Yes,2,Yes,No,Yes,No,One year,No,Bank transfer (automatic),24.28,49.52,No
CUST-13878,Female,0,Yes,Yes,9,Yes,DSL,Yes,No,Month-to-month,No,Bank transfer (automatic),65.3,580.73,No
CUST-13879,Male,0,Yes,No,30,Yes,DSL,Yes,No,Two year,No,Electronic check,44.67,1393.79,No
CUST-13880,Male,1,No,Yes,28,Yes,Fiber optic,Yes,No,Month-to-month,Yes,Electronic check,94.7,2524.08,No
CUST-13881,Female,1,No,Yes,0,Yes,DSL,Yes,Yes,Month-to-month,Yes,Mailed check,56.79,,No
CUST-13882,Female,0,Yes,No,2,Yes,Fiber optic,No,No,One year,Yes,Mailed check,120.0,238.36,No
CUST-13883,Male,0,Yes,Yes,62,Yes,DSL,No internet service,No,Two year,Yes,Electronic check,55.44,3473.43,No
CUST-13884,Male,0,No,No,51,Yes,Fiber optic,No,No,Month-to-month,Yes,Electronic check,110.36,5897.67,Yes
CUST-13885,Female,0,Yes,No,47,Yes,Fiber optic,No internet service,No,Month-to-month,No,Electronic check,94.47,4607.96,No
CUST-13886,Male,0,No,No,67,Yes,Fiber optic,No internet service,Yes,Month-to-month,No,Electronic check,103.79,6646.25,No
CUST-13887,Male,0,No,Yes,8,Yes,Fiber optic,No,No internet service,Two year,Yes,Mailed check,81.29,632.57,No
CUST-13888,Male,0,No,Yes,8,Yes,Fiber optic,Yes,Yes,Month-to-month,Yes,Electronic check,101.02,738.82,Yes
CUST-13889,Male,0,No,No,7,Yes,No,No,Yes,Month-to-month,Yes,Electronic check,23.06,145.75,Yes
CUST-13890,Female,0,No,Yes,4,Yes,No,No,No,Two year,No,Electronic check,25.53,107.05,No
CUST-13891,Female,0,No,No,7,Yes,DSL,No internet service,No,Month-to-month,No,Credit card (automatic),47.91,342.53,No
CUST-13892,Female,0,Yes,Yes,12,Yes,DSL,No,No,One year,No,Electronic check,41.35,492.48,No
CUST-13893,Female,0,No,No,64,No,Fiber optic,Yes,Yes,Month-to-month,Yes,Bank transfer (automatic),120.0,7212.26,Yes
CUST-13894,Female,0,No,Yes,1,Yes,DSL,Yes,No,Two year,No,Bank transfer (automatic),32.14,29.06,No
CUST-13895,Male,0,No,No,22,Yes,No,Yes,No,Month-to-month,Yes,Bank transfer (automatic),18.71,371.03,Yes
CUST-13896,Female,0,No,Yes,7,Yes,DSL,No internet service,Yes,Month-to-month,No,Credit card (automatic),40.87,282.39,Yes
CUST-13897,Female,0,No,No,42,Yes,Fiber optic,No,No,Month-to-month,Yes,Credit card (automatic),93.89,3823.83,No
CUST-13898,Female,0,Yes,Yes,10,Yes,Fiber optic,Yes,No,Two year,Yes,Electronic check,92.63,902.78,No
CUST-13899,Female,0,Yes,Yes,72,Yes,DSL,Yes,No internet service,Month-to-month,No,Electronic check,53.57,3841.25,No
CUST-13900,Female,0,No,Yes,10,Yes,Fiber optic,No,No,Two year,No,Electronic check,79.61,814.37,No
CUST-13901,Male,0,Yes,No,54,Yes,Fiber optic,No,No,One year,No,Electronic check,78.19,3985.28,No
CUST-13902,Female,0,Yes,No,22,Yes,DSL,No,Yes,One year,No,Mailed check,58.39,1199.26,No
CUST-13903,Male,0,Yes,No,23,Yes,DSL,No,No,Month-to-month,Yes,Mailed check,41.8,920.12,No
CUST-13904,Female,1,Yes,No,30,Yes,Fiber optic,No,No internet service,Two year,Yes,Electronic check,94.56,2776.46,No
CUST-13905,Male,0,No,Yes,8,Yes,DSL,No,Yes,Month-to-month,Yes,Mailed check,53.49,405.95,Yes
CUST-13906,Male,0,No,No,21,Yes,Fiber optic,Yes,No,Month-to-month,Yes,Bank transfer (automatic),60.2,1219.76,Yes
CUST-13907,Female,0,Yes,Yes,9,Yes,Fiber optic,Yes,No,Month-to-month,Yes,Electronic check,63.86,590.66,No
CUST-13908,Male,0,No,No,17,Yes,Fiber optic,No internet service,No,Two year,Yes,Mailed check,81.21,1381.73,No
CUST-13909,Male,0,Yes,Yes,20,Yes,No,No,Yes,Month-to-month,Yes,Mailed check,21.08,381.02,No
CUST-13910,Female,0,Yes,No,72,Yes,DSL,No,No,Month-to-month,Yes,Electronic check,84.6,6081.45,Yes
CUST-13911,Male,1,No,Yes,4,Yes,DSL,No internet service,Yes,Month-to-month,Yes,Bank transfer (automatic),48.37,200.95,No
CUST-13912,Male,0,Yes,No,46,Yes,No,No,No internet service,Month-to-month,Yes,Electronic check,29.38,1290.97,No
CUST-13913,Female,0,No,No,1,Yes,DSL,No,No,Month-to-month,No,Electronic check,52.99,53.61,Yes
CUST-13914,Male,0,No,No,8,Yes,No,No internet service,Yes,Month-to-month,Yes,Electronic check,26.75,221.44,Yes
CUST-13915,Female,1,Yes,No,13,No,Fiber optic,Yes,No,Month-to-month,Yes,Electronic check,66.17,902.82,No
CUST-13916,Male,0,No,Yes,72,Yes,No,No,No,One year,Yes,Credit card (automatic),24.16,1757.66,No
CUST-13917,Male,1,Yes,Yes,36,No,DSL,No,No,One year,Yes,Electronic check,48.99,1701.83,No
CUST-13918,Male,0,Yes,No,13,Yes,DSL,No,No,Two year,No,Electronic check,33.1,445.39,No
CUST-13919,Male,0,No,Yes,72,Yes,Fiber optic,No internet service,Yes,One year,No,Electronic check,82.63,5812.85,No
CUST-13920,Male,1,No,Yes,27,Yes,No,No,No internet service,One year,Yes,Credit card (automatic),18.0,483.46,No
CUST-13921,Female,0,Yes,No,1,Yes,DSL,No internet service,No internet service,One year,Yes,Electronic check,66.83,61.66,No
CUST-13922,Male,0,No,No,16,Yes,Fiber optic,No,No,Month-to-month,No,Credit card (automatic),90.4,1494.02,Yes
CUST-13923,Male,0,No,Yes,68,Yes,No,Yes,No internet service,Two year,Yes,Electronic check,35.29,2418.76,No
CUST-13924,Male,0,Yes,No,15,Yes,DSL,No,Yes,Month-to-month,No,Mailed check,53.38,724.5,No
CUST-13925,Female,0,Yes,No,4,Yes,Fiber optic,No,No,Month-to-month,Yes,Credit card (automatic),87.0,350.02,No
CUST-13926,Female,1,Yes,No,72,Yes,Fiber optic,No internet service,No,Month-to-month,Yes,Electronic check,76.27,5002.34,No
CUST-13927,Female,0,No,Yes,10,Yes,Fiber optic,Yes,No,One year,Yes,Bank transfer (automatic),92.31,875.89,No
CUST-13928,Female,0,Yes,No,27,Yes,DSL,No,No,Month-to-month,No,Electronic check,50.79,1392.84,No
CUST-13929,Male,0,No,Yes,9,Yes,No,No,Yes,Month-to-month,Yes,Bank transfer (automatic),22.81,207.39,No
CUST-13930,Female,0,No,No,8,Yes,DSL,Yes,Yes,Month-to-month,Yes,Electronic check,51.56,391.66,No
CUST-13931,Female,1,Yes,No,72,Yes,DSL,Yes,Yes,Month-to-month,Yes,Electronic check,33.15,2284.79,No
CUST-13932,Male,0,No,No,25,Yes,No,No,No internet service,One year,Yes,Mailed check,28.25,673.36,No
CUST-13933,Male,0,No,No,19,Yes,Fiber optic,No,No,One year,No,Credit card (automatic),91.42,1732.37,No
CUST-13934,Male,0,No,Yes,10,Yes,DSL,No internet service,No,One year,Yes,Credit card (automatic),57.95,560.41,No
CUST-13935,Female,0,No,Yes,0,Yes,Fiber optic,No,Yes,One year,Yes,Bank transfer (automatic),58.18,,Yes
CUST-13936,Female,0,No,No,9,Yes,Fiber optic,No,No internet service,Month-to-month,Yes,Bank transfer (automatic),98.23,797.86,No
CUST-13937,Male,0,No,Yes,2,Yes,Fiber optic,No internet service,No,One year,Yes,Mailed check,99.44,201.36,No
CUST-13938,Male,0,Yes,No,4,Yes,DSL,No,Yes,Two year,Yes,Electronic check,58.41,220.05,No
CUST-13939,Female,0,No,Yes,9,Yes,Fiber optic,Yes,No,Month-to-month,No,Mailed check,92.81,752.03,No
CUST-13940,Male,0,No,Yes,9,Yes,DSL,Yes,Yes,One year,No,Mailed check,54.79,515.73,No
CUST-13941,Male,0,Yes,No,2,Yes,No,No,No,Two year,Yes,Electronic check,18.0,35.42,No
CUST-13942,Female,1,Yes,No,5,Yes,No,No,No,Month-to-month,No,Electronic check,20.69,94.59,Yes
CUST-13943,Male,0,Yes,No,38,Yes,DSL,No,No,Month-to-month,No,Credit card (automatic),66.39,2529.38,Yes
CUST-13944,Female,0,Yes,No,70,Yes,No,Yes,Yes,Month-to-month,No,Bank transfer (automatic),26.28,1708.33,No
CUST-13945,Male,1,Yes,Yes,6,Yes,Fiber optic,Yes,No internet service,Two year,No,Electronic check,81.62,467.8,No
CUST-13946,Female,0,No,No,12,Yes,No,No,No internet service,Month-to-month,Yes,Electronic check,18.0,207.55,No
CUST-13947,Male,1,No,No,9,Yes,Fiber optic,No internet service,Yes,One year,Yes,Mailed check,65.39,532.02,Yes
CUST-13948,Male,0,Yes,Yes,7,Yes,DSL,No,No,Month-to-month,No,Electronic check,50.68,331.08,Yes
CUST-13949,Male,1,Yes,No,7,Yes,DSL,Yes,No,Month-to-month,No,Mailed check,36.39,263.6,No
CUST-13950,Male,1,Yes,No,11,Yes,Fiber optic,No,Yes,One year,Yes,Credit card (automatic),65.85,668.04,No
CUST-13951,Female,1,No,Yes,16,Yes,DSL,No,Yes,Month-to-month,Yes,Bank transfer (automatic),69.87,1041.34,Yes
CUST-13952,Female,0,No,No,36,Yes,DSL,No,No,Month-to-month,Yes,Electronic check,75.43,2689.12,Yes
CUST-13953,Female,0,No,No,9,Yes,No,No,Yes,Month-to-month,Yes,Mailed check,34.86,292.6,Yes
CUST-13954,Female,0,Yes,No,3,Yes,Fiber optic,No,No,Two year,No,Bank transfer (automatic),100.33,310.94,No
CUST-13955,Female,0,Yes,Yes,28,No,DSL,No,No,One year,Yes,Bank transfer (automatic),50.83,1446.69,No
CUST-13956,Female,1,Yes,No,21,Yes,DSL,Yes,No internet service,Month-to-month,Yes,Credit card (automatic),51.33,1037.5,Yes
CUST-13957,Female,0,Yes,No,15,Yes,DSL,No,No,Month-to-month,Yes,Credit card (automatic),43.92,633.07,No
CUST-13958,Male,1,Yes,No,10,Yes,Fiber optic,No internet service,No internet service,Two year,Yes,Mailed check,85.01,807.44,No
CUST-13959,Female,1,No,Yes,24,Yes,No,Yes,No internet service,Two year,No,Electronic check,26.53,604.95,No
CUST-13960,Female,1,Yes,No,21,Yes,Fiber optic,Yes,No,Month-to-month,Yes,Mailed check,75.8,1598.58,Yes
CUST-13961,Female,0,Yes,No,3,Yes,No,Yes,Yes,One year,Yes,Bank transfer (automatic),26.34,79.07,No
CUST-13962,Female,0,Yes,Yes,13,No,DSL,No,No,Month-to-month,Yes,Mailed check,54.75,700.75,No
CUST-13963,Female,0,No,No,5,Yes,Fiber optic,No internet service,No,One year,Yes,Electronic check,61.86,323.2,No
CUST-13964,Male,0,Yes,Yes,6,Yes,Fiber optic,Yes,Yes,Two year,Yes,Electronic check,85.84,478.47,No
CUST-13965,Male,0,No,No,28,Yes,Fiber optic,No internet service,Yes,Month-to-month,No,Electronic check,103.17,2806.08,Yes
CUST-13966,Male,0,Yes,Yes,30,No,DSL,No internet service,No,Two year,No,Mailed check,64.35,1932.72,No
CUST-13967,Male,0,No,No,4,Yes,Fiber optic,Yes,No,Month-to-month,No,Mailed check,83.41,349.43,Yes
CUST-13968,Female,0,Yes,No,38,Yes,DSL,No,Yes,Month-to-month,Yes,Bank transfer (automatic),48.43,1852.24,No
CUST-13969,Female,0,No,No,9,Yes,Fiber optic,No,Yes,Month-to-month,Yes,Electronic check,81.24,762.32,No
CUST-13970,Female,0,Yes,No,23,Yes,No,No internet service,Yes,Two year,Yes,Credit card (automatic),24.59,551.22,No
CUST-13971,Female,1,No,No,7,Yes,No,No internet service,Yes,Month-to-month,No,Credit card (automatic),20.57,149.56,No
CUST-13972,Female,1,Yes,No,28,Yes,DSL,No,No,Two year,Yes,Bank transfer (automatic),37.97,1095.18,No
CUST-13973,Female,0,No,No,13,Yes,Fiber optic,No internet service,Yes,Month-to-month,No,Bank transfer (automatic),87.68,1040.89,Yes
CUST-13974,Male,0,Yes,No,5,Yes,Fiber optic,No,Yes,Month-to-month,No,Electronic check,57.03,287.97,No
CUST-13975,Female,0,Yes,No,26,Yes,No,No,Yes,Month-to-month,No,Electronic check,22.25,538.49,No
CUST-13976,Male,0,Yes,No,13,Yes,Fiber optic,No internet service,Yes,Two year,No,Mailed check,80.78,1065.68,Yes
CUST-13977,Male,0,Yes,No,11,Yes,Fiber optic,Yes,No internet service,Two year,Yes,Mailed check,100.93,1031.41,No
CUST-13978,Female,1,No,Yes,33,Yes,DSL,No internet service,No internet service,One year,Yes,Bank transfer (automatic),61.74,1975.31,No
CUST-13979,Female,0,No,No,32,Yes,DSL,No,No,Month-to-month,No,Bank transfer (automatic),63.06,2115.01,No
CUST-13980,Female,1,No,No,4,No,No,No,No internet service,One year,No,Electronic check,40.12,156.27,No
CUST-13981,Male,0,No,No,40,Yes,Fiber optic,No,No,Month-to-month,Yes,Electronic check,90.31,3289.13,No
CUST-13982,Male,1,Yes,No,38,Yes,Fiber optic,No internet service,No,Month-to-month,No,Electronic check,95.78,3734.86,No
CUST-13983,Male,0,No,No,20,No,DSL,No,Yes,Month-to-month,Yes,Electronic check,64.59,1306.73,Yes
CUST-13984,Female,0,No,Yes,14,Yes,DSL,Yes,Yes,Month-to-month,Yes,Credit card (automatic),55.44,775.39,No
CUST-13985,Female,0,No,No,8,Yes,Fiber optic,No internet service,Yes,Month-to-month,No,Electronic check,63.29,529.61,No
CUST-13986,Male,1,No,Yes,8,Yes,Fiber optic,No,No,Month-to-month,Yes,Mailed check,86.66,689.63,No
CUST-13987,Male,0,No,No,12,Yes,DSL,Yes,Yes,Month-to-month,Yes,Electronic check,66.08,812.75,No
CUST-13988,Female,0,Yes,No,25,Yes,Fiber optic,No,Yes,Month-to-month,No,Credit card (automatic),54.34,1354.48,No
CUST-13989,Female,0,Yes,No,57,Yes,Fiber optic,No internet service,Yes,Two year,Yes,Credit card (automatic),99.33,5351.99,No
CUST-13990,Male,1,Yes,Yes,22,Yes,Fiber optic,No,Yes,One year,Yes,Mailed check,79.07,1623.82,No
CUST-13991,Female,0,Yes,No,38,Yes,Fiber optic,No,No,One year,Yes,Electronic check,99.98,3672.29,Yes
CUST-13992,Female,0,Yes,Yes,72,Yes,Fiber optic,No internet service,No,Two year,Yes,Mailed check,75.0,5357.97,No
CUST-13993,Female,0,No,No,46,Yes,Fiber optic,Yes,No internet service,Month-to-month,Yes,Bank transfer (automatic),82.72,3815.71,No
CUST-13994,Male,0,No,No,19,Yes,No,No,No,Two year,No,Credit card (automatic),29.3,554.28,No
CUST-13995,Female,1,No,Yes,17,Yes,DSL,No internet service,No internet service,Month-to-month,Yes,Credit card (automatic),66.02,1177.42,No
CUST-13996,Male,1,No,No,8,Yes,Fiber optic,Yes,No,Month-to-month,Yes,Electronic check,88.61,740.88,Yes
CUST-13997,Male,0,Yes,No,42,Yes,Fiber optic,No,No,Month-to-month,No,Mailed check,68.09,2919.39,Yes
CUST-13998,Female,0,Yes,Yes,12,Yes,Fiber optic,No internet service,Yes,Month-to-month,Yes,Credit card (automatic),76.95,905.51,No
CUST-13999,Female,0,Yes,No,24,Yes,DSL,No,No,One year,Yes,Mailed check,69.61,1591.14,No
CUST-14000,Female,0,Yes,No,4,Yes,No,No internet service,No,One year,Yes,Mailed check,26.14,99.05,No
CUST-14001,Male,0,No,No,18,Yes,Fiber optic,No internet service,No,Month-to-month,Yes,Mailed check,81.38,1536.87,No
CUST-14002,Female,0,Yes,No,13,Yes,DSL,Yes,No internet service,Month-to-month,No,Bank transfer (automatic),52.39,683.19,No
CUST-14003,Male,0,No,No,1,Yes,DSL,No internet service,No internet service,Month-to-month,No,Mailed check,67.3,65.56,No
CUST-14004,Male,0,Yes,No,72,Yes,DSL,No,No internet service,One year,Yes,Credit card (automatic),41.58,2969.16,No
CUST-14005,Male,0,No,No,27,No,Fiber optic,Yes,No,One year,No,Credit card (automatic),120.0,3026.86,No
CUST-14006,Male,0,Yes,No,17,Yes,Fiber optic,Yes,Yes,Month-to-month,No,Mailed check,64.23,1045.68,No
CUST-14007,Male,0,Yes,No,61,Yes,DSL,No,No internet service,Month-to-month,No,Mailed check,42.37,2434.69,No
CUST-14008,Female,0,No,No,3,Yes,No,No,Yes,Month-to-month,Yes,Mailed check,36.04,111.58,No
CUST-14009,Female,0,Yes,Yes,13,Yes,Fiber optic,No,Yes,Month-to-month,No,Electronic check,73.3,858.02,Yes
CUST-14010,Male,1,No,No,47,Yes,Fiber optic,No,No,Month-to-month,No,Electronic check,68.44,3202.76,No
CUST-14011,Male,0,No,No,43,Yes,DSL,No,No internet service,Two year,Yes,Electronic check,63.12,2589.56,No
CUST-14012,Female,0,Yes,No,66,Yes,DSL,No,No internet service,One year,No,Electronic check,76.49,4548.35,No
CUST-14013,Female,0,No,No,25,Yes,Fiber optic,No,Yes,Two year,Yes,Electronic check,69.59,1652.93,No
CUST-14014,Male,0,No,No,15,Yes,No,No internet service,No,Month-to-month,No,Mailed check,30.65,423.45,No
CUST-14015,Male,0,Yes,Yes,1,Yes,No,No,Yes,Month-to-month,No,Electronic check,18.0,18.5,No
CUST-14016,Female,0,Yes,No,35,Yes,No,No internet service,No internet service,Two year,No,Credit card (automatic),19.69,620.37,No
CUST-14017,Female,0,Yes,No,18,Yes,Fiber optic,Yes,Yes,Month-to-month,Yes,Credit card (automatic),117.45,2034.64,Yes
CUST-14018,Male,0,No,Yes,2,Yes,No,No internet service,No internet service,Month-to-month,Yes,Bank transfer (automatic),19.16,38.92,No
CUST-14019,Female,0,Yes,No,17,Yes,No,No,Yes,Month-to-month,No,Bank transfer (automatic),26.69,425.52,No
CUST-14020,Male,0,Yes,No,40,Yes,DSL,No,Yes,Two year,Yes,Electronic check,40.44,1569.08,No
CUST-14021,Male,0,Yes,No,18,Yes,No,No internet service,No,Two year,Yes,Credit card (automatic),29.63,538.96,Yes
CUST-14022,Male,0,Yes,No,44,Yes,Fiber optic,No,Yes,Month-to-month,Yes,Electronic check,80.18,3609.24,No
CUST-14023,Female,0,Yes,No,2,No,No,Yes,Yes,Month-to-month,No,Credit card (automatic),26.46,52.51,Yes
CUST-14024,Male,0,Yes,No,0,Yes,Fiber optic,No,No internet service,Two year,Yes,Credit card (automatic),100.19,,No
CUST-14025,Male,1,Yes,No,28,Yes,Fiber optic,No internet service,No,Two year,Yes,Electronic check,115.15,3072.29,No
CUST-14026,Male,0,Yes,Yes,33,Yes,Fiber optic,No,No internet service,One year,Yes,Electronic check,109.58,3707.24,No
CUST-14027,Female,1,Yes,No,29,Yes,DSL,Yes,Yes,Month-to-month,No,Credit card (automatic),63.74,1686.13,No
CUST-14028,Male,0,No,No,0,Yes,No,No,Yes,Two year,Yes,Bank transfer (automatic),21.69,,No
CUST-14029,Male,0,No,Yes,1,Yes,DSL,No internet service,No,One year,No,Mailed check,61.39,60.39,No
CUST-14030,Male,0,Yes,No,19,Yes,DSL,No,Yes,Month-to-month,Yes,Bank transfer (automatic),69.24,1368.86,No
CUST-14031,Female,0,No,Yes,8,Yes,DSL,No,No,Month-to-month,Yes,Bank transfer (automatic),60.11,479.32,No
CUST-14032,Female,0,Yes,No,8,Yes,Fiber optic,Yes,No internet service,One year,Yes,Credit card (automatic),113.13,834.91,No
CUST-14033,Female,0,Yes,No,9,No,DSL,No,Yes,Month-to-month,Yes,Electronic check,43.16,367.59,No
CUST-14034,Female,0,No,Yes,72,Yes,Fiber optic,No,No internet service,Two year,Yes,Electronic check,86.55,6354.16,No
CUST-14035,Male,0,Yes,Yes,68,Yes,DSL,No,Yes,One year,No,Mailed check,50.77,3276.51,No
CUST-14036,Male,0,Yes,No,1,No,Fiber optic,No internet service,No,Month-to-month,Yes,Mailed check,90.2,83.58,Yes
CUST-14037,Female,0,Yes,Yes,12,Yes,Fiber optic,No internet service,No,One year,No,Mailed check,85.76,1054.68,Yes
CUST-14038,Female,0,Yes,Yes,25,Yes,Fiber optic,No,Yes,Month-to-month,Yes,Credit card (automatic),81.69,1950.86,Yes
CUST-14039,Male,0,Yes,No,72,Yes,DSL,Yes,No internet service,Two year,Yes,Bank transfer (automatic),51.9,3797.1,No
CUST-14040,Female,0,No,Yes,42,No,DSL,Yes,No,Month-to-month,Yes,Electronic check,49.17,2094.37,No
CUST-14041,Male,1,Yes,Yes,25,Yes,No,Yes,No,One year,No,Bank transfer (automatic),18.0,418.05,No
CUST-14042,Female,0,Yes,No,4,Yes,DSL,No,No,One year,Yes,Mailed check,65.11,259.63,No
CUST-14043,Male,0,Yes,Yes,13,Yes,Fiber optic,No,No,One year,No,Mailed check,77.29,973.22,Yes
CUST-14044,Male,1,Yes,Yes,4,Yes,DSL,No internet service,No,Two year,Yes,Electronic check,47.8,174.22,No
CUST-14045,Female,0,No,No,72,No,DSL,Yes,No internet service,Month-to-month,Yes,Electronic check,67.8,4409.77,No
CUST-14046,Female,0,No,No,19,Yes,DSL,No,No,Month-to-month,Yes,Mailed check,39.6,755.36,Yes
CUST-14047,Female,1,No,No,14,Yes,Fiber optic,No,Yes,One year,Yes,Mailed check,93.39,1246.93,No
CUST-14048,Female,1,No,No,17,Yes,Fiber optic,No,No,Month-to-month,Yes,Credit card (automatic),68.75,1136.63,No
CUST-14049,Male,0,No,No,6,Yes,DSL,No internet service,No,Two year,No,Bank transfer (automatic),62.74,366.78,No
CUST-14050,Male,0,No,Yes,0,Yes,DSL,No internet service,No,Month-to-month,Yes,Electronic check,60.58,,No
CUST-14051,Male,0,Yes,No,11,Yes,No,Yes,Yes,Two year,Yes,Electronic check,20.81,211.76,No
CUST-14052,Female,0,No,No,0,Yes,DSL,No,No internet service,Month-to-month,No,Bank transfer (automatic),49.94,,No
CUST-14053,Male,0,No,No,60,Yes,DSL,No,No,One year,No,Mailed check,60.64,3743.79,No
CUST-14054,Female,1,No,No,2,No,Fiber optic,No,Yes,One year,Yes,Credit card (automatic),95.49,186.81,No
CUST-14055,Male,0,No,Yes,44,Yes,DSL,No,No,Month-to-month,Yes,Bank transfer (automatic),42.1,1725.41,Yes
CUST-14056,Male,0,Yes,No,12,Yes,Fiber optic,No,No internet service,Two year,Yes,Credit card (automatic),83.1,945.67,No
CUST-14057,Female,0,No,No,6,Yes,No,No,No,Month-to-month,No,Credit card (automatic),35.41,203.5,No
CUST-14058,Male,1,No,No,25,Yes,Fiber optic,No,No internet service,Two year,Yes,Credit card (automatic),59.9,1543.65,No
CUST-14059,Male,0,No,No,72,Yes,No,Yes,Yes,Month-to-month,No,Bank transfer (automatic),18.0,1275.94,No
CUST-14060,Male,0,No,Yes,10,Yes,Fiber optic,No,Yes,Two year,Yes,Bank transfer (automatic),66.88,624.58,Yes
CUST-14061,Female,1,Yes,Yes,4,No,DSL,No,Yes,Month-to-month,Yes,Mailed check,70.86,295.42,No
CUST-14062,Male,0,No,No,38,Yes,DSL,Yes,Yes,One year,Yes,Bank transfer (automatic),69.93,2766.15,No
CUST-14063,Male,0,No,No,7,Yes,Fiber optic,No internet service,No,Month-to-month,No,Electronic check,73.25,479.47,Yes
CUST-14064,Female,0,Yes,No,71,Yes,No,No,No,Month-to-month,No,Bank transfer (automatic),30.59,2182.93,No
CUST-14065,Female,0,No,No,35,Yes,Fiber optic,Yes,No,Month-to-month,Yes,Mailed check,92.59,3036.94,Yes
CUST-14066,Female,1,No,No,34,Yes,Fiber optic,No,No,Month-to-month,No,Electronic check,71.49,2390.4,No
CUST-14067,Female,0,No,No,22,Yes,DSL,No,Yes,Month-to-month,No,Electronic check,60.32,1201.41,Yes
CUST-14068,Female,0,Yes,No,7,Yes,No,Yes,No,Month-to-month,Yes,Electronic check,18.0,123.89,No
CUST-14069,Female,0,Yes,No,50,Yes,Fiber optic,No internet service,No internet service,One year,No,Bank transfer (automatic),75.62,3658.99,No
CUST-14070,Female,0,Yes,No,64,Yes,Fiber optic,Yes,Yes,One year,Yes,Mailed check,84.92,5535.38,No
CUST-14071,Female,0,Yes,Yes,2,Yes,Fiber optic,No,Yes,Month-to-month,No,Bank transfer (automatic),100.93,187.62,No
CUST-14072,Female,0,No,No,3,No,DSL,Yes,No,Two year,Yes,Credit card (automatic),69.15,214.4,No
CUST-14073,Female,1,No,Yes,35,Yes,Fiber optic,Yes,No,Month-to-month,No,Mailed check,113.08,4073.19,Yes
CUST-14074,Female,0,No,Yes,21,Yes,DSL,No,Yes,One year,No,Credit card (automatic),48.54,942.91,No
CUST-14075,Male,1,Yes,No,22,Yes,No,No,No internet service,Month-to-month,Yes,Bank transfer (automatic),26.65,606.75,No
CUST-14076,Male,0,Yes,No,16,Yes,Fiber optic,No internet service,Yes,Month-to-month,No,Credit card (automatic),74.29,1133.99,Yes
CUST-14077,Male,0,No,No,16,Yes,No,Yes,No internet service,One year,No,Mailed check,32.34,532.12,No
CUST-14078,Male,1,Yes,No,0,Yes,DSL,Yes,No,Month-to-month,Yes,Bank transfer (automatic),73.37,,No
CUST-14079,Female,0,No,Yes,19,Yes,Fiber optic,No internet service,No,Two year,Yes,Electronic check,115.47,2298.65,No
CUST-14080,Female,0,No,Yes,24,Yes,DSL,No,No,Month-to-month,Yes,Bank transfer (automatic),58.74,1305.7,No
CUST-14081,Female,1,Yes,No,26,Yes,DSL,Yes,No internet service,Month-to-month,No,Credit card (automatic),39.81,1076.65,No
CUST-14082,Male,0,No,Yes,7,Yes,Fiber optic,Yes,No,One year,No,Bank transfer (automatic),100.13,689.35,No
CUST-14083,Female,0,Yes,No,1,Yes,Fiber optic,No,No internet service,One year,No,Bank transfer (automatic),66.36,61.12,No
CUST-14084,Male,0,Yes,No,37,Yes,Fiber optic,Yes,Yes,Two year,Yes,Credit card (automatic),84.06,2905.34,No
CUST-14085,Male,1,No,No,3,Yes,DSL,No,No,One year,Yes,Mailed check,44.82,127.76,Yes
CUST-14086,Female,0,Yes,Yes,14,Yes,Fiber optic,Yes,No internet service,Month-to-month,Yes,Credit card (automatic),72.19,1036.12,No
CUST-14087,Male,0,Yes,No,64,Yes,Fiber optic,Yes,No,One year,No,Mailed check,99.52,6014.72,No
CUST-14088,Female,0,No,Yes,0,Yes,DSL,No,No,One year,Yes,Electronic check,59.86,,No
CUST-14089,Male,0,Yes,No,38,Yes,No,No,No internet service,Month-to-month,Yes,Bank transfer (automatic),33.28,1202.93,Yes
CUST-14090,Female,0,No,Yes,62,Yes,DSL,No,No internet service,One year,Yes,Credit card (automatic),64.02,3767.89,No
CUST-14091,Female,0,Yes,No,66,Yes,Fiber optic,No internet service,Yes,Month-to-month,No,Credit card (automatic),79.07,4806.95,Yes
CUST-14092,Male,0,Yes,Yes,2,Yes,Fiber optic,No,Yes,Month-to-month,No,Bank transfer (automatic),81.27,156.52,No
CUST-14093,Female,0,Yes,No,16,Yes,Fiber optic,No,No internet service,Two year,No,Mailed check,96.67,1605.48,No
CUST-14094,Female,0,No,No,2,Yes,No,No,No,Month-to-month,Yes,Mailed check,18.0,36.46,No
CUST-14095,Male,0,Yes,No,72,Yes,DSL,No,No,One year,No,Electronic check,53.62,3533.62,No
CUST-14096,Male,0,Yes,Yes,15,Yes,Fiber optic,No,Yes,Two year,No,Mailed check,72.57,1093.54,No
CUST-14097,Female,0,No,No,24,Yes,DSL,Yes,Yes,One year,No,Electronic check,68.11,1610.05,No
CUST-14098,Male,0,Yes,No,0,Yes,No,No,No,Month-to-month,Yes,Credit card (automatic),19.95,,Yes
CUST-14099,Female,0,Yes,Yes,0,Yes,Fiber optic,No,No,Month-to-month,No,Mailed check,100.16,,Yes
CUST-14100,Female,1,Yes,Yes,1,No,No,No internet service,No,Two year,Yes,Bank transfer (automatic),18.0,17.72,No
CUST-14101,Male,0,No,Yes,45,Yes,Fiber optic,Yes,No,Two year,Yes,Bank transfer (automatic),93.73,4091.73,No
CUST-14102,Female,0,No,No,48,Yes,Fiber optic,No,No,Month-to-month,No,Credit card (automatic),106.18,4882.96,Yes
CUST-14103,Female,0,Yes,No,7,Yes,Fiber optic,No,No,Month-to-month,Yes,Mailed check,81.76,515.58,Yes
CUST-14104,Male,0,Yes,No,11,Yes,Fiber optic,No,No,Month-to-month,No,Electronic check,91.74,957.84,Yes
CUST-14105,Male,0,No,No,32,Yes,Fiber optic,No,Yes,One year,No,Electronic check,66.82,2245.03,No
CUST-14106,Female,0,Yes,Yes,32,Yes,No,Yes,No internet service,One year,Yes,Mailed check,20.93,671.05,No
CUST-14107,Female,0,Yes,No,53,Yes,Fiber optic,Yes,No,Month-to-month,Yes,Credit card (automatic),82.19,4565.06,No
CUST-14108,Male,1,No,No,9,Yes,No,Yes,No,Month-to-month,No,Electronic check,22.08,206.31,Yes
CUST-14109,Male,0,Yes,No,2,Yes,DSL,Yes,No,Month-to-month,No,Bank transfer (automatic),65.16,118.7,No
CUST-14110,Male,0,No,No,2,Yes,No,No internet service,No internet service,Two year,Yes,Credit card (automatic),34.71,62.85,No
CUST-14111,Male,1,Yes,No,72,Yes,No,Yes,No,Month-to-month,Yes,Electronic check,19.93,1473.17,No
CUST-14112,Male,0,Yes,No,8,Yes,DSL,No,Yes,One year,No,Bank transfer (automatic),71.93,520.1,No
CUST-14113,Male,0,No,Yes,27,Yes,DSL,No,No internet service,Month-to-month,Yes,Credit card (automatic),60.67,1497.12,No
CUST-14114,Female,0,Yes,No,2,Yes,DSL,No,No,One year,Yes,Mailed check,59.56,110.3,No
CUST-14115,Female,0,No,No,12,Yes,DSL,Yes,Yes,Month-to-month,No,Credit card (automatic),60.66,665.66,No
CUST-14116,Female,0,No,No,7,Yes,DSL,Yes,Yes,Month-to-month,Yes,Mailed check,30.68,219.57,No
CUST-14117,Male,0,No,Yes,9,Yes,Fiber optic,No,Yes,Two year,Yes,Electronic check,65.68,558.2,No
CUST-14118,Female,0,No,Yes,23,Yes,Fiber optic,No,No internet service,One year,Yes,Mailed check,95.6,2126.59,No
CUST-14119,Male,0,Yes,Yes,10,Yes,Fiber optic,No,No,Month-to-month,No,Credit card (automatic),64.83,628.48,No
CUST-14120,Male,0,No,No,4,Yes,DSL,No internet service,No internet service,Two year,No,Electronic check,60.66,222.87,No
CUST-14121,Male,0,No,No,8,Yes,Fiber optic,No,Yes,Month-to-month,Yes,Bank transfer (automatic),91.96,764.5,No
CUST-14122,Male,0,No,Yes,15,Yes,Fiber optic,No,No,Two year,Yes,Credit card (automatic),93.16,1401.71,No
CUST-14123,Male,0,Yes,No,2,Yes,Fiber optic,Yes,No,Month-to-month,Yes,Electronic check,84.32,173.59,Yes
CUST-14124,Male,0,Yes,Yes,22,Yes,Fiber optic,Yes,No,One year,No,Electronic check,94.67,1914.83,Yes
CUST-14125,Female,0,Yes,No,17,Yes,Fiber optic,No,No,Month-to-month,No,Credit card (automatic),93.2,1446.65,Yes
CUST-14126,Female,0,Yes,No,12,No,Fiber optic,No internet service,Yes,Two year,Yes,Electronic check,97.39,1142.65,No
CUST-14127,Female,0,No,No,32,Yes,DSL,Yes,No,Month-to-month,Yes,Credit card (automatic),40.32,1210.55,No
CUST-14128,Male,0,Yes,Yes,16,Yes,Fiber optic,No,No internet service,Two year,Yes,Bank transfer (automatic),103.96,1555.09,No
CUST-14129,Female,0,No,No,44,Yes,DSL,No,No,Month-to-month,Yes,Electronic check,53.41,2430.76,Yes
CUST-14130,Female,0,Yes,Yes,12,Yes,DSL,No,No,Two year,Yes,Mailed check,58.91,676.47,No
CUST-14131,Male,0,Yes,No,72,Yes,Fiber optic,No internet service,No internet service,Month-to-month,Yes,Electronic check,77.26,5557.06,No
CUST-14132,Female,0,No,Yes,4,Yes,No,No,No,Two year,Yes,Bank transfer (automatic),27.55,106.31,No
CUST-14133,Male,0,No,Yes,42,Yes,DSL,No internet service,Yes,Month-to-month,Yes,Mailed check,53.73,2169.32,No
CUST-14134,Female,0,No,No,13,Yes,DSL,No internet service,No internet service,Month-to-month,No,Electronic check,60.31,774.16,No
CUST-14135,Male,0,Yes,No,28,Yes,Fiber optic,No,Yes,One year,No,Bank transfer (automatic),92.09,2432.76,No
CUST-14136,Female,0,No,Yes,37,Yes,Fiber optic,No internet service,No,Month-to-month,Yes,Mailed check,65.89,2301.22,Yes
CUST-14137,Male,0,Yes,Yes,30,Yes,Fiber optic,Yes,Yes,One year,No,Electronic check,73.48,2308.16,No
CUST-14138,Male,0,Yes,No,12,Yes,DSL,Yes,Yes,Month-to-month,Yes,Electronic check,59.52,715.91,No
CUST-14139,Female,1,No,No,64,Yes,Fiber optic,No,No,Month-to-month,No,Bank transfer (automatic),68.89,4447.17,Yes
CUST-14140,Male,0,Yes,No,37,Yes,DSL,No,No,Two year,Yes,Credit card (automatic),70.96,2523.76,Yes
CUST-14141,Male,0,Yes,Yes,22,Yes,DSL,No,No,Two year,No,Electronic check,47.86,1066.13,No
CUST-14142,Male,0,Yes,No,42,Yes,Fiber optic,Yes,No internet service,Month-to-month,No,Mailed check,106.75,4516.0,No
CUST-14143,Female,0,Yes,No,72,Yes,No,No internet service,No internet service,Month-to-month,Yes,Mailed check,26.52,1835.51,No
CUST-14144,Male,0,No,No,1,Yes,Fiber optic,No internet service,No,Month-to-month,Yes,Mailed check,72.8,70.61,No
CUST-14145,Female,0,Yes,Yes,15,Yes,No,No internet service,No,Month-to-month,No,Mailed check,31.02,484.18,Yes
CUST-14146,Male,0,No,Yes,23,Yes,No,No,No,Month-to-month,Yes,Bank transfer (automatic),33.09,693.68,Yes
CUST-14147,Male,1,No,No,10,Yes,Fiber optic,No internet service,Yes,Month-to-month,No,Electronic check,99.61,941.92,No
CUST-14148,Male,0,No,No,10,Yes,DSL,No,No,One year,No,Electronic check,64.69,665.46,Yes
CUST-14149,Male,0,No,Yes,16,Yes,Fiber optic,No internet service,No,Month-to-month,No,Credit card (automatic),58.7,867.33,No
CUST-14150,Male,0,Yes,Yes,17,Yes,Fiber optic,No internet service,No,Month-to-month,Yes,Electronic check,87.1,1513.99,Yes
CUST-14151,Male,0,Yes,Yes,34,Yes,DSL,No,No,Month-to-month,Yes,Electronic check,75.31,2448.88,No
CUST-14152,Female,0,Yes,No,7,Yes,DSL,No,No,Two year,Yes,Credit card (automatic),60.28,394.47,No
CUST-14153,Female,0,No,No,32,Yes,DSL,No internet service,No internet service,Month-to-month,Yes,Electronic check,51.34,1582.96,No
CUST-14154,Female,1,No,Yes,10,Yes,DSL,Yes,No internet service,Month-to-month,Yes,Credit card (automatic),46.06,452.38,No
CUST-14155,Female,0,No,No,12,Yes,Fiber optic,Yes,No,Month-to-month,Yes,Electronic check,71.54,837.09,Yes
CUST-14156,Female,0,Yes,Yes,72,Yes,Fiber optic,No,Yes,Month-to-month,Yes,Credit card (automatic),99.54,7159.12,No
CUST-14157,Male,0,Yes,No,0,Yes,Fiber optic,Yes,Yes,Month-to-month,Yes,Bank transfer (automatic),98.08,,Yes
CUST-14158,Male,1,Yes,Yes,14,No,DSL,No,Yes,Month-to-month,No,Mailed check,58.79,775.15,No
CUST-14159,Female,0,Yes,Yes,9,Yes,DSL,No,No,Two year,Yes,Credit card (automatic),58.1,519.88,No
CUST-14160,Male,0,No,Yes,22,Yes,No,No internet service,No,Month-to-month,Yes,Electronic check,23.32,535.96,No
CUST-14161,Male,0,No,Yes,11,Yes,Fiber optic,No,No,Month-to-month,Yes,Mailed check,93.05,926.65,Yes
CUST-14162,Male,0,Yes,Yes,25,Yes,Fiber optic,No internet service,Yes,Two year,Yes,Electronic check,70.14,1794.3,No
CUST-14163,Female,0,No,No,23,Yes,Fiber optic,Yes,No,Month-to-month,Yes,Electronic check,97.61,2177.81,Yes
CUST-14164,Female,0,No,Yes,2,Yes,Fiber optic,Yes,Yes,Month-to-month,No,Bank transfer (automatic),94.46,191.19,No
CUST-14165,Female,0,No,No,32,Yes,No,Yes,No internet service,Month-to-month,Yes,Bank transfer (automatic),33.2,1020.86,No
CUST-14166,Male,0,No,No,2,Yes,DSL,Yes,No,One year,Yes,Mailed check,31.15,60.01,No
CUST-14167,Male,1,No,No,0,Yes,Fiber optic,No,No internet service,Month-to-month,Yes,Electronic check,120.0,,No
CUST-14168,Female,0,Yes,No,25,Yes,DSL,Yes,Yes,Month-to-month,No,Electronic check,61.08,1486.19,No
CUST-14169,Female,0,No,No,5,Yes,DSL,No,No internet service,Month-to-month,Yes,Mailed check,50.46,238.11,No
CUST-14170,Male,0,No,No,63,Yes,DSL,Yes,No,Month-to-month,No,Credit card (automatic),57.66,3418.89,Yes
CUST-14171,Male,0,Yes,Yes,21,Yes,Fiber optic,No,No,Two year,Yes,Electronic check,79.82,1582.08,No
CUST-14172,Female,0,Yes,Yes,0,Yes,Fiber optic,No,No internet service,Month-to-month,Yes,Mailed check,77.16,,Yes
CUST-14173,Male,0,Yes,No,8,Yes,Fiber optic,Yes,Yes,Two year,Yes,Electronic check,86.73,632.17,No
CUST-14174,Female,0,Yes,No,0,Yes,No,Yes,No,Month-to-month,Yes,Credit card (automatic),28.48,,No
CUST-14175,Male,0,No,Yes,18,Yes,No,No internet service,No,Month-to-month,Yes,Credit card (automatic),19.15,315.98,No
CUST-14176,Male,0,Yes,Yes,15,Yes,Fiber optic,No,No,Month-to-month,Yes,Mailed check,91.22,1282.71,No
CUST-14177,Female,1,No,Yes,16,Yes,Fiber optic,Yes,No,One year,Yes,Mailed check,108.17,1638.79,Yes
CUST-14178,Female,0,No,No,1,Yes,Fiber optic,Yes,No,Month-to-month,No,Electronic check,66.12,63.39,Yes
CUST-14179,Male,0,No,Yes,6,Yes,DSL,Yes,No,Two year,Yes,Bank transfer (automatic),52.32,325.98,No
CUST-14180,Female,1,No,No,14,Yes,DSL,No,No,Two year,No,Credit card (automatic),67.01,918.44,No
CUST-14181,Male,1,Yes,No,2,Yes,No,Yes,Yes,Month-to-month,No,Electronic check,19.51,35.72,No
CUST-14182,Female,0,No,Yes,9,Yes,DSL,No internet service,No internet service,Month-to-month,Yes,Bank transfer (automatic),44.05,380.52,No
CUST-14183,Male,0,Yes,No,1,Yes,DSL,No internet service,Yes,Month-to-month,Yes,Mailed check,58.66,56.5,Yes
CUST-14184,Female,0,Yes,No,41,Yes,No,No,Yes,Month-to-month,Yes,Bank transfer (automatic),22.77,874.45,Yes
CUST-14185,Female,1,No,No,19,Yes,No,No,No,Month-to-month,Yes,Mailed check,27.93,518.98,Yes
CUST-14186,Female,0,No,No,33,Yes,No,Yes,No,Two year,No,Bank transfer (automatic),29.02,906.59,No
CUST-14187,Female,0,No,Yes,20,Yes,Fiber optic,No,No internet service,One year,No,Mailed check,78.48,1619.38,No
CUST-14188,Male,0,No,No,13,Yes,DSL,No,Yes,Two year,Yes,Electronic check,25.35,319.14,No
CUST-14189,Male,0,Yes,No,66,Yes,Fiber optic,No,No,Month-to-month,Yes,Electronic check,105.29,7214.49,Yes
CUST-14190,Male,0,No,No,12,Yes,DSL,No internet service,No,One year,No,Electronic check,67.56,734.41,No
CUST-14191,Male,0,No,No,12,Yes,Fiber optic,Yes,No,Month-to-month,Yes,Electronic check,76.07,893.63,Yes
CUST-14192,Male,0,No,No,24,Yes,DSL,No,No,Two year,Yes,Bank transfer (automatic),30.17,683.01,No
CUST-14193,Female,1,No,No,3,Yes,DSL,No,No internet service,Month-to-month,Yes,Electronic check,71.51,213.83,No
CUST-14194,Male,0,Yes,Yes,36,Yes,DSL,Yes,No internet service,Month-to-month,Yes,Electronic check,41.01,1331.4,No
CUST-14195,Male,0,No,No,3,Yes,Fiber optic,No,No,Month-to-month,No,Credit card (automatic),74.73,226.04,No
CUST-14196,Female,0,No,No,4,Yes,Fiber optic,No internet service,No,One year,Yes,Credit card (automatic),96.91,372.48,Yes
CUST-14197,Female,0,Yes,No,61,Yes,Fiber optic,No internet service,No,One year,No,Electronic check,58.96,3537.47,No
CUST-14198,Female,0,Yes,Yes,72,No,No,No,No internet service,Month-to-month,No,Mailed check,18.0,1206.43,No
CUST-14199,Male,0,No,No,8,Yes,Fiber optic,No internet service,Yes,One year,Yes,Electronic check,94.83,776.55,Yes
CUST-14200,Female,0,Yes,No,23,No,Fiber optic,Yes,Yes,Month-to-month,Yes,Credit card (automatic),106.44,2377.81,No
CUST-14201,Male,0,Yes,No,3,Yes,DSL,No,No,One year,Yes,Credit card (automatic),57.18,171.73,No
CUST-14202,Female,0,No,Yes,10,Yes,DSL,No internet service,No,Month-to-month,No,Electronic check,42.18,411.9,No
CUST-14203,Female,0,Yes,No,72,Yes,No,Yes,No,One year,No,Bank transfer (automatic),37.64,2666.19,Yes
CUST-14204,Male,0,Yes,Yes,15,Yes,Fiber optic,Yes,No,Two year,Yes,Mailed check,78.88,1146.04,No
CUST-14205,Male,0,No,No,16,Yes,No,No,Yes,Month-to-month,Yes,Bank transfer (automatic),31.54,522.49,No
CUST-14206,Male,0,No,Yes,16,Yes,Fiber optic,Yes,No internet service,Two year,Yes,Electronic check,88.16,1463.63,No
CUST-14207,Female,0,Yes,Yes,14,Yes,Fiber optic,No internet service,Yes,One year,Yes,Electronic check,89.16,1206.84,No
CUST-14208,Male,0,Yes,No,39,No,DSL,No,No internet service,Two year,Yes,Credit card (automatic),66.74,2383.75,Yes
CUST-14209,Male,0,Yes,Yes,72,Yes,Fiber optic,No,No,Two year,Yes,Bank transfer (automatic),80.4,5332.36,No
CUST-14210,Male,0,Yes,Yes,1,Yes,Fiber optic,No internet service,No,Two year,Yes,Bank transfer (automatic),118.56,123.86,No
CUST-14211,Female,0,Yes,No,30,Yes,Fiber optic,No,No,Month-to-month,No,Mailed check,111.79,3354.0,Yes
CUST-14212,Female,0,Yes,No,3,Yes,No,No internet service,Yes,Month-to-month,Yes,Electronic check,26.97,73.03,Yes
CUST-14213,Male,1,No,Yes,72,Yes,Fiber optic,No internet service,No,Month-to-month,No,Bank transfer (automatic),68.51,4444.68,No
CUST-14214,Male,0,No,No,23,Yes,DSL,Yes,No internet service,One year,Yes,Electronic check,67.89,1468.06,No
CUST-14215,Female,1,Yes,No,20,Yes,DSL,Yes,No,One year,Yes,Mailed check,53.53,1011.92,No
CUST-14216,Male,1,Yes,No,6,Yes,DSL,No internet service,No,Month-to-month,No,Electronic check,53.2,320.75,Yes
CUST-14217,Female,0,Yes,Yes,19,Yes,Fiber optic,Yes,Yes,Month-to-month,Yes,Bank transfer (automatic),96.46,1659.36,No
CUST-14218,Female,0,No,No,18,Yes,Fiber optic,No,No internet service,One year,No,Mailed check,87.72,1655.33,No
CUST-14219,Female,0,Yes,No,3,Yes,No,Yes,No,One year,No,Mailed check,28.28,85.14,No
CUST-14220,Male,0,No,No,4,Yes,Fiber optic,No,Yes,Month-to-month,Yes,Credit card (automatic),107.23,433.46,Yes
CUST-14221,Female,0,No,No,72,Yes,Fiber optic,No internet service,No internet service,Month-to-month,Yes,Electronic check,110.38,7300.99,Yes
CUST-14222,Female,0,No,Yes,1,Yes,No,No,No,Two year,No,Electronic check,21.56,19.72,No
CUST-14223,Male,0,No,Yes,5,Yes,DSL,Yes,Yes,Two year,Yes,Credit card (automatic),57.51,292.96,No
CUST-14224,Male,0,No,No,6,Yes,DSL,No,Yes,One year,No,Credit card (automatic),57.43,332.67,No
CUST-14225,Female,0,No,No,72,Yes,Fiber optic,Yes,No internet service,Month-to-month,Yes,Credit card (automatic),65.97,4693.93,No
CUST-14226,Female,1,No,No,50,No,Fiber optic,Yes,No internet service,Month-to-month,No,Bank transfer (automatic),104.72,5397.01,No
CUST-14227,Male,0,No,No,29,Yes,Fiber optic,No,Yes,Month-to-month,No,Credit card (automatic),91.32,2683.49,Yes
CUST-14228,Male,0,Yes,No,72,Yes,DSL,No,Yes,Month-to-month,Yes,Mailed check,63.21,4619.26,No
CUST-14229,Male,0,No,Yes,1,Yes,No,Yes,No,Two year,Yes,Mailed check,33.19,33.52,No
CUST-14230,Female,0,No,No,7,Yes,Fiber optic,No,No internet service,Two year,Yes,Mailed check,95.48,671.88,No
CUST-14231,Female,0,No,Yes,1,Yes,DSL,No,No,Two year,Yes,Bank transfer (automatic),71.47,66.58,No
CUST-14232,Male,0,Yes,Yes,7,Yes,Fiber optic,No internet service,Yes,One year,Yes,Bank transfer (automatic),100.14,661.14,No
CUST-14233,Female,0,No,No,20,Yes,DSL,No,No,One year,No,Electronic check,67.63,1349.24,No
CUST-14234,Female,0,Yes,No,31,Yes,DSL,No,No,Month-to-month,No,Electronic check,33.09,1005.97,No
CUST-14235,Female,1,No,No,6,Yes,No,No internet service,No,Month-to-month,No,Electronic check,25.01,150.08,No
CUST-14236,Male,0,No,No,21,Yes,Fiber optic,No,No,One year,No,Electronic check,78.74,1661.89,No
CUST-14237,Male,0,Yes,No,3,Yes,Fiber optic,No,No,Month-to-month,No,Mailed check,58.92,177.86,Yes
CUST-14238,Female,0,No,No,44,Yes,No,No internet service,No,One year,Yes,Credit card (automatic),18.0,766.59,No
CUST-14239,Male,0,No,No,0,Yes,No,No internet service,No,Two year,No,Mailed check,28.09,,No
CUST-14240,Female,1,No,Yes,6,Yes,DSL,No internet service,No,One year,No,Credit card (automatic),35.88,196.11,No
CUST-14241,Male,0,No,Yes,43,No,DSL,No,No internet service,Two year,No,Mailed check,50.72,1969.79,No
CUST-14242,Male,0,Yes,No,7,Yes,Fiber optic,Yes,No,Month-to-month,No,Bank transfer (automatic),83.89,574.29,Yes
CUST-14243,Female,1,No,Yes,13,Yes,Fiber optic,No internet service,Yes,Month-to-month,Yes,Mailed check,83.51,987.48,No
CUST-14244,Male,0,Yes,Yes,36,Yes,Fiber optic,No,No internet service,One year,No,Bank transfer (automatic),94.63,3291.49,No
CUST-14245,Female,0,No,No,12,Yes,Fiber optic,Yes,No,Month-to-month,Yes,Electronic check,66.66,786.51,Yes
CUST-14246,Female,0,No,No,45,No,Fiber optic,No internet service,Yes,Month-to-month,No,Electronic check,92.53,3880.31,No
CUST-14247,Male,0,Yes,No,20,No,DSL,No,No,Two year,No,Bank transfer (automatic),61.62,1263.84,No
CUST-14248,Female,0,No,No,3,Yes,No,No,Yes,Two year,Yes,Electronic check,25.26,72.51,No
CUST-14249,Male,1,No,Yes,16,Yes,DSL,Yes,No internet service,Month-to-month,No,Mailed check,73.86,1160.24,No
CUST-14250,Male,0,No,No,72,Yes,DSL,No,No,One year,No,Electronic check,50.98,3331.14,No
CUST-14251,Female,0,Yes,No,40,Yes,Fiber optic,No,No,Month-to-month,Yes,Electronic check,89.99,3430.7,No
CUST-14252,Female,0,Yes,Yes,0,Yes,DSL,No,No,One year,Yes,Electronic check,54.7,,No
CUST-14253,Female,0,No,No,5,Yes,DSL,No,Yes,Month-to-month,Yes,Credit card (automatic),49.06,241.16,No
CUST-14254,Male,0,No,Yes,31,Yes,Fiber optic,No internet service,No internet service,Month-to-month,No,Mailed check,92.7,2941.48,Yes
CUST-14255,Male,0,Yes,No,5,Yes,Fiber optic,No internet service,Yes,One year,No,Credit card (automatic),103.35,524.37,No
CUST-14256,Male,0,Yes,No,72,Yes,DSL,No,No internet service,Month-to-month,Yes,Credit card (automatic),59.62,4369.46,No
CUST-14257,Female,0,Yes,No,3,Yes,DSL,No internet service,Yes,Two year,Yes,Bank transfer (automatic),53.16,158.22,No
CUST-14258,Male,1,Yes,No,2,Yes,DSL,No,No,Month-to-month,No,Electronic check,56.92,108.91,No
CUST-14259,Male,0,Yes,No,21,No,Fiber optic,No internet service,Yes,Month-to-month,No,Bank transfer (automatic),75.07,1565.32,No
CUST-14260,Female,0,Yes,No,4,Yes,Fiber optic,No,No,Month-to-month,Yes,Bank transfer (automatic),91.15,357.13,Yes
CUST-14261,Male,0,Yes,Yes,1,Yes,DSL,No,No,Month-to-month,Yes,Electronic check,54.67,52.69,No
CUST-14262,Male,1,Yes,No,56,Yes,No,No,No,Two year,Yes,Mailed check,36.6,2019.99,No
CUST-14263,Female,1,No,No,14,No,Fiber optic,Yes,No internet service,One year,Yes,Bank transfer (automatic),85.56,1089.68,No
CUST-14264,Male,1,Yes,Yes,25,Yes,DSL,No internet service,No,Two year,No,Mailed check,59.25,1459.68,No
CUST-14265,Male,0,Yes,No,6,Yes,Fiber optic,No,Yes,Two year,Yes,Electronic check,112.57,641.71,No
CUST-14266,Female,1,No,No,7,Yes,DSL,No,No,One year,Yes,Bank transfer (automatic),43.3,303.54,No
CUST-14267,Male,1,Yes,Yes,7,Yes,Fiber optic,No internet service,No,Month-to-month,No,Credit card (automatic),91.36,594.0,Yes
CUST-14268,Male,0,Yes,Yes,12,Yes,Fiber optic,Yes,No,Two year,No,Electronic check,74.59,866.91,No
CUST-14269,Female,0,Yes,No,6,Yes,DSL,No,Yes,One year,Yes,Bank transfer (automatic),69.92,390.3,No
CUST-14270,Male,0,No,Yes,10,Yes,Fiber optic,No,No internet service,Month-to-month,Yes,Bank transfer (automatic),95.06,976.84,Yes
CUST-14271,Male,0,No,No,13,Yes,No,No internet service,No,Month-to-month,No,Mailed check,22.94,274.35,Yes
CUST-14272,Male,0,No,No,19,Yes,DSL,No,No internet service,Month-to-month,Yes,Mailed check,49.12,927.4,Yes
CUST-14273,Male,0,Yes,Yes,3,Yes,Fiber optic,No,No,One year,No,Electronic check,95.06,258.07,No
CUST-14274,Male,0,No,Yes,23,Yes,Fiber optic,No,No,Month-to-month,Yes,Electronic check,69.0,1472.6,No
CUST-14275,Female,0,Yes,No,0,Yes,DSL,Yes,No,Two year,Yes,Bank transfer (automatic),54.84,,No
CUST-14276,Female,0,No,No,3,Yes,Fiber optic,No,No,Month-to-month,No,Electronic check,60.15,172.59,Yes
CUST-14277,Male,0,No,No,5,Yes,DSL,No,No,Month-to-month,No,Credit card (automatic),49.7,238.24,No
CUST-14278,Female,0,No,No,46,Yes,Fiber optic,No,No,Two year,No,Electronic check,87.27,3695.89,No
CUST-14279,Male,0,No,Yes,16,Yes,Fiber optic,No internet service,No internet service,Month-to-month,Yes,Electronic check,66.16,1045.65,No
CUST-14280,Male,0,No,No,50,Yes,Fiber optic,No internet service,No,One year,Yes,Credit card (automatic),79.57,3695.06,Yes
CUST-14281,Female,0,No,Yes,2,Yes,Fiber optic,No,No internet service,Two year,No,Credit card (automatic),97.95,184.19,No
CUST-14282,Female,0,No,No,8,Yes,Fiber optic,No,Yes,Two year,Yes,Credit card (automatic),110.48,895.53,No
CUST-14283,Female,0,No,No,35,No,Fiber optic,No,No,One year,No,Bank transfer (automatic),107.79,3427.37,No
CUST-14284,Female,1,No,Yes,22,Yes,Fiber optic,No internet service,No internet service,Month-to-month,Yes,Electronic check,59.1,1272.96,No
CUST-14285,Male,1,No,Yes,8,Yes,No,No,No,One year,Yes,Mailed check,25.21,208.77,No
CUST-14286,Male,0,No,No,72,Yes,No,No,Yes,Two year,Yes,Mailed check,36.69,2446.98,No
CUST-14287,Male,0,No,Yes,4,Yes,Fiber optic,No,No internet service,Two year,Yes,Credit card (automatic),88.15,345.06,No
CUST-14288,Female,0,No,No,3,Yes,Fiber optic,Yes,Yes,One year,Yes,Electronic check,78.38,234.94,Yes
CUST-14289,Male,1,No,No,4,Yes,Fiber optic,No internet service,Yes,Month-to-month,Yes,Credit card (automatic),95.98,357.93,No
CUST-14290,Male,0,Yes,No,1,Yes,Fiber optic,No internet service,No,Month-to-month,No,Electronic check,87.46,90.36,Yes
CUST-14291,Female,0,No,No,72,Yes,Fiber optic,Yes,No internet service,One year,No,Credit card (automatic),79.4,5499.61,No
CUST-14292,Male,0,Yes,No,56,Yes,DSL,Yes,No,Month-to-month,Yes,Electronic check,50.84,2630.66,Yes
CUST-14293,Male,1,No,Yes,10,Yes,No,No internet service,No,Month-to-month,No,Mailed check,18.0,179.51,No
CUST-14294,Male,0,No,Yes,15,Yes,Fiber optic,No,No internet service,Month-to-month,Yes,Electronic check,75.81,1078.52,Yes
CUST-14295,Female,0,Yes,No,13,Yes,DSL,Yes,Yes,Month-to-month,Yes,Electronic check,38.42,483.96,No
CUST-14296,Female,0,No,No,0,Yes,Fiber optic,No,No,One year,Yes,Mailed check,80.58,,No
CUST-14297,Female,0,No,No,33,Yes,No,No,No,Month-to-month,Yes,Credit card (automatic),19.1,605.79,No
CUST-14298,Male,0,No,No,22,Yes,Fiber optic,No,No,One year,No,Electronic check,86.01,1815.41,No
CUST-14299,Female,0,Yes,No,10,Yes,No,Yes,Yes,Two year,Yes,Credit card (automatic),18.0,185.85,No
CUST-14300,Female,1,Yes,Yes,40,Yes,No,Yes,No internet service,Two year,Yes,Electronic check,27.44,1102.17,No
CUST-14301,Male,0,Yes,Yes,3,Yes,DSL,Yes,No,Month-to-month,Yes,Bank transfer (automatic),44.9,141.17,No
CUST-14302,Female,0,No,No,9,Yes,DSL,No,No,Month-to-month,Yes,Electronic check,49.56,449.38,Yes
CUST-14303,Female,0,Yes,No,54,Yes,DSL,No internet service,Yes,Month-to-month,Yes,Credit card (automatic),79.51,4119.91,No
CUST-14304,Male,0,No,No,49,Yes,DSL,No,Yes,Month-to-month,No,Mailed check,87.52,4318.08,Yes
CUST-14305,Male,0,Yes,No,32,Yes,Fiber optic,No internet service,Yes,Month-to-month,Yes,Mailed check,102.91,3137.89,Yes
CUST-14306,Male,0,Yes,Yes,1,Yes,DSL,No internet service,No,Month-to-month,No,Credit card (automatic),51.97,52.6,Yes
CUST-14307,Female,0,Yes,No,62,Yes,No,No,No,Two year,Yes,Electronic check,29.69,1780.85,No
CUST-14308,Male,0,Yes,No,1,Yes,Fiber optic,No internet service,No internet service,One year,Yes,Electronic check,110.86,104.4,No
CUST-14309,Male,0,Yes,No,3,Yes,Fiber optic,No,Yes,Two year,No,Bank transfer (automatic),70.19,201.68,No
CUST-14310,Male,1,Yes,No,26,Yes,DSL,No,Yes,One year,No,Mailed check,64.73,1700.21,No
CUST-14311,Female,0,Yes,Yes,18,Yes,Fiber optic,No,No,Month-to-month,Yes,Mailed check,64.34,1111.62,No
CUST-14312,Female,1,Yes,No,34,Yes,DSL,Yes,No internet service,One year,Yes,Bank transfer (automatic),46.78,1558.21,No
CUST-14313,Female,0,No,No,6,Yes,DSL,No,No,Month-to-month,Yes,Credit card (automatic),52.69,288.22,No
CUST-14314,Female,0,Yes,Yes,4,Yes,DSL,No,No internet service,Month-to-month,No,Bank transfer (automatic),71.09,262.56,No
CUST-14315,Male,0,Yes,No,2,Yes,Fiber optic,No internet service,Yes,Month-to-month,Yes,Electronic check,92.0,171.56,No
CUST-14316,Female,0,Yes,Yes,32,Yes,Fiber optic,Yes,Yes,Month-to-month,No,Credit card (automatic),74.25,2320.31,No
CUST-14317,Male,0,No,No,0,Yes,Fiber optic,No,No,Two year,No,Credit card (automatic),95.88,,No
CUST-14318,Male,0,Yes,Yes,35,Yes,DSL,Yes,Yes,Month-to-month,Yes,Credit card (automatic),63.73,2155.43,No
CUST-14319,Female,0,Yes,No,4,No,Fiber optic,No internet service,No,Month-to-month,No,Credit card (automatic),98.1,384.76,Yes
CUST-14320,Male,0,Yes,Yes,12,Yes,DSL,No internet service,Yes,Month-to-month,Yes,Mailed check,61.96,746.53,No
CUST-14321,Male,0,Yes,No,7,Yes,DSL,Yes,No,Month-to-month,Yes,Electronic check,57.0,364.33,Yes
CUST-14322,Female,0,No,Yes,10,Yes,DSL,Yes,No,Two year,Yes,Mailed check,68.24,714.82,No
CUST-14323,Male,0,No,Yes,33,Yes,Fiber optic,No,Yes,Month-to-month,No,Electronic check,101.11,3416.69,No
CUST-14324,Female,1,Yes,No,23,Yes,Fiber optic,No,No internet service,Month-to-month,No,Mailed check,100.92,2167.71,Yes
CUST-14325,Female,0,No,No,23,Yes,DSL,No internet service,No internet service,Month-to-month,Yes,Electronic check,55.09,1180.07,No
CUST-14326,Female,1,No,No,8,Yes,DSL,Yes,No,Month-to-month,Yes,Credit card (automatic),88.25,721.47,Yes
CUST-14327,Female,1,No,Yes,2,Yes,DSL,No,No internet service,Two year,Yes,Mailed check,43.35,85.02,No
CUST-14328,Male,0,Yes,No,16,Yes,Fiber optic,Yes,No internet service,One year,Yes,Electronic check,60.76,1006.5,No
CUST-14329,Male,0,No,No,10,Yes,Fiber optic,No,No internet service,Month-to-month,Yes,Electronic check,78.49,811.78,Yes
CUST-14330,Male,0,Yes,No,2,Yes,DSL,Yes,No internet service,Month-to-month,No,Mailed check,65.05,120.89,Yes
CUST-14331,Male,0,No,No,34,Yes,DSL,No,No,Two year,No,Credit card (automatic),52.64,1728.52,No
CUST-14332,Female,1,No,Yes,8,Yes,Fiber optic,No,No,Month-to-month,Yes,Electronic check,114.51,874.19,No
CUST-14333,Male,0,Yes,No,0,Yes,No,No,No internet service,Two year,No,Electronic check,20.78,,No
CUST-14334,Female,0,Yes,Yes,57,Yes,Fiber optic,No internet service,Yes,Two year,Yes,Bank transfer (automatic),62.08,3342.87,No
CUST-14335,Male,1,No,No,20,Yes,DSL,No,No,Month-to-month,No,Bank transfer (automatic),67.54,1359.94,No
CUST-14336,Female,0,No,No,51,Yes,Fiber optic,No,No,One year,No,Credit card (automatic),58.06,2807.4,Yes
CUST-14337,Male,0,No,No,1,Yes,Fiber optic,No,No,Month-to-month,No,Bank transfer (automatic),94.99,94.8,No
CUST-14338,Female,1,No,No,23,Yes,Fiber optic,No,No,Month-to-month,No,Electronic check,86.16,1834.96,Yes
CUST-14339,Female,1,No,Yes,19,Yes,No,Yes,No,Month-to-month,Yes,Electronic check,21.98,402.46,Yes
CUST-14340,Male,0,No,No,25,No,DSL,No,No,Two year,No,Bank transfer (automatic),29.08,719.21,No
CUST-14341,Male,0,No,No,1,Yes,Fiber optic,No,No internet service,Two year,Yes,Mailed check,52.12,53.08,No
CUST-14342,Male,0,No,Yes,19,Yes,Fiber optic,No,Yes,Two year,No,Mailed check,66.69,1287.68,No
CUST-14343,Female,0,No,No,67,Yes,No,Yes,Yes,One year,Yes,Bank transfer (automatic),28.64,1800.6,No
CUST-14344,Male,0,No,No,1,Yes,Fiber optic,No,No internet service,One year,Yes,Electronic check,77.21,76.06,No
CUST-14345,Male,0,No,No,72,Yes,DSL,No internet service,No internet service,Month-to-month,Yes,Electronic check,70.85,4692.19,No
CUST-14346,Female,0,No,No,40,Yes,DSL,No,No,Month-to-month,Yes,Mailed check,70.14,2612.34,No
CUST-14347,Male,0,Yes,Yes,32,No,DSL,No,No,Month-to-month,No,Electronic check,59.94,1894.11,No
CUST-14348,Male,0,No,No,45,No,Fiber optic,Yes,No,Month-to-month,Yes,Electronic check,66.06,2705.61,No
CUST-14349,Male,0,No,No,36,Yes,DSL,No,No,Month-to-month,No,Electronic check,47.33,1783.37,Yes
CUST-14350,Male,0,No,No,32,Yes,No,No,Yes,One year,No,Bank transfer (automatic),21.55,722.64,Yes
CUST-14351,Male,0,Yes,No,9,No,No,No,Yes,One year,Yes,Electronic check,27.29,246.09,No
CUST-14352,Female,0,No,No,19,Yes,Fiber optic,No,No,One year,Yes,Mailed check,56.27,1079.88,No
CUST-14353,Female,0,Yes,Yes,3,Yes,Fiber optic,Yes,No internet service,One year,Yes,Mailed check,77.85,218.85,No
CUST-14354,Female,0,No,No,28,Yes,Fiber optic,Yes,No internet service,One year,Yes,Credit card (automatic),106.32,2793.91,No
CUST-14355,Female,0,No,Yes,15,Yes,No,No,No internet service,Month-to-month,Yes,Electronic check,18.0,272.72,No
CUST-14356,Male,0,Yes,Yes,44,Yes,Fiber optic,Yes,No internet service,Month-to-month,Yes,Credit card (automatic),96.97,4157.91,No
CUST-14357,Female,0,Yes,No,17,Yes,Fiber optic,No,No,Month-to-month,Yes,Electronic check,68.66,1152.93,Yes
CUST-14358,Female,0,No,No,4,Yes,Fiber optic,Yes,Yes,Month-to-month,No,Credit card (automatic),96.29,393.21,Yes
CUST-14359,Male,0,Yes,No,17,Yes,Fiber optic,No internet service,No,Two year,No,Bank transfer (automatic),77.81,1232.08,No
CUST-14360,Male,0,No,No,39,Yes,No,No,No internet service,Month-to-month,No,Electronic check,42.73,1591.63,No
CUST-14361,Male,0,Yes,No,72,Yes,DSL,No,No,One year,Yes,Electronic check,52.17,3682.83,No
CUST-14362,Female,0,No,No,36,Yes,DSL,No internet service,No,Two year,No,Mailed check,47.84,1713.45,No
CUST-14363,Male,1,No,No,1,Yes,Fiber optic,No,Yes,Month-to-month,Yes,Bank transfer (automatic),112.38,114.81,Yes
CUST-14364,Female,0,No,No,72,Yes,DSL,No,No,Month-to-month,Yes,Mailed check,88.91,6023.65,Yes
CUST-14365,Male,1,No,No,33,Yes,No,No internet service,No,Month-to-month,No,Credit card (automatic),21.72,750.84,No
CUST-14366,Male,0,Yes,No,5,Yes,Fiber optic,No,Yes,Two year,No,Credit card (automatic),96.67,451.31,Yes
CUST-14367,Female,0,No,No,6,Yes,Fiber optic,No,Yes,Two year,Yes,Mailed check,69.61,413.93,No
CUST-14368,Male,0,No,No,25,Yes,No,No,No,Month-to-month,Yes,Credit card (automatic),25.16,636.5,Yes
CUST-14369,Female,0,Yes,No,12,No,DSL,Yes,Yes,Month-to-month,Yes,Credit card (automatic),64.36,710.97,Yes
CUST-14370,Female,0,No,Yes,1,Yes,Fiber optic,No internet service,No internet service,Two year,No,Mailed check,102.37,94.62,No
CUST-14371,Male,0,Yes,No,11,Yes,No,Yes,Yes,Month-to-month,Yes,Bank transfer (automatic),32.11,333.53,No
CUST-14372,Male,0,No,Yes,2,No,DSL,Yes,No internet service,Month-to-month,No,Credit card (automatic),67.41,136.36,No
CUST-14373,Female,0,No,No,34,Yes,Fiber optic,No,Yes,One year,No,Electronic check,60.25,1915.76,No
CUST-14374,Male,0,No,No,35,Yes,Fiber optic,No,No internet service,One year,Yes,Credit card (automatic),99.49,3350.84,No
CUST-14375,Female,0,No,Yes,20,Yes,Fiber optic,No internet service,Yes,Month-to-month,Yes,Bank transfer (automatic),89.51,1641.95,No
CUST-14376,Male,0,Yes,Yes,54,Yes,Fiber optic,No,No,Two year,Yes,Electronic check,81.9,4515.49,No
CUST-14377,Male,1,No,Yes,18,Yes,DSL,Yes,Yes,Two year,No,Electronic check,73.27,1345.19,No
CUST-14378,Female,0,Yes,No,7,Yes,No,No,No internet service,Month-to-month,No,Electronic check,36.29,238.08,No
CUST-14379,Female,0,No,Yes,28,Yes,DSL,No,No internet service,Month-to-month,Yes,Credit card (automatic),58.01,1496.54,No
CUST-14380,Female,0,No,Yes,7,Yes,Fiber optic,No,No,Two year,Yes,Bank transfer (automatic),91.54,610.07,No
CUST-14381,Female,0,Yes,Yes,15,Yes,Fiber optic,No internet service,No internet service,Month-to-month,No,Credit card (automatic),94.4,1403.25,No
CUST-14382,Male,0,No,No,28,Yes,DSL,No,No internet service,Month-to-month,Yes,Credit card (automatic),72.79,1938.33,No
CUST-14383,Female,1,No,No,33,Yes,No,No,No internet service,Month-to-month,No,Electronic check,18.0,601.08,No
CUST-14384,Female,1,No,No,46,Yes,Fiber optic,Yes,Yes,Month-to-month,No,Mailed check,67.18,3087.85,No
CUST-14385,Male,0,No,No,21,No,Fiber optic,Yes,No,Month-to-month,Yes,Mailed check,79.51,1624.9,Yes
CUST-14386,Female,0,Yes,No,8,Yes,Fiber optic,No,No internet service,Month-to-month,Yes,Mailed check,105.35,876.59,No
CUST-14387,Female,0,Yes,No,38,Yes,DSL,No internet service,No,One year,Yes,Bank transfer (automatic),70.35,2642.99,No
CUST-14388,Male,0,No,No,14,Yes,DSL,No,No,Month-to-month,No,Bank transfer (automatic),52.53,768.53,Yes
CUST-14389,Female,0,No,Yes,2,No,DSL,Yes,No,Month-to-month,Yes,Mailed check,38.69,73.03,No
CUST-14390,Male,0,No,Yes,10,Yes,DSL,Yes,Yes,Month-to-month,No,Electronic check,74.38,763.95,No
CUST-14391,Male,1,Yes,No,24,Yes,DSL,No,Yes,Month-to-month,No,Mailed check,72.19,1722.97,Yes
CUST-14392,Male,1,No,No,23,Yes,DSL,Yes,Yes,Two year,Yes,Mailed check,46.95,985.89,No
CUST-14393,Female,0,No,No,20,Yes,Fiber optic,Yes,No,Month-to-month,Yes,Bank transfer (automatic),68.12,1335.37,Yes
CUST-14394,Female,0,No,Yes,6,Yes,Fiber optic,Yes,No internet service,Month-to-month,No,Electronic check,96.0,521.96,No
CUST-14395,Female,0,Yes,No,28,Yes,DSL,Yes,Yes,Month-to-month,Yes,Bank transfer (automatic),70.88,2081.27,No
CUST-14396,Male,0,No,No,3,Yes,DSL,No,No,Month-to-month,Yes,Credit card (automatic),49.36,141.91,No
CUST-14397,Male,0,Yes,No,10,Yes,No,Yes,No internet service,Month-to-month,Yes,Electronic check,26.17,245.43,Yes
CUST-14398,Male,1,No,No,3,Yes,DSL,Yes,Yes,Two year,No,Bank transfer (automatic),56.51,167.41,No
CUST-14399,Male,0,Yes,No,0,Yes,Fiber optic,No,No,Month-to-month,Yes,Electronic check,107.06,,Yes
CUST-14400,Male,1,Yes,Yes,9,Yes,No,No internet service,Yes,Month-to-month,No,Credit card (automatic),29.21,261.24,No
CUST-14401,Male,0,Yes,No,31,Yes,Fiber optic,No,Yes,Month-to-month,No,Electronic check,79.05,2233.7,Yes
CUST-14402,Male,0,No,No,0,No,DSL,No,No internet service,Month-to-month,Yes,Mailed check,36.23,,Yes
CUST-14403,Male,0,No,No,9,Yes,DSL,No,No internet service,Month-to-month,Yes,Credit card (automatic),39.42,344.27,No
CUST-14404,Male,0,Yes,No,56,Yes,No,No,No,One year,Yes,Bank transfer (automatic),18.0,1016.01,No
CUST-14405,Male,0,Yes,No,55,Yes,Fiber optic,No,No,One year,Yes,Electronic check,61.38,3462.99,Yes
CUST-14406,Male,0,No,No,24,Yes,Fiber optic,No internet service,Yes,Month-to-month,No,Electronic check,74.43,1772.81,No
CUST-14407,Female,1,Yes,No,25,Yes,DSL,Yes,No,Two year,No,Mailed check,58.37,1402.21,No
CUST-14408,Male,0,Yes,Yes,9,Yes,Fiber optic,Yes,No internet service,One year,No,Credit card (automatic),93.72,791.15,No
CUST-14409,Female,0,Yes,No,19,Yes,No,No,Yes,Month-to-month,Yes,Credit card (automatic),31.08,574.35,No
CUST-14410,Male,0,Yes,Yes,41,Yes,DSL,No internet service,No,Month-to-month,Yes,Credit card (automatic),59.22,2331.97,No
CUST-14411,Female,0,Yes,No,27,Yes,No,No,Yes,Month-to-month,Yes,Electronic check,18.55,453.29,No
CUST-14412,Female,0,No,No,19,Yes,Fiber optic,No,No internet service,Month-to-month,Yes,Electronic check,89.09,1577.79,Yes
CUST-14413,Male,0,No,Yes,12,Yes,No,Yes,No,Two year,Yes,Credit card (automatic),21.46,238.35,No
CUST-14414,Male,1,No,Yes,18,Yes,Fiber optic,No,No,Month-to-month,No,Electronic check,81.66,1421.75,Yes
CUST-14415,Male,0,No,No,72,Yes,DSL,No,No internet service,Month-to-month,Yes,Electronic check,54.84,3729.62,No
CUST-14416,Male,0,Yes,No,54,Yes,DSL,No,No,Month-to-month,No,Credit card (automatic),42.15,2173.33,No
CUST-14417,Male,0,No,No,1,Yes,DSL,No,No internet service,Month-to-month,Yes,Bank transfer (automatic),50.22,46.16,No
CUST-14418,Male,1,No,No,9,Yes,Fiber optic,Yes,No,One year,No,Electronic check,105.74,952.95,Yes
CUST-14419,Female,0,No,No,33,Yes,Fiber optic,No internet service,Yes,Month-to-month,Yes,Credit card (automatic),98.73,3021.52,No
CUST-14420,Male,0,No,No,10,No,Fiber optic,No internet service,No,Month-to-month,Yes,Mailed check,85.27,769.72,Yes
CUST-14421,Male,0,Yes,No,5,Yes,No,No internet service,Yes,Month-to-month,No,Electronic check,43.67,216.4,No
CUST-14422,Male,0,Yes,No,0,Yes,Fiber optic,No,No internet service,Two year,Yes,Bank transfer (automatic),90.26,,No
CUST-14423,Female,1,No,No,21,Yes,DSL,No,No,Month-to-month,Yes,Bank transfer (automatic),69.36,1451.16,Yes
CUST-14424,Female,0,No,Yes,8,Yes,No,No internet service,No internet service,Two year,Yes,Mailed check,33.74,268.03,No
CUST-14425,Male,0,Yes,No,35,Yes,Fiber optic,No,No,Month-to-month,No,Credit card (automatic),74.13,2691.98,No
CUST-14426,Male,0,No,No,27,Yes,Fiber optic,No internet service,Yes,Month-to-month,No,Electronic check,86.59,2281.02,Yes
CUST-14427,Female,0,No,No,4,Yes,No,No internet service,No internet service,Two year,No,Electronic check,18.0,74.67,No
CUST-14428,Male,0,Yes,Yes,19,Yes,DSL,No,No,Month-to-month,Yes,Mailed check,56.53,1035.89,No
CUST-14429,Male,0,No,Yes,9,Yes,Fiber optic,No,Yes,One year,Yes,Electronic check,115.21,1062.37,Yes
CUST-14430,Male,0,No,No,29,Yes,Fiber optic,Yes,No,Month-to-month,Yes,Electronic check,91.66,2677.74,Yes
CUST-14431,Female,0,No,No,6,Yes,No,No,No,One year,Yes,Credit card (automatic),19.44,119.04,No
CUST-14432,Female,0,No,No,45,Yes,DSL,No,Yes,Month-to-month,Yes,Bank transfer (automatic),52.18,2380.09,No
CUST-14433,Female,0,Yes,No,27,Yes,DSL,No,No internet service,One year,No,Electronic check,71.6,1908.14,No
CUST-14434,Female,0,No,No,26,Yes,DSL,Yes,No,Month-to-month,No,Electronic check,49.14,1248.75,No
CUST-14435,Female,0,No,Yes,22,Yes,Fiber optic,No internet service,Yes,Month-to-month,Yes,Electronic check,80.55,1664.68,Yes
CUST-14436,Male,0,Yes,Yes,59,Yes,DSL,Yes,No internet service,Month-to-month,Yes,Mailed check,44.61,2433.99,No
CUST-14437,Male,0,Yes,No,30,Yes,No,Yes,Yes,Month-to-month,No,Bank transfer (automatic),25.09,720.52,No
CUST-14438,Male,0,Yes,No,2,Yes,No,Yes,No,Two year,No,Credit card (automatic),26.31,51.16,No
CUST-14439,Male,1,Yes,Yes,2,Yes,No,No,No internet service,Month-to-month,No,Electronic check,29.35,59.41,No
CUST-14440,Male,1,Yes,No,18,Yes,No,No,No,Two year,Yes,Electronic check,27.26,498.08,No
CUST-14441,Female,1,No,No,12,Yes,No,No,No internet service,Month-to-month,Yes,Electronic check,18.0,202.35,No
CUST-14442,Female,0,No,No,4,Yes,Fiber optic,No,No internet service,Month-to-month,No,Electronic check,84.36,351.76,Yes
CUST-14443,Female,0,Yes,Yes,49,Yes,Fiber optic,No internet service,Yes,Month-to-month,Yes,Credit card (automatic),89.14,4039.05,No
CUST-14444,Female,0,Yes,No,1,Yes,Fiber optic,No internet service,No,One year,Yes,Electronic check,88.35,90.37,No
CUST-14445,Male,0,Yes,No,72,No,Fiber optic,Yes,No,One year,Yes,Electronic check,50.17,3264.33,No
CUST-14446,Male,1,No,Yes,8,Yes,DSL,No,No,Month-to-month,Yes,Credit card (automatic),36.9,279.78,No
CUST-14447,Male,1,No,No,72,Yes,DSL,No,No,Month-to-month,No,Credit card (automatic),62.55,4411.45,No
CUST-14448,Female,0,No,No,11,Yes,Fiber optic,No internet service,No,Month-to-month,Yes,Bank transfer (automatic),62.76,640.16,Yes
CUST-14449,Female,1,No,No,4,Yes,Fiber optic,No,No,One year,No,Mailed check,65.77,242.56,No
CUST-14450,Male,1,Yes,Yes,67,Yes,DSL,No,No internet service,Month-to-month,No,Electronic check,46.48,2902.9,Yes
CUST-14451,Female,1,No,No,35,Yes,DSL,No,No,One year,Yes,Mailed check,63.18,2129.53,No
CUST-14452,Female,0,Yes,No,33,Yes,DSL,No,No,One year,No,Credit card (automatic),63.66,2107.04,No
CUST-14453,Male,1,Yes,Yes,46,Yes,DSL,No,Yes,Month-to-month,Yes,Bank transfer (automatic),62.87,2893.67,No
CUST-14454,Female,0,No,No,22,Yes,Fiber optic,No,Yes,Two year,Yes,Bank transfer (automatic),105.9,2209.44,No
CUST-14455,Female,0,No,No,31,Yes,DSL,No internet service,No,Month-to-month,Yes,Credit card (automatic),55.95,1799.42,Yes
CUST-14456,Male,0,No,No,29,Yes,Fiber optic,No,No,Month-to-month,Yes,Mailed check,94.05,2501.67,Yes
CUST-14457,Male,1,No,No,0,Yes,Fiber optic,Yes,No,Month-to-month,No,Credit card (automatic),72.95,,Yes
CUST-14458,Female,0,No,Yes,8,Yes,DSL,No internet service,No,Two year,Yes,Electronic check,58.65,448.45,No
CUST-14459,Female,0,Yes,No,16,Yes,Fiber optic,No internet service,No,Month-to-month,Yes,Credit card (automatic),84.5,1240.11,No
CUST-14460,Female,1,Yes,No,2,No,Fiber optic,Yes,Yes,One year,No,Credit card (automatic),97.56,201.25,Yes
CUST-14461,Female,0,No,No,16,No,DSL,No internet service,No internet service,Two year,Yes,Credit card (automatic),48.53,788.63,No
CUST-14462,Female,0,Yes,Yes,28,Yes,DSL,No,No internet service,One year,No,Credit card (automatic),42.05,1197.79,No
CUST-14463,Female,0,No,No,0,Yes,Fiber optic,No,Yes,Month-to-month,No,Bank transfer (automatic),81.56,,Yes
CUST-14464,Female,0,No,No,11,Yes,No,No,No,Two year,No,Electronic check,18.0,206.97,No
CUST-14465,Female,0,Yes,Yes,9,Yes,DSL,Yes,No,Two year,Yes,Electronic check,84.84,706.86,No
CUST-14466,Female,0,No,Yes,8,Yes,DSL,No internet service,No internet service,Month-to-month,Yes,Bank transfer (automatic),48.84,352.09,No
CUST-14467,Male,0,No,No,2,No,DSL,No,No,Two year,No,Mailed check,67.22,128.44,No
CUST-14468,Female,0,No,Yes,12,No,No,Yes,No,Two year,Yes,Credit card (automatic),18.0,212.23,Yes
CUST-14469,Female,0,No,No,36,Yes,Fiber optic,No,No internet service,Month-to-month,Yes,Electronic check,85.55,2978.29,No
CUST-14470,Male,0,No,Yes,32,Yes,Fiber optic,Yes,No,Month-to-month,No,Electronic check,83.63,2614.51,Yes
CUST-14471,Female,0,No,No,72,Yes,No,No,No,Month-to-month,No,Mailed check,27.07,2002.53,No
CUST-14472,Female,0,No,No,4,Yes,Fiber optic,No,No internet service,Month-to-month,No,Credit card (automatic),88.2,319.49,Yes
CUST-14473,Male,0,No,No,24,Yes,No,No,No,Month-to-month,Yes,Bank transfer (automatic),31.17,764.59,No
CUST-14474,Male,1,No,No,48,Yes,DSL,Yes,No,Month-to-month,No,Credit card (automatic),60.44,3032.66,Yes
CUST-14475,Female,0,Yes,No,11,Yes,No,No,No internet service,Month-to-month,No,Bank transfer (automatic),20.21,224.11,No
CUST-14476,Female,0,No,No,53,Yes,Fiber optic,No,Yes,One year,No,Credit card (automatic),68.52,3702.01,No
CUST-14477,Male,0,Yes,No,13,Yes,Fiber optic,Yes,No,One year,Yes,Credit card (automatic),85.54,1119.68,No
CUST-14478,Male,0,No,No,12,Yes,Fiber optic,No,Yes,Two year,Yes,Electronic check,84.95,968.95,No
CUST-14479,Female,0,Yes,No,7,No,No,No,No internet service,Month-to-month,No,Credit card (automatic),19.18,128.85,No
CUST-14480,Female,1,Yes,No,9,Yes,DSL,No,No,One year,Yes,Bank transfer (automatic),60.34,546.12,Yes
CUST-14481,Male,0,Yes,No,11,Yes,No,No internet service,No,Month-to-month,Yes,Credit card (automatic),18.46,192.55,No
CUST-14482,Female,0,No,No,17,Yes,DSL,Yes,Yes,One year,No,Mailed check,69.48,1075.33,No
CUST-14483,Female,0,No,Yes,9,Yes,Fiber optic,No internet service,Yes,One year,Yes,Electronic check,69.04,588.34,No
CUST-14484,Female,0,No,No,7,Yes,Fiber optic,No,No,Month-to-month,No,Credit card (automatic),119.17,834.13,Yes
CUST-14485,Female,0,Yes,No,9,Yes,No,Yes,No,Month-to-month,Yes,Electronic check,27.39,235.78,No
CUST-14486,Female,0,Yes,No,12,No,Fiber optic,No internet service,Yes,One year,No,Mailed check,101.4,1193.98,Yes
CUST-14487,Female,0,Yes,No,37,Yes,No,Yes,No internet service,One year,No,Bank transfer (automatic),25.74,891.16,No
CUST-14488,Female,0,Yes,No,7,Yes,Fiber optic,No,No internet service,Month-to-month,No,Credit card (automatic),87.5,629.65,Yes
CUST-14489,Female,0,No,Yes,57,Yes,DSL,No,No,Month-to-month,No,Mailed check,70.07,3612.88,No
CUST-14490,Female,0,No,No,11,Yes,Fiber optic,No internet service,No internet service,One year,Yes,Credit card (automatic),94.71,983.38,No
CUST-14491,Male,0,Yes,No,1,Yes,DSL,Yes,Yes,Month-to-month,Yes,Bank transfer (automatic),47.57,47.01,No
CUST-14492,Male,0,Yes,No,37,Yes,DSL,No,Yes,One year,No,Electronic check,67.5,2439.96,No
CUST-14493,Male,0,No,Yes,19,No,Fiber optic,Yes,Yes,Month-to-month,Yes,Credit card (automatic),84.57,1490.43,Yes
CUST-14494,Male,0,No,No,35,No,Fiber optic,No,No,Month-to-month,Yes,Bank transfer (automatic),84.56,2805.0,Yes
CUST-14495,Female,1,No,No,11,Yes,Fiber optic,Yes,No internet service,Two year,Yes,Electronic check,80.89,844.75,No
CUST-14496,Female,0,No,No,28,No,Fiber optic,Yes,No internet service,Month-to-month,Yes,Mailed check,92.79,2429.98,No
CUST-14497,Female,0,No,No,4,No,No,No,Yes,Two year,Yes,Credit card (automatic),18.0,69.5,No
CUST-14498,Male,0,Yes,No,23,Yes,Fiber optic,No internet service,No,One year,Yes,Mailed check,79.45,1694.92,No
CUST-14499,Male,1,No,Yes,20,Yes,Fiber optic,No internet service,No,Two year,Yes,Electronic check,93.83,1762.39,Yes
CUST-14500,Female,0,Yes,Yes,21,Yes,Fiber optic,Yes,No,Month-to-month,Yes,Credit card (automatic),94.16,2067.7,Yes
CUST-14501,Male,0,No,Yes,24,Yes,DSL,Yes,No,Month-to-month,No,Bank transfer (automatic),39.51,936.52,No
CUST-14502,Male,0,Yes,No,72,Yes,DSL,No,No,Month-to-month,No,Electronic check,26.48,1853.62,No
CUST-14503,Female,0,No,Yes,35,Yes,DSL,Yes,Yes,Month-to-month,No,Mailed check,59.66,1893.94,No
CUST-14504,Male,1,Yes,Yes,32,Yes,Fiber optic,No,No,Month-to-month,No,Electronic check,86.95,2736.89,Yes
CUST-14505,Female,0,No,Yes,4,No,Fiber optic,No,No,One year,No,Electronic check,96.98,393.44,Yes
CUST-14506,Female,0,No,No,2,Yes,Fiber optic,No,Yes,Month-to-month,Yes,Credit card (automatic),87.99,179.44,No
CUST-14507,Female,0,No,Yes,11,Yes,DSL,No internet service,Yes,One year,Yes,Bank transfer (automatic),35.94,411.65,No
CUST-14508,Female,0,Yes,Yes,53,Yes,Fiber optic,No,No,Month-to-month,Yes,Electronic check,110.74,5839.28,Yes
CUST-14509,Female,1,Yes,Yes,17,Yes,No,Yes,No,One year,Yes,Electronic check,24.3,384.77,No
CUST-14510,Female,0,Yes,No,68,Yes,Fiber optic,No,No,Month-to-month,Yes,Bank transfer (automatic),77.18,5241.97,Yes
CUST-14511,Female,1,No,No,35,Yes,DSL,No,No,One year,No,Mailed check,63.35,2028.45,Yes
CUST-14512,Male,1,No,No,56,No,Fiber optic,Yes,Yes,One year,Yes,Credit card (automatic),97.09,5353.89,No
CUST-14513,Female,0,Yes,No,25,Yes,No,No,No,One year,No,Bank transfer (automatic),21.31,544.49,No
CUST-14514,Female,0,No,Yes,30,Yes,DSL,Yes,No,Month-to-month,Yes,Electronic check,78.55,2455.34,No
CUST-14515,Female,0,No,No,9,Yes,DSL,No internet service,Yes,Two year,Yes,Mailed check,51.2,473.17,No
CUST-14516,Female,0,Yes,No,10,Yes,No,No,No,Month-to-month,Yes,Electronic check,28.27,257.87,Yes
CUST-14517,Male,0,Yes,Yes,17,Yes,DSL,No,Yes,Two year,No,Mailed check,69.4,1115.08,No
CUST-14518,Female,0,Yes,Yes,63,Yes,No,No,No,Month-to-month,No,Mailed check,26.22,1616.13,No
CUST-14519,Female,0,No,Yes,24,Yes,DSL,No,Yes,Month-to-month,Yes,Credit card (automatic),55.07,1288.87,No
CUST-14520,Female,0,No,No,16,Yes,No,No,No,One year,No,Electronic check,26.98,409.49,No
CUST-14521,Male,1,Yes,No,11,Yes,DSL,No,No internet service,Two year,No,Credit card (automatic),56.9,624.49,No
CUST-14522,Female,0,No,Yes,61,Yes,No,No,No,Month-to-month,Yes,Bank transfer (automatic),18.0,1063.01,No
CUST-14523,Male,0,No,Yes,16,Yes,Fiber optic,Yes,No,Two year,No,Bank transfer (automatic),82.25,1226.77,No
CUST-14524,Male,0,Yes,No,31,Yes,Fiber optic,No,No,Two year,Yes,Bank transfer (automatic),59.62,1773.39,No
CUST-14525,Female,0,Yes,No,5,Yes,DSL,No,No internet service,Month-to-month,Yes,Credit card (automatic),58.83,269.22,No
CUST-14526,Female,0,Yes,No,43,Yes,Fiber optic,No,No internet service,Month-to-month,Yes,Electronic check,87.41,3594.62,Yes
CUST-14527,Male,1,Yes,Yes,18,Yes,Fiber optic,Yes,Yes,Two year,No,Bank transfer (automatic),84.86,1483.14,No
CUST-14528,Male,0,Yes,Yes,17,Yes,Fiber optic,No,No,Two year,Yes,Bank transfer (automatic),94.91,1555.87,No
CUST-14529,Female,0,No,No,29,Yes,Fiber optic,No,No,Month-to-month,Yes,Credit card (automatic),98.44,2881.45,No
CUST-14530,Male,0,No,Yes,72,Yes,Fiber optic,No,No,Month-to-month,Yes,Electronic check,75.68,5365.9,No
CUST-14531,Male,0,No,No,2,Yes,No,Yes,No internet service,One year,Yes,Credit card (automatic),18.0,34.32,No
CUST-14532,Male,0,No,No,41,Yes,No,No,No internet service,Month-to-month,No,Electronic check,18.0,689.28,No
CUST-14533,Male,1,No,No,5,Yes,Fiber optic,No,No internet service,One year,Yes,Bank transfer (automatic),86.34,453.0,No
CUST-14534,Male,0,No,No,0,Yes,Fiber optic,Yes,No,One year,No,Bank transfer (automatic),89.23,,No
CUST-14535,Male,0,No,Yes,6,Yes,Fiber optic,No internet service,Yes,One year,Yes,Credit card (automatic),61.83,356.23,No
CUST-14536,Female,0,No,Yes,37,Yes,Fiber optic,No internet service,No internet service,Month-to-month,Yes,Bank transfer (automatic),85.36,3059.42,No
CUST-14537,Female,0,Yes,Yes,14,Yes,Fiber optic,No,No,Month-to-month,No,Electronic check,81.68,1070.26,Yes
CUST-14538,Female,0,Yes,No,18,No,DSL,No,Yes,Two year,Yes,Mailed check,56.83,987.92,Yes
CUST-14539,Female,0,No,No,16,Yes,Fiber optic,No,No internet service,Two year,No,Mailed check,65.2,940.49,No
CUST-14540,Male,0,Yes,No,53,No,DSL,No,Yes,One year,No,Bank transfer (automatic),70.29,3624.17,No
CUST-14541,Female,0,No,No,9,Yes,DSL,Yes,Yes,Month-to-month,No,Electronic check,31.93,290.04,No
CUST-14542,Female,0,No,Yes,7,Yes,Fiber optic,No,Yes,Month-to-month,Yes,Bank transfer (automatic),87.03,584.04,Yes
CUST-14543,Male,0,Yes,Yes,14,Yes,Fiber optic,Yes,No,Month-to-month,No,Bank transfer (automatic),120.0,1631.04,Yes
CUST-14544,Female,0,No,No,10,No,No,No internet service,No,Two year,No,Electronic check,21.28,201.62,No
CUST-14545,Male,0,Yes,No,10,Yes,Fiber optic,Yes,No,Month-to-month,No,Mailed check,87.35,810.11,Yes
CUST-14546,Male,0,Yes,No,41,Yes,DSL,Yes,No,Month-to-month,No,Mailed check,62.93,2460.14,No
CUST-14547,Female,1,Yes,No,37,Yes,Fiber optic,Yes,No,Month-to-month,Yes,Credit card (automatic),88.25,2989.06,No
CUST-14548,Male,0,Yes,No,19,Yes,No,No,Yes,One year,No,Bank transfer (automatic),18.0,341.95,No
CUST-14549,Male,0,Yes,Yes,4,Yes,DSL,No,No internet service,Month-to-month,Yes,Mailed check,68.83,270.17,No
CUST-14550,Female,0,No,No,22,Yes,No,No,Yes,Month-to-month,Yes,Electronic check,24.7,504.54,No
CUST-14551,Female,0,No,Yes,40,Yes,Fiber optic,No,No internet service,Two year,Yes,Electronic check,93.68,3478.8,No
CUST-14552,Male,0,No,No,37,No,DSL,No,No,Two year,No,Bank transfer (automatic),62.92,2267.91,No
CUST-14553,Female,0,No,No,43,Yes,Fiber optic,No internet service,No,Month-to-month,Yes,Mailed check,74.89,3375.88,Yes
CUST-14554,Female,0,Yes,No,22,No,DSL,No,No internet service,One year,No,Mailed check,51.39,1134.63,No
CUST-14555,Female,1,Yes,No,34,No,DSL,Yes,No,Month-to-month,No,Credit card (automatic),85.53,3038.71,Yes
CUST-14556,Female,0,No,Yes,39,Yes,No,No,No,Month-to-month,Yes,Credit card (automatic),31.51,1237.98,No
CUST-14557,Female,0,No,Yes,9,Yes,No,No,No internet service,Month-to-month,Yes,Mailed check,30.69,284.39,No
CUST-14558,Male,0,Yes,Yes,11,No,DSL,No,No,Two year,Yes,Bank transfer (automatic),76.17,770.57,No
CUST-14559,Female,0,No,No,2,No,DSL,No,No,Two year,Yes,Electronic check,43.4,85.56,No
CUST-14560,Male,1,Yes,No,22,Yes,Fiber optic,No,Yes,One year,Yes,Mailed check,69.72,1531.17,No
CUST-14561,Female,0,Yes,No,50,Yes,DSL,Yes,No internet service,Two year,Yes,Credit card (automatic),73.72,3367.51,No
CUST-14562,Male,0,No,No,13,Yes,No,No,No,Two year,No,Credit card (automatic),26.37,349.96,No
CUST-14563,Female,0,No,No,42,Yes,Fiber optic,No,Yes,Month-to-month,Yes,Electronic check,86.44,3413.71,No
CUST-14564,Male,0,Yes,No,61,Yes,DSL,Yes,Yes,Month-to-month,Yes,Credit card (automatic),33.69,1966.49,No
CUST-14565,Male,0,Yes,No,21,Yes,No,Yes,Yes,Month-to-month,No,Electronic check,19.62,410.07,No
CUST-14566,Male,0,Yes,Yes,0,No,DSL,No,Yes,Month-to-month,No,Mailed check,69.61,,No
CUST-14567,Female,0,Yes,Yes,24,Yes,No,Yes,Yes,Month-to-month,Yes,Bank transfer (automatic),24.57,531.54,Yes
CUST-14568,Male,0,No,Yes,44,Yes,No,No internet service,Yes,One year,Yes,Credit card (automatic),25.72,1046.97,No
CUST-14569,Female,1,Yes,No,1,Yes,No,No internet service,No,Month-to-month,Yes,Bank transfer (automatic),21.82,19.88,No
CUST-14570,Female,0,No,No,26,Yes,Fiber optic,Yes,No,One year,Yes,Mailed check,109.51,2700.95,No
CUST-14571,Male,0,No,Yes,6,No,Fiber optic,No internet service,Yes,Two year,Yes,Electronic check,83.45,476.98,No
CUST-14572,Male,0,No,No,12,Yes,DSL,No,No,Month-to-month,Yes,Credit card (automatic),54.73,647.13,No
CUST-14573,Female,0,Yes,No,37,No,DSL,Yes,No,Month-to-month,No,Bank transfer (automatic),63.53,2234.4,No
CUST-14574,Female,0,Yes,No,30,Yes,Fiber optic,No,No,Two year,No,Electronic check,89.75,2742.83,No
CUST-14575,Male,1,No,No,3,Yes,No,No internet service,No,Month-to-month,No,Electronic check,24.48,68.06,No
CUST-14576,Female,0,No,No,14,Yes,DSL,No,Yes,Two year,Yes,Electronic check,47.69,616.69,No
CUST-14577,Male,0,No,No,13,Yes,Fiber optic,Yes,No,Month-to-month,Yes,Bank transfer (automatic),85.89,1139.69,Yes
CUST-14578,Female,0,No,No,26,Yes,No,Yes,No,Two year,Yes,Electronic check,18.0,439.1,No
CUST-14579,Male,1,Yes,Yes,3,Yes,Fiber optic,No,No,Two year,No,Bank transfer (automatic),75.25,215.71,No
CUST-14580,Female,1,Yes,Yes,8,Yes,Fiber optic,Yes,Yes,One year,Yes,Electronic check,101.65,759.5,No
CUST-14581,Female,0,No,Yes,4,Yes,DSL,Yes,No,Month-to-month,No,Mailed check,81.3,325.13,Yes
CUST-14582,Male,0,Yes,No,72,Yes,DSL,No internet service,No internet service,One year,No,Bank transfer (automatic),66.81,4689.14,Yes
CUST-14583,Male,0,No,No,15,Yes,Fiber optic,No,No,Month-to-month,Yes,Electronic check,90.3,1309.47,No
CUST-14584,Female,1,Yes,No,34,Yes,No,No,No,Month-to-month,No,Mailed check,22.03,751.72,Yes
CUST-14585,Male,0,Yes,Yes,22,No,No,No,No,Month-to-month,No,Electronic check,20.78,413.74,No
CUST-14586,Female,0,No,No,4,Yes,Fiber optic,Yes,No,Month-to-month,Yes,Bank transfer (automatic),101.93,393.36,No
CUST-14587,Male,0,Yes,Yes,37,Yes,Fiber optic,No internet service,Yes,Month-to-month,Yes,Credit card (automatic),104.61,3683.25,No
CUST-14588,Male,0,No,No,11,Yes,Fiber optic,No,No internet service,Month-to-month,No,Mailed check,57.45,575.95,Yes
CUST-14589,Female,0,No,No,10,Yes,No,No internet service,No internet service,Two year,Yes,Credit card (automatic),32.87,318.44,No
CUST-14590,Male,0,No,No,1,Yes,No,No,Yes,Month-to-month,No,Credit card (automatic),27.99,26.56,No
CUST-14591,Female,0,No,No,25,Yes,DSL,No,No internet service,Month-to-month,No,Credit card (automatic),47.44,1210.75,Yes
CUST-14592,Female,0,No,Yes,11,Yes,DSL,No,No,Month-to-month,No,Bank transfer (automatic),49.45,562.44,No
CUST-14593,Male,0,No,No,20,Yes,DSL,No,No,Month-to-month,Yes,Mailed check,56.14,1111.09,No
CUST-14594,Male,0,No,Yes,4,Yes,No,No internet service,No,Two year,Yes,Bank transfer (automatic),40.65,148.04,No
CUST-14595,Male,1,No,No,67,Yes,Fiber optic,No,No internet service,Month-to-month,No,Credit card (automatic),84.23,5506.77,No
CUST-14596,Female,0,No,No,21,Yes,Fiber optic,No,Yes,Month-to-month,Yes,Bank transfer (automatic),83.95,1683.03,Yes
CUST-14597,Female,0,No,No,18,Yes,DSL,No,No,Month-to-month,No,Electronic check,85.52,1510.99,No
CUST-14598,Female,0,No,No,42,Yes,Fiber optic,Yes,No internet service,Month-to-month,Yes,Bank transfer (automatic),63.0,2754.09,Yes
CUST-14599,Male,0,No,No,8,Yes,Fiber optic,Yes,Yes,Month-to-month,Yes,Bank transfer (automatic),83.12,680.24,No
CUST-14600,Male,0,No,Yes,4,Yes,Fiber optic,Yes,No internet service,Month-to-month,Yes,Electronic check,84.48,318.3,No
CUST-14601,Male,1,No,No,56,No,Fiber optic,No,No,Month-to-month,No,Bank transfer (automatic),109.02,6025.03,Yes
CUST-14602,Male,0,No,No,6,Yes,Fiber optic,Yes,No internet service,Two year,Yes,Mailed check,110.51,671.63,No
CUST-14603,Male,1,Yes,No,71,No,DSL,No internet service,Yes,Month-to-month,No,Credit card (automatic),41.21,2978.75,No
CUST-14604,Female,0,No,No,5,Yes,Fiber optic,No internet service,Yes,Month-to-month,Yes,Electronic check,95.33,450.27,Yes
CUST-14605,Male,0,Yes,No,0,Yes,Fiber optic,No,Yes,Two year,Yes,Mailed check,112.47,,No
CUST-14606,Female,0,Yes,Yes,20,Yes,DSL,No internet service,No,One year,Yes,Mailed check,57.64,1067.65,No
CUST-14607,Male,0,Yes,Yes,5,Yes,Fiber optic,No,No,One year,Yes,Bank transfer (automatic),101.5,516.14,Yes
CUST-14608,Female,0,Yes,No,10,Yes,No,No internet service,No,One year,Yes,Mailed check,19.64,179.18,No
CUST-14609,Female,0,No,No,39,Yes,Fiber optic,Yes,No,Month-to-month,No,Electronic check,73.12,2670.46,Yes
CUST-14610,Female,0,Yes,Yes,2,Yes,No,Yes,Yes,Two year,Yes,Electronic check,32.08,67.07,No
CUST-14611,Female,0,No,No,51,Yes,Fiber optic,No,No,Two year,Yes,Bank transfer (automatic),68.86,3573.28,No
CUST-14612,Female,1,No,No,72,Yes,Fiber optic,Yes,No internet service,Two year,Yes,Electronic check,92.7,6040.01,No
CUST-14613,Male,0,No,Yes,9,Yes,Fiber optic,No internet service,No internet service,One year,Yes,Electronic check,100.42,840.01,No
CUST-14614,Male,1,No,Yes,4,Yes,DSL,No,No,One year,Yes,Bank transfer (automatic),63.64,262.54,No
CUST-14615,Female,0,Yes,No,28,Yes,DSL,Yes,No,Month-to-month,No,Mailed check,57.91,1611.05,No
CUST-14616,Male,1,Yes,Yes,33,No,No,No,No internet service,Month-to-month,Yes,Bank transfer (automatic),31.98,1060.46,No
CUST-14617,Female,1,Yes,No,20,Yes,No,No,Yes,Month-to-month,No,Mailed check,26.47,539.19,No
CUST-14618,Male,0,Yes,No,54,Yes,No,No,Yes,Two year,Yes,Bank transfer (automatic),18.0,970.95,No
CUST-14619,Male,0,Yes,Yes,29,Yes,DSL,No internet service,Yes,Two year,No,Mailed check,48.07,1323.71,No
CUST-14620,Male,0,No,Yes,35,Yes,Fiber optic,Yes,No internet service,Month-to-month,Yes,Credit card (automatic),89.31,2840.59,Yes
CUST-14621,Female,0,Yes,No,46,Yes,Fiber optic,No,No,Two year,No,Electronic check,91.52,4151.2,No
CUST-14622,Male,1,No,Yes,14,Yes,Fiber optic,No,Yes,Month-to-month,Yes,Credit card (automatic),57.18,778.95,No
CUST-14623,Male,0,No,No,61,Yes,DSL,Yes,No internet service,Month-to-month,No,Mailed check,62.1,3508.24,No
CUST-14624,Male,0,Yes,Yes,69,Yes,DSL,No internet service,Yes,Month-to-month,Yes,Electronic check,43.48,2926.3,Yes
CUST-14625,Male,0,No,No,72,Yes,Fiber optic,Yes,No internet service,Month-to-month,No,Electronic check,109.34,7773.74,Yes
CUST-14626,Female,0,No,No,66,Yes,No,Yes,Yes,Month-to-month,No,Bank transfer (automatic),23.58,1552.84,No
CUST-14627,Female,0,No,No,8,Yes,Fiber optic,Yes,No,Two year,No,Bank transfer (automatic),73.95,606.42,No
CUST-14628,Female,0,Yes,No,15,Yes,No,No internet service,Yes,Two year,Yes,Credit card (automatic),32.16,474.8,No
CUST-14629,Male,0,Yes,No,72,Yes,Fiber optic,Yes,No,Month-to-month,Yes,Electronic check,88.23,6238.63,Yes
CUST-14630,Male,0,No,No,30,Yes,No,No,No,Month-to-month,Yes,Electronic check,22.05,666.54,No
CUST-14631,Male,0,Yes,No,24,Yes,DSL,No,No,Month-to-month,Yes,Credit card (automatic),59.03,1459.45,Yes
CUST-14632,Female,0,No,Yes,23,Yes,Fiber optic,No,Yes,Month-to-month,Yes,Credit card (automatic),91.03,1910.52,No
CUST-14633,Female,1,No,Yes,20,Yes,Fiber optic,No,Yes,Month-to-month,Yes,Mailed check,77.53,1464.2,No
CUST-14634,Male,0,Yes,No,48,Yes,Fiber optic,No,No,One year,Yes,Electronic check,97.52,4665.3,Yes
CUST-14635,Female,0,No,Yes,52,Yes,Fiber optic,Yes,No internet service,Month-to-month,No,Electronic check,79.93,3800.3,No
CUST-14636,Male,0,No,No,69,Yes,DSL,No internet service,No internet service,One year,Yes,Electronic check,69.27,4815.54,No
CUST-14637,Female,0,No,Yes,17,Yes,DSL,No internet service,No,Month-to-month,Yes,Bank transfer (automatic),67.28,1164.46,Yes
CUST-14638,Male,0,Yes,Yes,9,Yes,DSL,Yes,No internet service,One year,Yes,Electronic check,40.87,350.62,No
CUST-14639,Male,1,No,Yes,68,Yes,DSL,Yes,No internet service,Month-to-month,No,Credit card (automatic),50.4,3142.41,No
CUST-14640,Female,1,Yes,Yes,72,Yes,DSL,No,No,Month-to-month,No,Mailed check,85.03,6282.76,No
CUST-14641,Male,0,No,No,0,Yes,DSL,No,No internet service,Month-to-month,Yes,Mailed check,43.53,,No
CUST-14642,Male,0,No,No,37,Yes,DSL,No,No internet service,Month-to-month,Yes,Electronic check,59.38,2182.52,No
CUST-14643,Female,0,No,No,21,Yes,DSL,No,No,Month-to-month,Yes,Electronic check,53.81,1164.12,No
CUST-14644,Male,0,No,Yes,7,Yes,DSL,No,No,Month-to-month,No,Mailed check,76.24,481.58,Yes
CUST-14645,Female,0,Yes,No,30,Yes,Fiber optic,No,No,Month-to-month,Yes,Mailed check,47.39,1487.55,No
CUST-14646,Male,0,Yes,No,27,Yes,DSL,No,Yes,Month-to-month,Yes,Electronic check,44.23,1156.08,No
CUST-14647,Male,1,No,No,38,Yes,No,No internet service,No,Month-to-month,No,Bank transfer (automatic),34.75,1264.77,No
CUST-14648,Female,0,Yes,Yes,7,Yes,Fiber optic,No,No,Two year,No,Electronic check,82.34,521.88,Yes
CUST-14649,Male,0,Yes,No,5,Yes,Fiber optic,No internet service,Yes,Month-to-month,Yes,Credit card (automatic),97.04,490.89,No
CUST-14650,Male,1,Yes,No,61,No,DSL,No,No internet service,Month-to-month,Yes,Electronic check,87.0,4812.08,Yes
CUST-14651,Female,0,Yes,No,4,Yes,Fiber optic,Yes,Yes,Two year,Yes,Credit card (automatic),70.65,290.25,No
CUST-14652,Female,0,No,No,12,Yes,Fiber optic,No,Yes,Month-to-month,No,Mailed check,97.55,1100.69,No
CUST-14653,Female,0,No,No,15,Yes,No,No,Yes,Month-to-month,No,Electronic check,23.41,338.63,No
CUST-14654,Female,0,No,No,22,Yes,No,No,No,One year,Yes,Electronic check,18.54,406.39,No
CUST-14655,Male,0,No,No,22,Yes,Fiber optic,No internet service,No,Month-to-month,Yes,Bank transfer (automatic),69.43,1550.44,No
CUST-14656,Female,0,No,No,23,Yes,DSL,No internet service,Yes,Month-to-month,Yes,Mailed check,57.98,1356.87,No
CUST-14657,Female,0,Yes,No,38,Yes,Fiber optic,No internet service,Yes,Month-to-month,Yes,Mailed check,72.54,2674.05,No
CUST-14658,Female,0,Yes,No,21,Yes,Fiber optic,Yes,No,Month-to-month,Yes,Bank transfer (automatic),98.01,1881.16,No
CUST-14659,Female,0,Yes,Yes,50,Yes,Fiber optic,Yes,No internet service,One year,No,Bank transfer (automatic),55.49,2720.84,No
CUST-14660,Male,0,No,Yes,7,Yes,Fiber optic,No,No,Month-to-month,Yes,Mailed check,103.0,654.48,Yes
CUST-14661,Female,0,No,No,1,Yes,DSL,No,No,Two year,No,Electronic check,61.02,57.55,No
CUST-14662,Male,0,Yes,Yes,64,Yes,No,No,No internet service,Two year,No,Electronic check,18.0,1117.45,No
CUST-14663,Female,0,No,Yes,1,Yes,Fiber optic,No,No internet service,Month-to-month,Yes,Mailed check,58.46,55.58,No
CUST-14664,Female,0,No,No,1,Yes,DSL,No internet service,No internet service,One year,Yes,Credit card (automatic),57.83,59.21,No
CUST-14665,Male,0,No,No,29,Yes,DSL,Yes,No internet service,One year,Yes,Credit card (automatic),63.32,1773.21,No
CUST-14666,Male,0,Yes,No,43,Yes,Fiber optic,Yes,No,Month-to-month,No,Electronic check,97.06,3921.66,Yes
CUST-14667,Male,0,Yes,Yes,8,Yes,DSL,Yes,No,Month-to-month,Yes,Mailed check,76.51,581.14,No
CUST-14668,Male,0,Yes,Yes,23,Yes,DSL,No internet service,Yes,Month-to-month,No,Bank transfer (automatic),57.66,1317.42,Yes
CUST-14669,Male,1,Yes,No,72,Yes,Fiber optic,Yes,No internet service,Month-to-month,Yes,Electronic check,79.19,5200.97,Yes
CUST-14670,Female,0,Yes,No,18,Yes,No,No,Yes,One year,No,Electronic check,21.75,366.86,No
CUST-14671,Male,0,Yes,No,17,Yes,Fiber optic,No internet service,No,One year,No,Credit card (automatic),49.46,863.3,No
CUST-14672,Male,0,No,Yes,4,Yes,DSL,Yes,No,Month-to-month,Yes,Credit card (automatic),61.87,242.96,Yes
CUST-14673,Female,0,No,Yes,7,Yes,Fiber optic,Yes,Yes,One year,Yes,Electronic check,109.11,770.36,No
CUST-14674,Female,0,No,Yes,39,No,No,No,No,One year,Yes,Electronic check,38.28,1532.17,No
CUST-14675,Male,0,No,No,20,Yes,Fiber optic,No internet service,Yes,Month-to-month,Yes,Bank transfer (automatic),63.8,1161.52,No
CUST-14676,Male,0,Yes,No,18,Yes,DSL,No,No,Month-to-month,Yes,Electronic check,52.76,974.15,No
CUST-14677,Female,0,No,No,72,Yes,No,No internet service,No internet service,One year,No,Electronic check,18.0,1357.15,No
CUST-14678,Female,0,Yes,No,0,Yes,No,No,No internet service,Two year,No,Bank transfer (automatic),18.0,,No
CUST-14679,Female,0,No,No,16,Yes,No,No,No,Month-to-month,No,Mailed check,31.49,513.41,Yes
CUST-14680,Female,1,Yes,Yes,9,Yes,DSL,Yes,No internet service,One year,Yes,Bank transfer (automatic),64.36,581.49,No
CUST-14681,Female,0,Yes,No,72,Yes,Fiber optic,No,Yes,Month-to-month,No,Bank transfer (automatic),80.63,5445.74,Yes
CUST-14682,Female,0,No,No,2,Yes,DSL,No,No,Month-to-month,Yes,Electronic check,44.91,81.18,Yes
CUST-14683,Female,0,No,No,47,Yes,Fiber optic,Yes,No internet service,One year,Yes,Mailed check,82.44,3673.66,No
CUST-14684,Female,0,Yes,No,12,Yes,Fiber optic,Yes,No,One year,Yes,Bank transfer (automatic),96.92,1210.22,No
CUST-14685,Male,0,No,Yes,33,Yes,Fiber optic,No,No,Month-to-month,Yes,Credit card (automatic),94.82,3011.02,No
CUST-14686,Female,0,No,No,44,Yes,DSL,No,No internet service,One year,Yes,Electronic check,68.91,2733.13,Yes
CUST-14687,Male,0,No,Yes,28,Yes,Fiber optic,Yes,No,Two year,No,Credit card (automatic),71.83,1974.28,Yes
CUST-14688,Female,0,No,No,1,Yes,No,No,Yes,Month-to-month,No,Electronic check,24.18,22.01,Yes
CUST-14689,Female,0,No,No,36,Yes,DSL,No,No internet service,One year,Yes,Bank transfer (automatic),81.41,2948.54,No
CUST-14690,Male,0,Yes,No,52,Yes,Fiber optic,No internet service,No,Two year,No,Mailed check,67.35,3432.37,No
CUST-14691,Male,0,No,No,41,No,Fiber optic,No internet service,No,Month-to-month,Yes,Electronic check,59.81,2299.78,No
CUST-14692,Male,0,Yes,No,34,Yes,DSL,No,No internet service,Month-to-month,Yes,Electronic check,56.69,1979.29,Yes
CUST-14693,Female,0,No,Yes,12,Yes,DSL,Yes,No,Month-to-month,No,Credit card (automatic),67.48,790.18,Yes
CUST-14694,Male,0,No,Yes,13,Yes,Fiber optic,Yes,No,Month-to-month,Yes,Electronic check,106.93,1265.2,Yes
CUST-14695,Male,1,No,No,19,Yes,DSL,No internet service,Yes,One year,Yes,Mailed check,61.25,1109.83,No
CUST-14696,Female,0,No,No,13,Yes,DSL,No,No,Two year,Yes,Credit card (automatic),72.64,861.51,No
CUST-14697,Male,0,No,No,19,Yes,Fiber optic,Yes,Yes,Month-to-month,Yes,Electronic check,117.96,2247.22,Yes
CUST-14698,Female,0,No,Yes,48,Yes,Fiber optic,Yes,Yes,Month-to-month,Yes,Electronic check,81.76,3759.79,No
CUST-14699,Female,0,No,Yes,2,Yes,No,No,No internet service,Month-to-month,No,Bank transfer (automatic),27.72,51.92,No
CUST-14700,Female,0,Yes,Yes,20,No,No,No,No,Two year,Yes,Mailed check,18.0,339.98,No
CUST-14701,Male,0,No,Yes,19,No,No,No,No,Month-to-month,Yes,Credit card (automatic),31.48,574.59,Yes
CUST-14702,Male,1,Yes,No,9,Yes,Fiber optic,No,No,Month-to-month,No,Credit card (automatic),91.98,833.51,Yes
CUST-14703,Male,0,No,No,22,Yes,Fiber optic,No,Yes,Two year,No,Bank transfer (automatic),89.17,1800.88,No
CUST-14704,Female,0,Yes,No,1,Yes,Fiber optic,Yes,Yes,One year,No,Credit card (automatic),93.87,96.35,No
CUST-14705,Male,0,No,No,23,Yes,Fiber optic,No internet service,No internet service,Month-to-month,Yes,Bank transfer (automatic),77.59,1673.63,No
CUST-14706,Male,0,Yes,No,10,Yes,Fiber optic,No,Yes,Month-to-month,Yes,Bank transfer (automatic),65.02,605.08,No
CUST-14707,Male,0,No,No,7,Yes,DSL,No,No,Two year,No,Mailed check,60.53,381.51,No
CUST-14708,Male,0,Yes,No,39,Yes,Fiber optic,Yes,No,Two year,Yes,Electronic check,105.65,4283.58,No
CUST-14709,Male,1,No,No,15,No,Fiber optic,No internet service,Yes,Two year,No,Electronic check,86.97,1314.0,No
CUST-14710,Female,0,No,Yes,0,Yes,DSL,No,No,Month-to-month,Yes,Credit card (automatic),66.19,,Yes
CUST-14711,Male,0,No,No,13,Yes,Fiber optic,No,No internet service,One year,Yes,Mailed check,75.05,907.36,No
CUST-14712,Male,0,No,No,28,Yes,Fiber optic,No internet service,No,Two year,No,Bank transfer (automatic),89.51,2388.36,No
CUST-14713,Male,0,No,No,4,No,No,No internet service,No internet service,Month-to-month,Yes,Electronic check,36.22,146.11,No
CUST-14714,Male,0,Yes,No,1,Yes,No,No internet service,Yes,Two year,No,Mailed check,25.77,26.98,No
CUST-14715,Female,0,Yes,Yes,72,Yes,DSL,No internet service,No,Month-to-month,Yes,Bank transfer (automatic),60.28,4101.14,No
CUST-14716,Female,0,Yes,Yes,72,Yes,Fiber optic,No,No,Month-to-month,No,Electronic check,76.78,5428.72,No
CUST-14717,Male,0,Yes,Yes,3,Yes,Fiber optic,No internet service,No,Month-to-month,Yes,Bank transfer (automatic),67.21,184.66,Yes
CUST-14718,Male,0,Yes,No,17,Yes,No,Yes,No,Month-to-month,Yes,Mailed check,22.63,371.2,No
CUST-14719,Male,0,Yes,No,70,Yes,DSL,Yes,No,One year,No,Bank transfer (automatic),72.25,4863.17,No
CUST-14720,Female,0,Yes,Yes,19,Yes,DSL,No,No,Month-to-month,No,Bank transfer (automatic),46.87,925.48,No
CUST-14721,Female,0,Yes,Yes,15,No,No,Yes,No,Month-to-month,Yes,Mailed check,26.69,411.24,No
CUST-14722,Male,0,Yes,No,36,No,DSL,No,No internet service,One year,Yes,Mailed check,51.85,1772.96,No
CUST-14723,Male,0,No,No,60,Yes,Fiber optic,No,No,Two year,Yes,Electronic check,96.78,5413.04,Yes
CUST-14724,Female,0,No,No,2,Yes,No,No,No internet service,Month-to-month,No,Bank transfer (automatic),21.95,41.24,No
CUST-14725,Female,0,No,No,4,Yes,DSL,No,Yes,Two year,No,Electronic check,55.38,224.43,No
CUST-14726,Male,0,Yes,No,7,Yes,Fiber optic,No internet service,No,One year,Yes,Electronic check,77.95,492.05,Yes
CUST-14727,Female,0,Yes,No,53,Yes,DSL,No,No internet service,Two year,Yes,Mailed check,56.38,3095.04,No
CUST-14728,Male,0,Yes,Yes,7,Yes,No,No internet service,Yes,Month-to-month,Yes,Bank transfer (automatic),18.0,121.67,Yes
CUST-14729,Female,0,No,Yes,24,Yes,No,No,No,Month-to-month,Yes,Credit card (automatic),18.0,406.69,No
CUST-14730,Male,0,No,No,36,Yes,DSL,No,Yes,Two year,Yes,Credit card (automatic),44.91,1576.01,No
CUST-14731,Male,0,No,No,23,Yes,DSL,No,No,Month-to-month,Yes,Credit card (automatic),58.59,1358.68,Yes
CUST-14732,Female,0,Yes,No,2,Yes,Fiber optic,No internet service,Yes,Two year,Yes,Mailed check,92.1,173.49,No
CUST-14733,Female,0,Yes,No,17,Yes,DSL,No,No internet service,Month-to-month,No,Electronic check,41.9,664.42,No
CUST-14734,Male,0,No,Yes,32,No,DSL,No,Yes,Month-to-month,Yes,Bank transfer (automatic),73.87,2339.16,No
CUST-14735,Female,0,No,No,14,Yes,Fiber optic,No,No internet service,One year,No,Credit card (automatic),75.34,1003.64,Yes
CUST-14736,Female,1,No,No,21,Yes,Fiber optic,No internet service,No,Two year,No,Bank transfer (automatic),80.58,1705.54,No
CUST-14737,Male,0,Yes,No,48,Yes,DSL,No internet service,Yes,Month-to-month,No,Bank transfer (automatic),60.69,2729.95,No
CUST-14738,Female,0,No,No,20,Yes,Fiber optic,No,No,Month-to-month,Yes,Credit card (automatic),107.23,1994.54,Yes
CUST-14739,Female,0,Yes,No,26,Yes,Fiber optic,No,No internet service,Month-to-month,Yes,Electronic check,83.35,2133.37,No
CUST-14740,Female,0,No,No,40,Yes,DSL,No,No,One year,Yes,Electronic check,49.96,2055.86,No
CUST-14741,Male,0,Yes,No,1,Yes,Fiber optic,Yes,No,Two year,No,Electronic check,73.99,76.81,No
CUST-14742,Male,0,No,No,0,Yes,Fiber optic,No,Yes,Month-to-month,No,Credit card (automatic),81.16,,No
CUST-14743,Male,0,Yes,No,8,Yes,DSL,No,No,Month-to-month,No,Credit card (automatic),62.8,471.16,Yes
CUST-14744,Male,1,No,Yes,5,Yes,DSL,Yes,No,Month-to-month,No,Bank transfer (automatic),47.85,244.86,No
CUST-14745,Male,0,Yes,Yes,12,Yes,Fiber optic,No,No,Month-to-month,Yes,Mailed check,86.51,1000.17,Yes
CUST-14746,Female,0,Yes,Yes,39,Yes,DSL,No,No,Month-to-month,Yes,Bank transfer (automatic),49.56,1892.47,Yes
CUST-14747,Male,0,Yes,No,2,Yes,Fiber optic,No,No,Month-to-month,No,Credit card (automatic),91.5,167.97,Yes
CUST-14748,Female,1,No,Yes,0,Yes,Fiber optic,No,No internet service,Month-to-month,No,Credit card (automatic),96.45,,No
CUST-14749,Male,0,Yes,Yes,0,Yes,DSL,No internet service,No internet service,One year,Yes,Electronic check,35.06,,No
CUST-14750,Male,0,No,No,8,Yes,Fiber optic,No internet service,Yes,Month-to-month,Yes,Mailed check,82.69,622.0,Yes
CUST-14751,Male,0,Yes,Yes,59,Yes,Fiber optic,Yes,No internet service,Month-to-month,Yes,Bank transfer (automatic),91.54,5270.61,No
CUST-14752,Female,0,No,Yes,31,Yes,Fiber optic,Yes,No,Month-to-month,Yes,Electronic check,103.4,3235.98,Yes
CUST-14753,Female,0,No,Yes,38,Yes,No,No,No internet service,Month-to-month,Yes,Credit card (automatic),18.0,681.83,No
CUST-14754,Male,0,Yes,No,6,Yes,DSL,No internet service,Yes,One year,Yes,Electronic check,60.47,336.51,Yes
CUST-14755,Male,0,No,Yes,7,Yes,DSL,No internet service,Yes,Month-to-month,Yes,Electronic check,56.13,397.71,No
CUST-14756,Male,0,No,Yes,0,Yes,DSL,No,No,One year,Yes,Mailed check,67.16,,No
CUST-14757,Male,0,Yes,No,5,Yes,DSL,No,Yes,Month-to-month,Yes,Electronic check,66.19,316.75,No
CUST-14758,Male,0,Yes,Yes,16,Yes,Fiber optic,No,Yes,Month-to-month,Yes,Credit card (automatic),91.82,1382.4,Yes
CUST-14759,Female,0,No,No,20,Yes,DSL,Yes,No,Month-to-month,Yes,Electronic check,50.42,939.02,No
CUST-14760,Female,0,No,No,65,Yes,Fiber optic,No internet service,No,Two year,No,Mailed check,113.0,6951.36,No
CUST-14761,Male,0,No,No,20,Yes,Fiber optic,Yes,No,Month-to-month,Yes,Mailed check,112.44,2072.3,No
CUST-14762,Male,0,No,No,49,Yes,Fiber optic,Yes,No,Month-to-month,Yes,Credit card (automatic),106.65,4782.68,Yes
CUST-14763,Female,0,No,Yes,5,Yes,No,Yes,No,Month-to-month,Yes,Bank transfer (automatic),26.34,126.07,No
CUST-14764,Female,1,No,No,72,Yes,DSL,No internet service,No,Month-to-month,No,Electronic check,52.95,3561.71,Yes
CUST-14765,Male,0,No,No,0,Yes,DSL,Yes,No,Month-to-month,Yes,Credit card (automatic),60.77,,No
CUST-14766,Male,0,Yes,No,4,Yes,DSL,Yes,No,Month-to-month,No,Credit card (automatic),75.7,311.55,Yes
CUST-14767,Male,0,No,No,43,Yes,Fiber optic,Yes,No internet service,Month-to-month,Yes,Credit card (automatic),89.89,3796.04,Yes
CUST-14768,Female,0,Yes,No,8,Yes,DSL,No,No,Month-to-month,Yes,Electronic check,54.7,426.69,Yes
CUST-14769,Female,0,No,No,6,Yes,Fiber optic,No internet service,No,Two year,No,Electronic check,82.17,447.68,No
CUST-14770,Female,0,Yes,Yes,37,Yes,No,No,No internet service,Month-to-month,Yes,Bank transfer (automatic),19.21,692.71,No
CUST-14771,Female,0,No,No,6,Yes,Fiber optic,Yes,No,Month-to-month,No,Mailed check,88.88,547.29,Yes
CUST-14772,Female,0,Yes,No,6,No,No,No internet service,Yes,One year,Yes,Credit card (automatic),20.86,116.75,No
CUST-14773,Female,0,No,Yes,6,Yes,DSL,No,Yes,Month-to-month,Yes,Mailed check,67.18,378.38,No
CUST-14774,Male,1,No,Yes,13,Yes,No,No,No,One year,Yes,Bank transfer (automatic),33.54,407.96,No
CUST-14775,Female,0,No,Yes,7,Yes,Fiber optic,No internet service,Yes,Month-to-month,No,Credit card (automatic),89.61,597.61,Yes
CUST-14776,Male,0,Yes,No,8,No,DSL,No,No,Two year,No,Bank transfer (automatic),62.15,516.51,No
CUST-14777,Male,0,No,No,11,No,DSL,No internet service,Yes,Month-to-month,No,Mailed check,72.38,773.9,No
CUST-14778,Male,1,No,No,50,Yes,Fiber optic,No,No,Month-to-month,No,Bank transfer (automatic),75.85,3745.82,No
CUST-14779,Male,0,Yes,Yes,4,Yes,Fiber optic,Yes,No,Two year,No,Electronic check,92.04,335.76,No
CUST-14780,Female,0,No,No,12,Yes,Fiber optic,No internet service,No,Month-to-month,Yes,Bank transfer (automatic),77.36,906.47,No
CUST-14781,Female,0,Yes,No,27,Yes,DSL,Yes,No internet service,Month-to-month,Yes,Mailed check,53.55,1512.29,No
CUST-14782,Male,0,Yes,No,5,Yes,No,No,Yes,Month-to-month,No,Mailed check,38.2,186.18,No
CUST-14783,Female,0,No,No,23,Yes,DSL,No,No,Two year,Yes,Electronic check,55.94,1171.05,No
CUST-14784,Male,0,Yes,No,33,Yes,Fiber optic,Yes,No,Two year,No,Bank transfer (automatic),96.94,3028.51,No
CUST-14785,Male,0,Yes,No,22,Yes,Fiber optic,No,Yes,One year,Yes,Electronic check,66.54,1375.68,No
CUST-14786,Male,0,No,No,7,Yes,DSL,Yes,No internet service,One year,No,Bank transfer (automatic),59.87,411.64,No
CUST-14787,Female,0,Yes,Yes,31,Yes,No,No,Yes,Month-to-month,Yes,Bank transfer (automatic),18.0,575.77,No
CUST-14788,Male,1,Yes,No,6,Yes,Fiber optic,Yes,Yes,Two year,No,Electronic check,86.73,496.24,No
CUST-14789,Female,0,Yes,No,11,Yes,No,No,Yes,Month-to-month,No,Credit card (automatic),21.42,215.56,No
CUST-14790,Male,0,No,Yes,36,Yes,Fiber optic,No,No,Month-to-month,Yes,Bank transfer (automatic),78.02,2941.7,No
CUST-14791,Male,1,Yes,No,6,Yes,Fiber optic,No,No,Two year,Yes,Electronic check,65.83,374.18,No
CUST-14792,Male,0,Yes,Yes,12,Yes,Fiber optic,No,Yes,Two year,Yes,Credit card (automatic),96.85,1063.26,No
CUST-14793,Male,0,No,Yes,14,Yes,DSL,Yes,Yes,Two year,No,Electronic check,44.33,599.31,No
CUST-14794,Female,0,Yes,No,3,Yes,Fiber optic,No,No,Two year,Yes,Electronic check,63.13,190.35,No
CUST-14795,Male,0,No,Yes,17,Yes,Fiber optic,Yes,No internet service,Month-to-month,No,Bank transfer (automatic),107.28,1650.22,Yes
CUST-14796,Female,0,No,No,7,Yes,DSL,Yes,No,One year,No,Electronic check,70.01,469.85,No
CUST-14797,Male,0,No,Yes,49,Yes,Fiber optic,Yes,No internet service,One year,Yes,Credit card (automatic),79.68,3528.4,Yes
CUST-14798,Male,0,No,No,32,Yes,Fiber optic,No,Yes,One year,Yes,Mailed check,77.97,2440.57,No
CUST-14799,Female,1,No,No,17,Yes,Fiber optic,No,No,Month-to-month,No,Credit card (automatic),93.1,1451.58,No
CUST-14800,Male,0,No,No,34,Yes,No,No,No,Month-to-month,No,Mailed check,18.0,579.86,No
CUST-14801,Male,0,No,No,6,No,DSL,No,No,Month-to-month,Yes,Credit card (automatic),59.84,328.56,No
CUST-14802,Male,0,Yes,Yes,3,Yes,No,No,Yes,One year,Yes,Electronic check,40.03,114.93,No
CUST-14803,Female,0,No,Yes,27,Yes,DSL,No,No,Month-to-month,Yes,Electronic check,47.51,1278.43,No
CUST-14804,Male,0,Yes,Yes,43,Yes,DSL,No,Yes,Two year,Yes,Bank transfer (automatic),62.37,2670.42,No
CUST-14805,Female,0,No,Yes,16,Yes,DSL,No,Yes,Two year,No,Credit card (automatic),63.82,939.39,No
CUST-14806,Male,0,Yes,No,2,Yes,No,Yes,No internet service,Month-to-month,Yes,Mailed check,18.0,34.57,No
CUST-14807,Female,0,Yes,Yes,4,Yes,DSL,No,Yes,Month-to-month,No,Credit card (automatic),57.48,221.97,No
CUST-14808,Female,1,No,No,29,Yes,DSL,No,Yes,Month-to-month,Yes,Electronic check,59.77,1709.8,No
CUST-14809,Female,0,Yes,No,5,Yes,DSL,No,No,Month-to-month,No,Electronic check,45.6,228.33,No
CUST-14810,Male,0,Yes,No,0,Yes,Fiber optic,No internet service,No,One year,Yes,Electronic check,71.11,,No
CUST-14811,Female,0,Yes,No,34,Yes,DSL,No,Yes,Month-to-month,No,Bank transfer (automatic),66.41,2091.6,No
CUST-14812,Female,0,No,No,6,Yes,Fiber optic,No internet service,No,One year,Yes,Electronic check,111.74,688.56,Yes
CUST-14813,Male,0,No,No,20,Yes,No,Yes,No internet service,Month-to-month,Yes,Mailed check,18.0,370.52,No
CUST-14814,Female,0,No,Yes,60,Yes,No,Yes,No,Month-to-month,Yes,Electronic check,23.72,1483.42,No
CUST-14815,Male,0,Yes,Yes,72,No,Fiber optic,Yes,No internet service,One year,No,Bank transfer (automatic),88.79,6120.7,No
CUST-14816,Male,0,No,No,14,Yes,Fiber optic,No,No,One year,Yes,Credit card (automatic),104.85,1348.84,Yes
CUST-14817,Male,0,Yes,No,25,No,Fiber optic,No,Yes,One year,No,Electronic check,90.4,2178.49,Yes
CUST-14818,Female,0,No,No,21,Yes,Fiber optic,No,No,Month-to-month,No,Mailed check,89.93,1832.55,Yes
CUST-14819,Female,0,No,Yes,21,Yes,DSL,No internet service,No,Month-to-month,No,Electronic check,67.61,1301.88,No
CUST-14820,Male,0,No,Yes,66,Yes,Fiber optic,No,No,Month-to-month,No,Electronic check,104.05,6682.52,No
CUST-14821,Male,1,No,No,9,Yes,Fiber optic,No,No,Month-to-month,Yes,Bank transfer (automatic),86.88,777.26,Yes
CUST-14822,Male,1,No,No,45,Yes,Fiber optic,No,No,Month-to-month,No,Electronic check,90.53,4064.96,No
CUST-14823,Female,0,Yes,No,0,Yes,No,Yes,No,Month-to-month,Yes,Mailed check,45.2,,Yes
CUST-14824,Female,0,No,No,7,Yes,Fiber optic,Yes,No internet service,Month-to-month,Yes,Credit card (automatic),96.88,673.59,Yes
CUST-14825,Female,0,Yes,Yes,6,Yes,Fiber optic,No,No,Month-to-month,Yes,Bank transfer (automatic),108.95,643.37,Yes
CUST-14826,Male,0,Yes,No,1,Yes,Fiber optic,No,No internet service,One year,Yes,Mailed check,103.39,97.67,Yes
CUST-14827,Male,0,Yes,No,60,Yes,Fiber optic,No,Yes,Month-to-month,Yes,Credit card (automatic),103.07,5940.44,No
CUST-14828,Male,0,No,No,2,Yes,No,No,No,Month-to-month,No,Mailed check,45.87,84.0,No
CUST-14829,Female,0,Yes,No,5,Yes,DSL,No internet service,No internet service,One year,No,Mailed check,57.34,295.49,No
CUST-14830,Female,0,No,No,46,No,DSL,Yes,No internet service,Month-to-month,Yes,Electronic check,72.25,3303.36,Yes
CUST-14831,Female,0,Yes,Yes,72,Yes,DSL,No,Yes,Month-to-month,Yes,Mailed check,59.36,4276.62,No
CUST-14832,Male,0,Yes,Yes,11,Yes,DSL,No,No,Two year,No,Mailed check,47.99,479.32,No
CUST-14833,Male,0,No,No,6,Yes,DSL,No internet service,No internet service,Month-to-month,Yes,Electronic check,58.4,348.44,No
CUST-14834,Female,1,Yes,No,28,Yes,Fiber optic,Yes,No internet service,Two year,Yes,Electronic check,110.46,3004.35,No
CUST-14835,Male,0,No,No,12,Yes,DSL,No,No,One year,No,Credit card (automatic),46.0,527.98,No
CUST-14836,Male,0,Yes,Yes,19,No,No,Yes,No internet service,Two year,Yes,Mailed check,39.21,695.85,No
CUST-14837,Male,0,Yes,No,66,Yes,Fiber optic,No,No internet service,One year,No,Mailed check,79.42,4939.15,No
CUST-14838,Female,0,Yes,No,6,Yes,No,No,No,Month-to-month,Yes,Credit card (automatic),19.34,105.67,Yes
CUST-14839,Female,0,No,Yes,0,Yes,Fiber optic,Yes,No,Month-to-month,Yes,Electronic check,74.26,,No
CUST-14840,Female,0,Yes,Yes,52,Yes,DSL,Yes,No,Month-to-month,No,Electronic check,54.86,2975.26,Yes
CUST-14841,Female,0,Yes,No,41,Yes,Fiber optic,No,No,Month-to-month,No,Credit card (automatic),105.03,4308.08,Yes
CUST-14842,Male,0,No,Yes,28,Yes,Fiber optic,No internet service,Yes,Two year,Yes,Credit card (automatic),91.79,2512.8,No
CUST-14843,Male,0,No,Yes,11,No,DSL,No internet service,No,One year,Yes,Electronic check,49.36,500.8,Yes
CUST-14844,Female,0,Yes,No,8,Yes,No,No internet service,No,Two year,Yes,Credit card (automatic),28.86,212.79,No
CUST-14845,Female,0,Yes,No,24,Yes,Fiber optic,Yes,Yes,Two year,No,Mailed check,98.71,2356.71,No
CUST-14846,Female,0,Yes,No,2,Yes,Fiber optic,Yes,No,One year,No,Credit card (automatic),68.38,137.49,No
CUST-14847,Male,0,Yes,No,22,Yes,DSL,Yes,No,Month-to-month,No,Electronic check,51.04,1145.62,No
CUST-14848,Male,0,No,No,21,Yes,No,No,No internet service,One year,No,Mailed check,24.42,495.33,No
CUST-14849,Male,0,Yes,No,6,Yes,DSL,Yes,No,Month-to-month,No,Credit card (automatic),59.27,323.8,Yes
CUST-14850,Male,1,Yes,No,20,Yes,DSL,No internet service,Yes,Month-to-month,No,Electronic check,66.25,1386.06,No
CUST-14851,Female,0,Yes,No,72,Yes,Fiber optic,No,No,One year,Yes,Credit card (automatic),63.07,4283.77,Yes
CUST-14852,Female,0,No,No,72,Yes,No,No,No,One year,No,Electronic check,23.51,1573.74,No
CUST-14853,Female,0,No,No,21,Yes,No,Yes,No,Month-to-month,Yes,Bank transfer (automatic),18.0,353.52,No
CUST-14854,Male,0,No,Yes,50,Yes,Fiber optic,No,No,One year,Yes,Electronic check,119.74,6012.13,No
CUST-14855,Female,0,Yes,No,72,Yes,DSL,Yes,Yes,One year,No,Electronic check,32.21,2370.48,No
CUST-14856,Male,0,No,No,14,Yes,DSL,Yes,No,Two year,No,Bank transfer (automatic),33.6,460.65,No
CUST-14857,Female,0,Yes,No,58,Yes,No,No,Yes,Month-to-month,Yes,Credit card (automatic),21.58,1184.11,No
CUST-14858,Female,0,No,No,39,Yes,DSL,No internet service,No internet service,Month-to-month,Yes,Bank transfer (automatic),66.88,2490.54,No
CUST-14859,Male,0,Yes,No,2,Yes,Fiber optic,No internet service,No,Two year,Yes,Electronic check,100.0,201.5,Yes
CUST-14860,Female,0,Yes,Yes,2,Yes,Fiber optic,Yes,Yes,Month-to-month,Yes,Bank transfer (automatic),120.0,228.12,Yes
CUST-14861,Female,0,No,Yes,5,Yes,Fiber optic,No,No,Month-to-month,Yes,Mailed check,105.15,536.89,No
CUST-14862,Female,0,Yes,Yes,3,Yes,DSL,Yes,No,Two year,Yes,Bank transfer (automatic),48.19,131.37,No
CUST-14863,Female,0,No,Yes,3,Yes,Fiber optic,No internet service,Yes,One year,Yes,Electronic check,67.84,198.73,Yes
CUST-14864,Female,0,Yes,No,7,Yes,DSL,No internet service,Yes,Two year,No,Credit card (automatic),81.79,529.63,No
CUST-14865,Male,0,Yes,No,4,Yes,DSL,No internet service,Yes,Month-to-month,No,Bank transfer (automatic),49.71,191.35,No
CUST-14866,Female,0,No,No,25,Yes,Fiber optic,No internet service,No,Two year,No,Bank transfer (automatic),73.75,1898.34,No
CUST-14867,Female,0,No,No,24,Yes,No,No,Yes,Month-to-month,Yes,Electronic check,22.72,557.6,No
CUST-14868,Female,0,Yes,Yes,14,Yes,DSL,No,Yes,Month-to-month,Yes,Electronic check,56.66,810.39,Yes
CUST-14869,Female,0,No,No,6,Yes,Fiber optic,Yes,No,Two year,No,Bank transfer (automatic),65.0,385.19,No
CUST-14870,Male,0,Yes,Yes,13,Yes,No,No internet service,No,Two year,Yes,Electronic check,24.75,335.1,No
CUST-14871,Male,0,No,Yes,1,Yes,Fiber optic,No,Yes,One year,Yes,Bank transfer (automatic),88.73,88.3,No
CUST-14872,Female,0,No,No,4,Yes,DSL,No,Yes,One year,No,Electronic check,36.71,151.37,No
CUST-14873,Female,0,No,No,30,Yes,Fiber optic,Yes,No internet service,Month-to-month,Yes,Bank transfer (automatic),58.37,1670.25,No
CUST-14874,Male,0,Yes,Yes,21,Yes,DSL,No,No internet service,One year,Yes,Credit card (automatic),59.58,1214.94,No
CUST-14875,Female,0,No,No,26,Yes,DSL,Yes,No,Month-to-month,Yes,Bank transfer (automatic),34.24,807.39,No
CUST-14876,Female,0,Yes,No,34,Yes,No,Yes,No internet service,Two year,Yes,Mailed check,18.0,607.86,No
CUST-14877,Male,0,Yes,No,8,Yes,Fiber optic,Yes,Yes,Month-to-month,Yes,Bank transfer (automatic),71.09,512.42,No
CUST-14878,Male,1,No,No,28,Yes,DSL,Yes,No,Month-to-month,No,Credit card (automatic),60.94,1758.46,Yes
CUST-14879,Female,1,No,Yes,7,Yes,Fiber optic,Yes,No,Two year,Yes,Mailed check,73.68,490.9,No
CUST-14880,Male,0,No,Yes,25,Yes,DSL,No,No,Month-to-month,Yes,Bank transfer (automatic),55.23,1391.79,No
CUST-14881,Male,1,No,No,4,Yes,No,No,No,Month-to-month,Yes,Mailed check,37.15,151.53,No
CUST-14882,Male,0,No,No,72,Yes,DSL,No,Yes,Month-to-month,Yes,Electronic check,55.95,3967.09,No
CUST-14883,Male,0,No,No,27,Yes,DSL,No,No,Month-to-month,No,Mailed check,57.27,1619.0,Yes
CUST-14884,Male,0,Yes,No,6,Yes,No,Yes,No,Two year,Yes,Credit card (automatic),31.22,190.62,No
CUST-14885,Male,1,No,Yes,3,Yes,DSL,No internet service,Yes,Month-to-month,Yes,Credit card (automatic),83.31,247.68,No
CUST-14886,Female,1,No,Yes,14,Yes,Fiber optic,No,Yes,Month-to-month,Yes,Credit card (automatic),84.36,1140.59,No
CUST-14887,Male,1,No,No,9,Yes,Fiber optic,Yes,Yes,Two year,Yes,Electronic check,81.25,750.53,No
CUST-14888,Male,1,Yes,No,71,Yes,DSL,Yes,No internet service,One year,No,Bank transfer (automatic),63.72,4223.6,No
CUST-14889,Female,0,No,Yes,17,Yes,DSL,No,No,Month-to-month,Yes,Bank transfer (automatic),57.56,892.8,No
CUST-14890,Female,0,No,No,11,Yes,Fiber optic,Yes,No internet service,Month-to-month,No,Mailed check,103.44,1068.5,No
CUST-14891,Female,0,No,No,12,Yes,DSL,Yes,No internet service,One year,No,Credit card (automatic),65.86,782.92,No
CUST-14892,Male,1,Yes,Yes,17,No,DSL,No,No,One year,No,Electronic check,67.57,1114.42,No
CUST-14893,Male,0,No,No,68,Yes,No,Yes,Yes,Month-to-month,Yes,Credit card (automatic),31.78,2120.74,No
CUST-14894,Male,0,Yes,No,22,Yes,Fiber optic,No internet service,No internet service,Month-to-month,No,Mailed check,95.64,2037.26,Yes
CUST-14895,Female,0,No,Yes,36,Yes,DSL,Yes,Yes,Month-to-month,Yes,Electronic check,33.44,1176.01,No
CUST-14896,Male,1,No,Yes,0,Yes,DSL,No,Yes,Month-to-month,Yes,Mailed check,62.05,,No
CUST-14897,Female,0,Yes,No,31,Yes,Fiber optic,No internet service,Yes,Month-to-month,Yes,Mailed check,98.54,2988.41,Yes
CUST-14898,Female,0,No,Yes,14,Yes,No,No,Yes,Two year,Yes,Electronic check,29.88,426.77,No
CUST-14899,Male,1,No,No,3,No,No,No,No,Month-to-month,Yes,Credit card (automatic),33.86,106.26,Yes
CUST-14900,Female,0,Yes,No,47,Yes,DSL,No,No,Month-to-month,Yes,Mailed check,49.87,2335.94,Yes
CUST-14901,Male,0,No,No,7,Yes,DSL,No internet service,Yes,Month-to-month,Yes,Credit card (automatic),66.41,452.61,Yes
CUST-14902,Male,0,No,No,72,Yes,Fiber optic,No,Yes,One year,Yes,Electronic check,96.82,7313.24,No
CUST-14903,Female,0,Yes,No,29,Yes,No,No,Yes,One year,Yes,Bank transfer (automatic),34.56,980.11,No
CUST-14904,Male,0,Yes,No,0,Yes,DSL,No,No,Two year,No,Bank transfer (automatic),56.36,,No
CUST-14905,Female,0,No,No,0,Yes,Fiber optic,No,Yes,Month-to-month,No,Bank transfer (automatic),93.53,,No
CUST-14906,Male,0,No,No,38,No,DSL,No,No,Month-to-month,No,Credit card (automatic),65.94,2625.24,Yes
CUST-14907,Female,0,No,No,5,No,DSL,No,No internet service,Two year,Yes,Bank transfer (automatic),76.0,380.07,No
CUST-14908,Male,0,No,Yes,11,Yes,Fiber optic,No,No,Month-to-month,Yes,Electronic check,74.3,817.62,Yes
CUST-14909,Female,0,No,No,30,Yes,Fiber optic,No,Yes,Two year,Yes,Bank transfer (automatic),104.22,2875.89,No
CUST-14910,Female,0,No,No,18,Yes,DSL,No internet service,No,Month-to-month,No,Credit card (automatic),53.33,904.76,Yes
CUST-14911,Male,0,No,Yes,72,Yes,Fiber optic,No internet service,No internet service,Month-to-month,No,Bank transfer (automatic),92.94,6117.08,No
CUST-14912,Male,1,Yes,No,56,Yes,Fiber optic,No,No internet service,Two year,Yes,Credit card (automatic),55.12,3041.46,No
CUST-14913,Male,0,No,No,0,Yes,Fiber optic,No,No,Month-to-month,Yes,Electronic check,69.84,,No
CUST-14914,Female,0,Yes,Yes,11,Yes,Fiber optic,No internet service,No internet service,One year,No,Credit card (automatic),101.04,1044.44,No
CUST-14915,Male,0,No,No,8,Yes,DSL,No,No,Month-to-month,Yes,Bank transfer (automatic),42.28,343.96,Yes
CUST-14916,Female,0,Yes,No,57,Yes,DSL,No,No,One year,No,Electronic check,52.43,2966.44,No
CUST-14917,Female,0,No,No,8,Yes,Fiber optic,No,No,Month-to-month,No,Electronic check,93.04,779.03,Yes
CUST-14918,Female,0,Yes,No,3,Yes,DSL,Yes,No,Month-to-month,Yes,Credit card (automatic),57.23,159.31,Yes
CUST-14919,Male,0,Yes,No,2,Yes,Fiber optic,No,No internet service,Month-to-month,No,Electronic check,83.14,166.33,Yes
CUST-14920,Female,0,Yes,No,9,Yes,DSL,No internet service,Yes,Two year,No,Bank transfer (automatic),41.35,357.89,No
CUST-14921,Female,1,Yes,No,8,No,DSL,Yes,No internet service,Month-to-month,Yes,Bank transfer (automatic),52.13,394.03,No
CUST-14922,Female,1,No,Yes,10,Yes,Fiber optic,Yes,No,Month-to-month,No,Mailed check,102.85,979.01,No
CUST-14923,Male,0,No,No,39,Yes,No,No,No internet service,Month-to-month,No,Credit card (automatic),18.0,712.98,No
CUST-14924,Male,0,No,No,9,Yes,Fiber optic,No,No,One year,No,Electronic check,85.61,747.98,No
CUST-14925,Male,0,Yes,No,11,Yes,No,No,Yes,One year,Yes,Electronic check,26.45,295.71,No
CUST-14926,Female,0,No,Yes,6,Yes,No,No,No,Month-to-month,Yes,Mailed check,21.61,120.73,No
CUST-14927,Male,0,Yes,No,2,Yes,Fiber optic,No,No,Month-to-month,Yes,Mailed check,79.46,157.15,Yes
CUST-14928,Female,0,Yes,No,72,No,DSL,No internet service,Yes,Two year,Yes,Mailed check,70.79,4603.75,No
CUST-14929,Male,0,Yes,No,37,Yes,No,No,No internet service,Month-to-month,Yes,Credit card (automatic),18.0,628.87,No
CUST-14930,Female,0,No,No,3,Yes,Fiber optic,Yes,Yes,Two year,Yes,Electronic check,54.79,158.39,Yes
CUST-14931,Female,0,No,No,42,Yes,Fiber optic,No,No,One year,No,Credit card (automatic),55.34,2251.48,No
CUST-14932,Male,0,No,No,72,Yes,DSL,No internet service,Yes,Month-to-month,Yes,Electronic check,62.84,4593.05,No
CUST-14933,Female,0,No,No,1,Yes,No,No,No internet service,Two year,Yes,Bank transfer (automatic),18.0,16.77,No
CUST-14934,Female,0,Yes,No,1,Yes,Fiber optic,Yes,Yes,One year,No,Bank transfer (automatic),95.69,89.92,No
CUST-14935,Female,0,Yes,No,17,Yes,Fiber optic,Yes,Yes,One year,No,Electronic check,86.07,1525.81,No
CUST-14936,Female,0,No,No,6,Yes,Fiber optic,No internet service,Yes,Month-to-month,Yes,Credit card (automatic),103.45,585.21,No
CUST-14937,Male,0,No,No,5,Yes,Fiber optic,No,No,Month-to-month,No,Electronic check,81.26,374.77,Yes
CUST-14938,Female,0,Yes,No,0,No,No,Yes,No,Two year,Yes,Bank transfer (automatic),41.63,,Yes
CUST-14939,Female,0,Yes,No,30,Yes,Fiber optic,No,No internet service,Two year,No,Mailed check,63.97,1845.79,No
CUST-14940,Female,0,No,No,2,Yes,No,No,No,Month-to-month,No,Credit card (automatic),20.8,42.91,No
CUST-14941,Female,0,Yes,No,61,Yes,Fiber optic,Yes,No internet service,Month-to-month,Yes,Electronic check,86.86,5290.52,Yes
CUST-14942,Female,0,Yes,Yes,26,Yes,No,Yes,Yes,Two year,No,Electronic check,26.14,613.01,No
CUST-14943,Male,0,No,No,13,Yes,DSL,No,No,Month-to-month,Yes,Bank transfer (automatic),39.87,534.34,Yes
CUST-14944,Male,0,Yes,No,15,Yes,Fiber optic,Yes,Yes,Month-to-month,Yes,Credit card (automatic),97.26,1478.57,No
CUST-14945,Male,0,No,Yes,10,Yes,Fiber optic,Yes,No internet service,Two year,Yes,Credit card (automatic),113.51,1124.14,No
CUST-14946,Male,0,No,No,12,Yes,Fiber optic,Yes,No,One year,No,Electronic check,72.35,836.12,No
CUST-14947,Female,0,Yes,No,13,Yes,Fiber optic,No internet service,No,One year,Yes,Bank transfer (automatic),120.0,1437.74,No
CUST-14948,Female,0,No,Yes,27,Yes,DSL,No,No internet service,One year,Yes,Electronic check,62.51,1536.01,No
CUST-14949,Female,0,Yes,Yes,13,Yes,Fiber optic,No,No,Two year,Yes,Credit card (automatic),85.51,1161.71,No
CUST-14950,Female,0,Yes,No,7,Yes,Fiber optic,Yes,No,Month-to-month,No,Bank transfer (automatic),101.26,720.96,Yes
CUST-14951,Male,0,Yes,No,11,Yes,Fiber optic,No,No,Month-to-month,Yes,Electronic check,93.28,1031.35,Yes
CUST-14952,Female,1,No,No,15,Yes,Fiber optic,Yes,Yes,Two year,No,Mailed check,86.88,1302.95,No
CUST-14953,Female,0,Yes,No,23,Yes,Fiber optic,Yes,No,Month-to-month,Yes,Electronic check,80.66,1719.99,No
CUST-14954,Female,0,Yes,No,10,Yes,Fiber optic,No,No,Two year,Yes,Electronic check,69.47,630.3,No
CUST-14955,Female,1,Yes,No,4,Yes,Fiber optic,Yes,No internet service,Month-to-month,Yes,Electronic check,85.7,348.57,No
CUST-14956,Male,0,No,Yes,27,No,Fiber optic,No,Yes,Month-to-month,Yes,Bank transfer (automatic),78.14,1954.74,Yes
CUST-14957,Male,0,Yes,No,72,Yes,DSL,No,No internet service,Month-to-month,Yes,Electronic check,59.6,4375.34,No
CUST-14958,Male,1,Yes,Yes,13,Yes,Fiber optic,No,Yes,One year,Yes,Mailed check,68.19,868.61,Yes
CUST-14959,Female,0,Yes,No,64,Yes,No,No internet service,No,Month-to-month,Yes,Electronic check,27.09,1793.77,No
CUST-14960,Female,0,No,No,36,Yes,Fiber optic,Yes,Yes,Month-to-month,Yes,Mailed check,79.95,2870.09,Yes
CUST-14961,Male,0,Yes,No,38,Yes,DSL,No,No,One year,No,Electronic check,79.27,2800.5,No
CUST-14962,Male,0,No,Yes,1,Yes,Fiber optic,No,Yes,Month-to-month,No,Mailed check,79.79,79.62,No
CUST-14963,Male,0,No,No,0,Yes,Fiber optic,No,No internet service,Month-to-month,Yes,Bank transfer (automatic),88.63,,Yes
CUST-14964,Female,0,No,Yes,4,Yes,Fiber optic,No,No,Month-to-month,Yes,Credit card (automatic),98.76,389.74,No
CUST-14965,Female,0,Yes,Yes,5,Yes,DSL,Yes,No,Month-to-month,Yes,Credit card (automatic),69.83,318.77,No
CUST-14966,Male,0,No,No,31,Yes,Fiber optic,Yes,No internet service,Month-to-month,No,Electronic check,100.64,2834.18,Yes
CUST-14967,Female,0,No,No,4,Yes,Fiber optic,No internet service,No,Month-to-month,No,Bank transfer (automatic),98.27,367.01,Yes
CUST-14968,Male,0,Yes,Yes,50,Yes,Fiber optic,No,No,Two year,No,Mailed check,98.6,4558.64,No
CUST-14969,Male,0,Yes,No,65,Yes,Fiber optic,No,No,Month-to-month,No,Mailed check,72.83,4583.5,Yes
CUST-14970,Female,0,Yes,Yes,7,Yes,DSL,No,No,Month-to-month,No,Mailed check,71.98,466.12,No
CUST-14971,Male,0,No,No,6,Yes,DSL,Yes,No internet service,Month-to-month,Yes,Bank transfer (automatic),46.69,287.13,No
CUST-14972,Female,0,Yes,No,0,Yes,No,No,No,Month-to-month,No,Bank transfer (automatic),33.76,,No
CUST-14973,Female,0,No,No,13,Yes,Fiber optic,No,No internet service,Month-to-month,Yes,Electronic check,99.13,1168.04,No
CUST-14974,Male,0,No,Yes,23,Yes,Fiber optic,No,No,Month-to-month,No,Mailed check,79.45,1845.69,No
CUST-14975,Female,0,Yes,No,61,Yes,No,No internet service,Yes,Month-to-month,No,Mailed check,23.34,1358.94,No
CUST-14976,Male,0,No,No,9,Yes,Fiber optic,Yes,Yes,Two year,No,Credit card (automatic),67.25,626.64,No
CUST-14977,Female,0,No,No,25,Yes,DSL,No,No,Month-to-month,Yes,Electronic check,71.27,1814.77,Yes
CUST-14978,Female,1,No,Yes,5,Yes,Fiber optic,No internet service,No,One year,Yes,Bank transfer (automatic),96.03,464.47,No
CUST-14979,Female,0,Yes,No,2,Yes,No,No,No internet service,Month-to-month,Yes,Electronic check,20.56,40.42,No
CUST-14980,Male,0,Yes,No,0,Yes,DSL,Yes,No internet service,One year,No,Mailed check,86.6,,No
CUST-14981,Male,0,Yes,No,18,Yes,Fiber optic,No,No,One year,Yes,Bank transfer (automatic),86.77,1539.15,Yes
CUST-14982,Male,0,Yes,No,3,Yes,Fiber optic,Yes,No internet service,Two year,Yes,Electronic check,85.72,243.73,No
CUST-14983,Male,0,Yes,No,0,Yes,DSL,Yes,No internet service,Month-to-month,Yes,Electronic check,53.22,,No
CUST-14984,Male,0,No,No,23,Yes,DSL,No,No internet service,One year,No,Electronic check,49.78,1058.5,Yes
CUST-14985,Male,0,Yes,Yes,15,Yes,Fiber optic,No,Yes,Month-to-month,No,Electronic check,82.6,1195.34,No
CUST-14986,Female,0,Yes,Yes,11,Yes,No,No internet service,No,Two year,Yes,Electronic check,23.21,231.8,No
CUST-14987,Male,0,No,Yes,18,Yes,Fiber optic,No,No,Two year,No,Credit card (automatic),90.19,1462.04,Yes
CUST-14988,Female,0,Yes,No,1,No,No,Yes,No,Two year,No,Electronic check,33.7,32.8,No
CUST-14989,Male,0,Yes,Yes,12,Yes,DSL,Yes,No,Two year,Yes,Mailed check,38.87,444.15,No
CUST-14990,Female,0,No,Yes,10,Yes,DSL,No,Yes,Two year,No,Credit card (automatic),30.68,289.55,No
CUST-14991,Male,0,Yes,No,15,Yes,Fiber optic,Yes,No,Month-to-month,No,Mailed check,98.0,1408.77,Yes
CUST-14992,Male,0,No,Yes,20,Yes,No,No,No,Two year,No,Bank transfer (automatic),23.21,468.11,No
CUST-14993,Male,0,Yes,No,1,Yes,No,No,No,Month-to-month,Yes,Electronic check,20.69,21.64,Yes
CUST-14994,Male,1,Yes,No,36,Yes,Fiber optic,No,No,Month-to-month,No,Mailed check,79.12,2685.32,Yes
CUST-14995,Female,0,Yes,No,41,Yes,Fiber optic,No,Yes,Month-to-month,Yes,Electronic check,83.38,3560.21,Yes
CUST-14996,Female,0,Yes,No,11,Yes,No,Yes,Yes,Month-to-month,Yes,Mailed check,25.29,262.71,Yes
CUST-14997,Female,0,No,No,11,Yes,Fiber optic,No internet service,No,Month-to-month,Yes,Credit card (automatic),95.83,1093.77,Yes
CUST-14998,Female,0,Yes,No,4,Yes,DSL,No,No internet service,Two year,Yes,Electronic check,47.46,175.52,No
CUST-14999,Male,0,No,Yes,8,Yes,DSL,No internet service,Yes,Month-to-month,No,Electronic check,66.85,483.82,Yes
CUST-15000,Female,0,No,Yes,29,Yes,No,Yes,No,Two year,Yes,Electronic check,25.24,696.57,No
CUST-15001,Female,1,No,No,72,Yes,No,No,Yes,Month-to-month,No,Mailed check,18.65,1376.09,No
CUST-15002,Female,0,No,Yes,9,Yes,Fiber optic,No,Yes,Month-to-month,Yes,Electronic check,80.42,691.29,No
CUST-15003,Female,0,No,Yes,8,Yes,Fiber optic,No,Yes,Two year,Yes,Electronic check,81.66,668.69,Yes
CUST-15004,Female,0,Yes,Yes,42,Yes,DSL,Yes,No,Two year,No,Credit card (automatic),60.12,2602.89,No
CUST-15005,Male,0,Yes,No,10,Yes,Fiber optic,No internet service,No,Month-to-month,Yes,Mailed check,88.87,907.03,Yes
CUST-15006,Male,0,No,No,14,Yes,Fiber optic,No internet service,No,Month-to-month,No,Mailed check,65.26,894.75,No
CUST-15007,Female,0,Yes,Yes,1,Yes,No,No,No,Month-to-month,Yes,Credit card (automatic),18.0,17.37,No
CUST-15008,Female,0,Yes,No,13,Yes,Fiber optic,No,No,Month-to-month,Yes,Bank transfer (automatic),86.84,1063.4,No
CUST-15009,Male,0,No,No,54,Yes,DSL,Yes,No,Month-to-month,No,Credit card (automatic),61.15,3198.67,No
CUST-15010,Female,0,Yes,No,9,Yes,Fiber optic,Yes,No,Month-to-month,Yes,Electronic check,83.31,685.18,No
CUST-15011,Male,0,No,No,28,Yes,No,No,Yes,Two year,No,Credit card (automatic),30.48,876.32,No
CUST-15012,Female,0,Yes,No,31,Yes,DSL,No internet service,No internet service,Month-to-month,Yes,Mailed check,69.84,2133.24,No
CUST-15013,Female,0,No,No,0,Yes,No,No internet service,No internet service,Month-to-month,No,Bank transfer (automatic),36.02,,No
CUST-15014,Female,0,No,Yes,55,Yes,Fiber optic,No internet service,No,Month-to-month,No,Credit card (automatic),79.53,4329.61,No
CUST-15015,Female,0,Yes,No,42,Yes,No,No,No,One year,Yes,Bank transfer (automatic),28.76,1217.68,No
CUST-15016,Male,0,No,No,22,Yes,Fiber optic,No,No internet service,Two year,No,Credit card (automatic),114.48,2454.6,No
CUST-15017,Female,0,Yes,No,9,Yes,No,Yes,Yes,Month-to-month,No,Electronic check,18.0,154.69,No
CUST-15018,Female,0,Yes,No,5,Yes,Fiber optic,No internet service,No,Month-to-month,Yes,Credit card (automatic),83.82,425.26,No
CUST-15019,Male,0,Yes,No,35,No,No,No,No,Two year,No,Electronic check,20.0,734.62,No
CUST-15020,Female,0,No,No,55,Yes,No,No,No internet service,Month-to-month,No,Electronic check,24.59,1268.29,No
CUST-15021,Male,0,No,No,10,Yes,No,No,No,One year,Yes,Bank transfer (automatic),23.42,236.13,No
CUST-15022,Female,0,Yes,No,4,Yes,DSL,No,No,One year,Yes,Electronic check,55.73,203.74,Yes
CUST-15023,Male,0,No,No,15,Yes,Fiber optic,No internet service,No,One year,No,Electronic check,79.74,1099.92,No
CUST-15024,Female,1,No,No,10,No,Fiber optic,No,No internet service,Two year,Yes,Electronic check,76.7,782.45,No
CUST-15025,Female,0,No,Yes,6,Yes,No,No,No internet service,Month-to-month,No,Electronic check,18.0,111.7,No
CUST-15026,Male,1,No,Yes,48,No,DSL,Yes,No,One year,No,Electronic check,43.19,1951.5,No
CUST-15027,Male,0,Yes,Yes,27,Yes,No,No internet service,Yes,Two year,No,Electronic check,32.06,885.1,No
CUST-15028,Male,0,Yes,No,41,Yes,Fiber optic,No,No,Month-to-month,No,Credit card (automatic),111.06,4611.35,Yes
CUST-15029,Female,0,No,No,13,Yes,Fiber optic,Yes,No internet service,Two year,No,Bank transfer (automatic),92.39,1215.97,No
CUST-15030,Male,0,No,No,9,No,Fiber optic,Yes,No,Month-to-month,No,Mailed check,72.8,610.54,Yes
CUST-15031,Female,0,No,No,17,Yes,Fiber optic,No,Yes,Month-to-month,Yes,Mailed check,86.06,1457.28,No
CUST-15032,Male,0,Yes,No,31,Yes,Fiber optic,Yes,No,Month-to-month,No,Electronic check,75.61,2400.55,Yes
CUST-15033,Male,0,Yes,No,5,Yes,DSL,No internet service,No internet service,Two year,Yes,Mailed check,56.0,272.2,No
CUST-15034,Female,0,Yes,No,14,Yes,Fiber optic,No internet service,No,Month-to-month,No,Electronic check,90.67,1164.97,Yes
CUST-15035,Female,0,Yes,Yes,6,Yes,Fiber optic,No,No,Month-to-month,Yes,Credit card (automatic),63.67,365.53,Yes
CUST-15036,Male,0,No,Yes,7,Yes,DSL,No,No,Month-to-month,No,Electronic check,59.76,390.94,No
CUST-15037,Male,0,No,No,1,Yes,DSL,No internet service,Yes,One year,No,Bank transfer (automatic),63.64,58.65,Yes
CUST-15038,Female,0,Yes,No,36,Yes,No,Yes,No,Month-to-month,Yes,Electronic check,18.0,653.24,No
CUST-15039,Female,0,Yes,No,19,Yes,Fiber optic,No,No,Two year,Yes,Bank transfer (automatic),93.24,1722.11,No
CUST-15040,Female,0,No,Yes,43,Yes,No,No internet service,Yes,Month-to-month,No,Electronic check,27.01,1090.58,No
CUST-15041,Male,0,No,No,2,No,No,No,No,Month-to-month,Yes,Credit card (automatic),18.0,35.97,No
CUST-15042,Male,1,Yes,No,2,Yes,Fiber optic,Yes,Yes,Month-to-month,No,Electronic check,63.61,131.41,No
CUST-15043,Female,0,Yes,No,16,Yes,Fiber optic,No,No,One year,Yes,Bank transfer (automatic),74.22,1222.32,No
CUST-15044,Male,0,No,Yes,19,Yes,DSL,No,No,Month-to-month,No,Electronic check,73.98,1326.69,No
CUST-15045,Male,0,No,No,9,No,No,No internet service,No,Two year,Yes,Bank transfer (automatic),23.57,221.99,No
CUST-15046,Male,0,No,No,41,Yes,No,Yes,No,Month-to-month,Yes,Mailed check,23.15,905.94,Yes
CUST-15047,Male,0,No,No,16,Yes,No,Yes,No,One year,Yes,Credit card (automatic),25.52,419.19,No
CUST-15048,Male,0,Yes,No,21,Yes,No,Yes,No internet service,Month-to-month,Yes,Electronic check,37.64,776.39,No
CUST-15049,Male,0,No,No,8,Yes,DSL,No internet service,Yes,One year,Yes,Mailed check,51.04,378.89,Yes
CUST-15050,Female,0,No,No,22,Yes,Fiber optic,Yes,No internet service,Month-to-month,No,Credit card (automatic),72.26,1563.75,No
CUST-15051,Female,0,Yes,Yes,15,Yes,Fiber optic,No,No internet service,Month-to-month,Yes,Credit card (automatic),105.4,1515.91,Yes
CUST-15052,Female,0,Yes,Yes,7,Yes,Fiber optic,No,No internet service,Month-to-month,Yes,Credit card (automatic),69.96,470.14,No
CUST-15053,Female,1,Yes,No,2,Yes,No,Yes,No internet service,One year,No,Electronic check,18.0,36.69,No
CUST-15054,Female,0,Yes,No,44,Yes,Fiber optic,No internet service,No,Month-to-month,Yes,Bank transfer (automatic),86.85,3499.87,Yes
CUST-15055,Female,0,No,No,17,Yes,No,No,No internet service,Month-to-month,Yes,Mailed check,21.01,373.41,No
CUST-15056,Female,1,Yes,No,53,Yes,Fiber optic,No,No,Month-to-month,Yes,Credit card (automatic),72.9,3692.59,No
CUST-15057,Male,0,No,No,17,Yes,Fiber optic,No,Yes,Month-to-month,No,Credit card (automatic),80.91,1342.68,Yes
CUST-15058,Male,1,Yes,Yes,36,Yes,Fiber optic,No,No,Two year,No,Credit card (automatic),86.35,2969.16,Yes
CUST-15059,Female,1,No,Yes,35,No,Fiber optic,Yes,No,One year,No,Bank transfer (automatic),56.51,2032.22,Yes
CUST-15060,Male,0,Yes,No,11,Yes,Fiber optic,No,No internet service,Month-to-month,No,Electronic check,89.65,922.99,No
CUST-15061,Male,0,Yes,Yes,17,Yes,No,No internet service,No,Month-to-month,No,Electronic check,18.0,297.8,No
CUST-15062,Female,0,No,No,0,Yes,Fiber optic,No,No internet service,Two year,No,Mailed check,95.26,,No
CUST-15063,Male,0,Yes,Yes,51,Yes,DSL,No,Yes,Month-to-month,Yes,Electronic check,50.57,2642.29,No
CUST-15064,Female,0,No,No,1,Yes,Fiber optic,Yes,No,Month-to-month,No,Credit card (automatic),74.22,66.86,No
CUST-15065,Female,0,No,No,1,Yes,Fiber optic,Yes,No,Two year,Yes,Credit card (automatic),84.78,80.28,No
CUST-15066,Female,0,No,No,32,Yes,Fiber optic,Yes,No,Two year,Yes,Credit card (automatic),97.64,3239.03,No
CUST-15067,Female,0,Yes,Yes,2,Yes,No,No,No,Two year,Yes,Mailed check,18.0,33.34,No
CUST-15068,Male,0,No,No,7,Yes,Fiber optic,No,No,Two year,Yes,Electronic check,67.78,433.77,No
CUST-15069,Female,0,No,No,72,Yes,Fiber optic,Yes,No internet service,Two year,Yes,Credit card (automatic),73.35,5200.5,No
CUST-15070,Male,0,Yes,No,5,Yes,No,No internet service,No internet service,Month-to-month,Yes,Mailed check,18.0,89.05,No
CUST-15071,Male,0,Yes,No,6,Yes,DSL,No internet service,No internet service,Month-to-month,Yes,Electronic check,60.84,369.86,No
CUST-15072,Female,0,Yes,No,4,Yes,DSL,Yes,No,Month-to-month,Yes,Credit card (automatic),60.23,228.84,No
CUST-15073,Male,0,No,No,13,Yes,Fiber optic,No,No,Month-to-month,Yes,Bank transfer (automatic),99.07,1223.66,Yes
CUST-15074,Female,0,Yes,No,46,Yes,No,No,No,Month-to-month,No,Bank transfer (automatic),18.0,805.72,Yes
CUST-15075,Female,0,Yes,No,17,Yes,DSL,No internet service,Yes,Two year,Yes,Electronic check,61.01,997.1,Yes
CUST-15076,Male,0,No,Yes,6,Yes,DSL,No internet service,Yes,Month-to-month,No,Mailed check,62.94,396.1,No
CUST-15077,Female,0,No,No,47,Yes,No,No internet service,No internet service,Two year,Yes,Electronic check,27.37,1243.89,No
CUST-15078,Female,1,Yes,No,23,Yes,No,No internet service,No,One year,Yes,Bank transfer (automatic),18.0,409.48,No
CUST-15079,Male,0,No,No,12,Yes,DSL,No internet service,No,Two year,Yes,Mailed check,67.28,773.79,No
CUST-15080,Female,1,Yes,Yes,45,Yes,DSL,No,No internet service,One year,Yes,Bank transfer (automatic),34.86,1437.43,No
CUST-15081,Male,0,No,No,11,Yes,Fiber optic,No,Yes,Two year,No,Electronic check,95.25,998.0,No
CUST-15082,Female,0,Yes,No,11,Yes,No,No,No,One year,Yes,Bank transfer (automatic),18.0,202.25,No
CUST-15083,Female,0,Yes,No,25,Yes,DSL,No,No internet service,Month-to-month,No,Electronic check,24.09,562.76,No
CUST-15084,Female,0,Yes,No,33,Yes,DSL,No internet service,Yes,Month-to-month,Yes,Bank transfer (automatic),54.07,1788.94,No
CUST-15085,Male,0,Yes,Yes,28,Yes,Fiber optic,No,Yes,One year,Yes,Electronic check,74.61,2054.58,Yes
CUST-15086,Male,0,Yes,No,49,Yes,Fiber optic,No,No,Month-to-month,No,Electronic check,88.35,4464.26,Yes
CUST-15087,Female,0,Yes,Yes,48,Yes,DSL,No internet service,No internet service,Month-to-month,Yes,Mailed check,67.65,3226.41,No
CUST-15088,Female,1,Yes,No,44,Yes,Fiber optic,Yes,No,Month-to-month,Yes,Bank transfer (automatic),105.98,4584.53,No
CUST-15089,Male,0,Yes,Yes,3,No,DSL,No internet service,Yes,One year,No,Credit card (automatic),71.07,223.08,No
CUST-15090,Male,1,No,No,12,Yes,No,No,No,Two year,No,Bank transfer (automatic),32.2,373.88,No
CUST-15091,Male,1,No,No,3,Yes,Fiber optic,No,No,Month-to-month,No,Mailed check,69.43,192.34,Yes
CUST-15092,Female,0,No,No,4,Yes,Fiber optic,No,No,Month-to-month,Yes,Bank transfer (automatic),85.0,322.33,Yes
CUST-15093,Male,0,Yes,No,25,Yes,Fiber optic,Yes,Yes,One year,No,Bank transfer (automatic),87.98,2001.78,Yes
CUST-15094,Male,0,Yes,Yes,15,Yes,Fiber optic,No internet service,No,Month-to-month,Yes,Bank transfer (automatic),101.09,1503.43,Yes
CUST-15095,Male,0,Yes,No,29,Yes,Fiber optic,No,Yes,Month-to-month,Yes,Electronic check,77.95,2214.51,No
CUST-15096,Male,0,Yes,Yes,10,Yes,No,Yes,No,Two year,Yes,Credit card (automatic),25.06,228.47,No
CUST-15097,Male,0,Yes,No,14,Yes,Fiber optic,No internet service,No,Month-to-month,Yes,Electronic check,88.1,1258.3,Yes
CUST-15098,Male,1,No,No,8,Yes,DSL,No,No,One year,No,Electronic check,65.61,472.68,No
CUST-15099,Female,0,No,No,6,Yes,DSL,Yes,No,Two year,Yes,Mailed check,56.39,326.68,No
CUST-15100,Male,1,No,Yes,11,Yes,Fiber optic,No internet service,Yes,Two year,Yes,Bank transfer (automatic),87.66,909.67,No
CUST-15101,Male,0,Yes,No,10,Yes,Fiber optic,Yes,No,One year,No,Electronic check,86.61,814.65,No
CUST-15102,Female,0,No,No,1,Yes,Fiber optic,No,Yes,One year,Yes,Bank transfer (automatic),84.34,86.24,No
CUST-15103,Male,0,Yes,No,11,Yes,DSL,Yes,No,Month-to-month,Yes,Bank transfer (automatic),65.22,738.6,No
CUST-15104,Male,0,No,No,56,Yes,DSL,No internet service,Yes,Two year,Yes,Credit card (automatic),78.19,4083.7,No
CUST-15105,Male,0,Yes,No,22,Yes,No,No,No internet service,One year,Yes,Credit card (automatic),25.28,577.12,No
CUST-15106,Male,1,Yes,No,9,Yes,No,No,No,Two year,Yes,Mailed check,18.0,154.58,No
CUST-15107,Male,0,Yes,No,0,Yes,DSL,Yes,Yes,Month-to-month,Yes,Electronic check,59.12,,No
CUST-15108,Male,0,Yes,No,14,No,DSL,Yes,No internet service,Two year,No,Electronic check,65.54,847.76,No
CUST-15109,Female,0,Yes,Yes,29,Yes,Fiber optic,Yes,No,Month-to-month,Yes,Bank transfer (automatic),56.76,1614.18,Yes
CUST-15110,Female,0,No,No,21,Yes,Fiber optic,No,No,Month-to-month,Yes,Electronic check,67.43,1345.61,Yes
CUST-15111,Male,0,No,No,22,Yes,No,No,Yes,Month-to-month,No,Electronic check,31.97,706.37,No
CUST-15112,Male,0,No,No,10,Yes,Fiber optic,No,No,Month-to-month,Yes,Electronic check,99.12,1021.24,No
CUST-15113,Female,1,Yes,No,1,No,Fiber optic,No,No,Month-to-month,No,Mailed check,79.03,71.88,Yes
CUST-15114,Male,0,No,No,29,Yes,Fiber optic,No,Yes,One year,Yes,Credit card (automatic),94.08,2527.8,No
CUST-15115,Male,0,Yes,No,9,Yes,DSL,No,No internet service,One year,Yes,Credit card (automatic),49.64,444.97,No
CUST-15116,Male,0,Yes,Yes,13,No,Fiber optic,No,No,Month-to-month,No,Electronic check,62.05,733.76,Yes
CUST-15117,Female,0,No,No,0,Yes,Fiber optic,No internet service,No,One year,Yes,Bank transfer (automatic),103.01,,Yes
CUST-15118,Male,0,No,No,61,Yes,DSL,Yes,No,Month-to-month,No,Electronic check,49.79,3086.18,No
CUST-15119,Male,0,No,No,66,Yes,Fiber optic,No,No,Month-to-month,Yes,Bank transfer (automatic),97.97,6220.87,No
CUST-15120,Female,0,Yes,No,18,Yes,Fiber optic,No,No internet service,Month-to-month,No,Bank transfer (automatic),109.21,1896.24,Yes
CUST-15121,Female,0,No,No,1,Yes,Fiber optic,No,Yes,Month-to-month,No,Bank transfer (automatic),104.61,106.9,Yes
CUST-15122,Female,0,No,Yes,2,Yes,No,No internet service,No internet service,Month-to-month,No,Bank transfer (automatic),31.22,56.52,No
CUST-15123,Male,0,Yes,Yes,23,Yes,No,No,No internet service,Month-to-month,Yes,Mailed check,22.92,486.96,No
CUST-15124,Female,0,Yes,No,1,Yes,No,Yes,No,Month-to-month,No,Credit card (automatic),23.45,23.63,No
CUST-15125,Female,0,No,Yes,50,Yes,No,No internet service,No,Month-to-month,Yes,Credit card (automatic),18.0,877.79,No
CUST-15126,Male,0,No,Yes,16,Yes,No,Yes,No internet service,Two year,Yes,Bank transfer (automatic),39.13,642.59,No
CUST-15127,Female,0,Yes,No,1,Yes,DSL,No internet service,Yes,Two year,Yes,Electronic check,57.1,56.98,No
CUST-15128,Male,0,Yes,No,20,Yes,Fiber optic,No,No,Two year,No,Mailed check,80.82,1618.14,No
CUST-15129,Male,1,No,Yes,14,No,Fiber optic,Yes,No,One year,Yes,Electronic check,72.39,1053.74,No
CUST-15130,Male,0,No,No,12,No,DSL,No,No,Month-to-month,Yes,Electronic check,55.1,612.22,No
CUST-15131,Male,1,Yes,No,2,Yes,Fiber optic,No,No,One year,Yes,Bank transfer (automatic),63.43,120.48,No
CUST-15132,Male,1,No,Yes,23,Yes,DSL,No,No internet service,Month-to-month,Yes,Bank transfer (automatic),68.16,1535.85,No
CUST-15133,Male,0,No,No,11,Yes,DSL,Yes,Yes,Month-to-month,Yes,Mailed check,50.11,503.74,Yes
CUST-15134,Male,0,No,Yes,11,No,Fiber optic,Yes,Yes,Month-to-month,Yes,Bank transfer (automatic),97.9,1084.22,Yes
CUST-15135,Male,0,No,No,8,Yes,Fiber optic,No,No,Two year,Yes,Bank transfer (automatic),85.75,646.37,No
CUST-15136,Male,1,No,Yes,6,Yes,Fiber optic,No,No,Month-to-month,Yes,Mailed check,81.66,463.87,No
CUST-15137,Male,1,No,No,31,Yes,Fiber optic,No,No,Month-to-month,No,Credit card (automatic),112.86,3367.47,No
CUST-15138,Female,0,No,Yes,20,Yes,DSL,No,Yes,Month-to-month,No,Electronic check,58.66,1162.05,Yes
CUST-15139,Female,0,No,No,12,Yes,No,No internet service,No internet service,Two year,Yes,Mailed check,25.11,313.47,No
CUST-15140,Female,0,No,Yes,3,Yes,DSL,No,Yes,Month-to-month,No,Bank transfer (automatic),37.2,113.8,Yes
CUST-15141,Male,0,No,Yes,15,Yes,Fiber optic,No,Yes,Two year,Yes,Electronic check,66.31,965.33,No
CUST-15142,Male,0,No,No,3,Yes,Fiber optic,Yes,No,Two year,Yes,Electronic check,81.39,243.61,Yes
CUST-15143,Female,0,No,Yes,7,Yes,Fiber optic,No,No,One year,Yes,Electronic check,85.9,553.8,No
CUST-15144,Male,1,Yes,No,28,Yes,Fiber optic,Yes,Yes,Month-to-month,No,Credit card (automatic),82.31,2290.32,Yes
CUST-15145,Male,0,Yes,Yes,72,Yes,DSL,No,No internet service,Month-to-month,No,Credit card (automatic),70.05,5257.99,No
CUST-15146,Male,0,No,No,5,Yes,Fiber optic,Yes,No,Two year,No,Bank transfer (automatic),74.61,341.49,No
CUST-15147,Male,0,No,No,17,Yes,DSL,No,No internet service,One year,Yes,Electronic check,87.94,1519.91,No
CUST-15148,Female,0,Yes,No,19,Yes,Fiber optic,Yes,Yes,One year,Yes,Mailed check,80.92,1448.82,No
CUST-15149,Male,0,No,No,13,Yes,DSL,No,No internet service,Month-to-month,No,Electronic check,68.18,806.7,No
CUST-15150,Female,1,Yes,No,4,No,DSL,No,No,Month-to-month,No,Mailed check,67.48,276.7,Yes
CUST-15151,Male,1,Yes,No,1,Yes,Fiber optic,No internet service,No,Two year,Yes,Electronic check,72.31,72.08,No
CUST-15152,Male,0,Yes,Yes,44,Yes,Fiber optic,No,No,Month-to-month,Yes,Mailed check,74.57,3144.86,No
CUST-15153,Female,0,Yes,No,7,Yes,Fiber optic,No,No,Month-to-month,Yes,Bank transfer (automatic),90.75,586.82,No
CUST-15154,Male,0,No,Yes,34,Yes,Fiber optic,No,No internet service,Month-to-month,Yes,Electronic check,90.64,2943.72,Yes
CUST-15155,Female,1,Yes,No,14,Yes,DSL,No,No internet service,Month-to-month,No,Electronic check,64.3,897.84,Yes
CUST-15156,Male,0,No,Yes,3,Yes,Fiber optic,No,No,Two year,Yes,Credit card (automatic),96.46,292.87,No
CUST-15157,Female,1,No,No,18,No,Fiber optic,Yes,No,Month-to-month,No,Credit card (automatic),75.79,1422.6,No
CUST-15158,Female,1,Yes,Yes,10,Yes,Fiber optic,No,No,Month-to-month,Yes,Electronic check,72.21,729.79,Yes
CUST-15159,Male,0,No,No,72,Yes,DSL,Yes,Yes,Month-to-month,Yes,Bank transfer (automatic),48.69,3491.39,No
CUST-15160,Male,0,Yes,Yes,24,Yes,Fiber optic,Yes,No internet service,Two year,No,Bank transfer (automatic),87.22,2143.36,No
CUST-15161,Female,1,No,No,33,Yes,Fiber optic,Yes,No,Month-to-month,No,Electronic check,100.24,3137.91,Yes
CUST-15162,Male,1,Yes,No,7,Yes,No,Yes,No,Month-to-month,Yes,Mailed check,18.0,127.66,Yes
CUST-15163,Female,0,Yes,No,11,Yes,Fiber optic,Yes,Yes,Month-to-month,Yes,Credit card (automatic),71.65,741.31,No
CUST-15164,Female,0,No,No,1,Yes,DSL,No internet service,No,Two year,No,Electronic check,56.5,51.14,No
CUST-15165,Female,0,No,No,55,Yes,Fiber optic,No internet service,No internet service,Two year,No,Electronic check,94.39,5111.08,No
CUST-15166,Male,1,No,No,42,Yes,Fiber optic,No,No,Month-to-month,No,Mailed check,79.52,3061.73,No
CUST-15167,Female,1,No,No,32,Yes,Fiber optic,Yes,No internet service,Two year,Yes,Bank transfer (automatic),79.08,2368.42,No
CUST-15168,Female,0,No,Yes,44,Yes,Fiber optic,No,No,Month-to-month,Yes,Electronic check,74.98,3032.68,No
CUST-15169,Male,1,No,No,14,Yes,Fiber optic,No,No,Month-to-month,No,Electronic check,93.84,1327.43,Yes
CUST-15170,Female,0,No,No,3,Yes,DSL,No internet service,Yes,One year,No,Credit card (automatic),72.68,222.69,No
CUST-15171,Female,0,No,No,25,Yes,No,No,No internet service,One year,Yes,Mailed check,33.41,752.92,No
CUST-15172,Male,0,No,Yes,72,Yes,Fiber optic,No internet service,No,Month-to-month,Yes,Bank transfer (automatic),78.34,5306.03,Yes
CUST-15173,Female,0,No,Yes,8,Yes,DSL,Yes,No,One year,Yes,Credit card (automatic),40.75,297.58,No
CUST-15174,Male,0,Yes,Yes,42,Yes,DSL,No,No,Month-to-month,No,Bank transfer (automatic),46.5,1804.33,No
CUST-15175,Male,0,No,Yes,50,Yes,Fiber optic,No internet service,No,Month-to-month,No,Mailed check,64.15,2968.97,Yes
CUST-15176,Male,0,No,No,51,Yes,Fiber optic,No internet service,No internet service,Month-to-month,Yes,Credit card (automatic),93.38,4825.34,Yes
CUST-15177,Male,0,Yes,Yes,3,Yes,Fiber optic,No,No,One year,No,Bank transfer (automatic),106.11,328.97,Yes
CUST-15178,Male,0,Yes,No,12,Yes,Fiber optic,No,No,Month-to-month,Yes,Mailed check,93.72,1166.64,Yes
CUST-15179,Female,1,Yes,No,0,Yes,Fiber optic,No,Yes,Month-to-month,Yes,Electronic check,89.88,,No
CUST-15180,Male,0,No,No,54,Yes,Fiber optic,No,No,Two year,Yes,Electronic check,79.93,4332.1,No
CUST-15181,Female,0,Yes,Yes,16,Yes,Fiber optic,No,No internet service,Month-to-month,No,Electronic check,107.35,1784.87,Yes
CUST-15182,Male,0,No,No,1,Yes,No,Yes,No,One year,Yes,Electronic check,33.69,30.93,No
CUST-15183,Male,0,Yes,No,15,Yes,No,Yes,No,One year,Yes,Bank transfer (automatic),32.2,491.59,No
CUST-15184,Male,0,Yes,No,3,Yes,DSL,Yes,Yes,One year,No,Credit card (automatic),54.56,165.3,No
CUST-15185,Female,0,No,No,1,Yes,DSL,No,No internet service,One year,Yes,Credit card (automatic),27.81,28.75,No
CUST-15186,Male,1,No,Yes,7,Yes,No,No,Yes,Two year,No,Electronic check,22.39,148.81,No
CUST-15187,Male,0,Yes,Yes,22,No,DSL,Yes,No,Two year,No,Bank transfer (automatic),61.92,1351.89,No
CUST-15188,Male,1,Yes,No,45,Yes,Fiber optic,Yes,Yes,Two year,No,Mailed check,76.02,3486.66,No
CUST-15189,Female,0,No,No,0,Yes,Fiber optic,No,No,One year,No,Mailed check,78.24,,No
CUST-15190,Female,0,No,No,26,Yes,DSL,No internet service,No,One year,No,Bank transfer (automatic),51.26,1325.01,No
CUST-15191,Male,0,No,Yes,15,Yes,No,Yes,Yes,One year,Yes,Bank transfer (automatic),36.75,560.35,No
CUST-15192,Male,0,No,Yes,14,Yes,Fiber optic,No internet service,No,Month-to-month,Yes,Bank transfer (automatic),96.04,1211.39,No
CUST-15193,Female,0,No,No,12,Yes,Fiber optic,No,Yes,Month-to-month,No,Bank transfer (automatic),66.26,748.32,No
CUST-15194,Female,0,Yes,No,7,Yes,No,No,Yes,Month-to-month,Yes,Mailed check,23.88,168.56,No
CUST-15195,Male,0,No,No,7,Yes,DSL,No internet service,No,One year,Yes,Electronic check,60.25,394.57,No
CUST-15196,Female,0,Yes,No,46,Yes,DSL,Yes,No,Two year,No,Electronic check,54.06,2281.42,No
CUST-15197,Female,0,Yes,No,33,Yes,DSL,No,No internet service,Two year,No,Mailed check,52.05,1784.37,No
CUST-15198,Female,0,Yes,No,2,Yes,DSL,No,No internet service,One year,No,Credit card (automatic),60.84,112.09,No
CUST-15199,Female,0,No,No,37,Yes,Fiber optic,No,No,One year,Yes,Credit card (automatic),110.23,4086.84,No
CUST-15200,Female,0,Yes,No,24,Yes,No,No,Yes,Month-to-month,Yes,Bank transfer (automatic),34.44,756.88,No
CUST-15201,Female,0,Yes,No,72,Yes,Fiber optic,No,No,Month-to-month,No,Electronic check,85.92,6406.24,Yes
CUST-15202,Male,0,Yes,No,28,No,DSL,Yes,Yes,Month-to-month,Yes,Electronic check,50.8,1478.48,Yes
CUST-15203,Male,0,Yes,Yes,35,No,No,Yes,No,Month-to-month,Yes,Electronic check,29.1,1031.19,No
CUST-15204,Female,0,Yes,No,27,Yes,Fiber optic,No,Yes,Month-to-month,No,Electronic check,92.53,2604.6,No
CUST-15205,Female,0,Yes,Yes,72,Yes,DSL,No internet service,Yes,Two year,Yes,Bank transfer (automatic),61.96,4221.51,No
CUST-15206,Male,0,No,No,36,Yes,Fiber optic,Yes,No internet service,Month-to-month,No,Electronic check,111.78,3902.68,No
CUST-15207,Male,0,No,No,25,Yes,DSL,No,Yes,Month-to-month,No,Bank transfer (automatic),63.9,1488.76,Yes
CUST-15208,Male,1,Yes,No,37,Yes,Fiber optic,No internet service,No,Month-to-month,Yes,Electronic check,104.99,3640.44,Yes
CUST-15209,Female,0,Yes,No,10,Yes,No,No,No,Month-to-month,No,Electronic check,35.49,344.26,No
CUST-15210,Male,0,Yes,No,26,Yes,DSL,No internet service,Yes,Month-to-month,No,Mailed check,49.97,1192.73,No
CUST-15211,Female,0,Yes,No,40,Yes,DSL,Yes,Yes,Month-to-month,No,Electronic check,59.86,2306.26,No
CUST-15212,Male,1,Yes,Yes,19,Yes,DSL,No,No,Two year,No,Electronic check,48.34,889.53,No
CUST-15213,Female,1,Yes,Yes,38,Yes,No,Yes,No,Two year,Yes,Credit card (automatic),19.79,743.94,No
CUST-15214,Female,0,No,No,12,Yes,Fiber optic,Yes,No,Month-to-month,Yes,Electronic check,80.46,977.3,Yes
CUST-15215,Female,0,Yes,Yes,17,Yes,Fiber optic,Yes,Yes,Month-to-month,Yes,Credit card (automatic),75.11,1229.72,No
CUST-15216,Male,0,Yes,Yes,8,Yes,No,Yes,Yes,Two year,No,Mailed check,24.72,202.21,No
CUST-15217,Female,0,No,Yes,59,Yes,Fiber optic,No internet service,Yes,Two year,Yes,Electronic check,77.43,4640.0,No
CUST-15218,Male,1,No,No,63,Yes,No,No,Yes,Month-to-month,No,Bank transfer (automatic),40.39,2641.43,Yes
CUST-15219,Female,0,Yes,No,57,No,Fiber optic,Yes,No internet service,One year,No,Electronic check,85.89,4754.1,Yes
CUST-15220,Female,0,No,No,15,Yes,Fiber optic,No internet service,Yes,Month-to-month,Yes,Credit card (automatic),98.42,1377.95,Yes
CUST-15221,Male,0,Yes,No,46,Yes,No,No internet service,No,One year,No,Electronic check,27.41,1321.51,No
CUST-15222,Female,0,No,No,7,Yes,DSL,No internet service,No,Two year,Yes,Mailed check,54.35,366.49,No
CUST-15223,Female,1,Yes,No,6,Yes,Fiber optic,Yes,No,Month-to-month,Yes,Electronic check,98.97,550.11,Yes
CUST-15224,Male,0,Yes,No,7,Yes,Fiber optic,Yes,No,One year,No,Bank transfer (automatic),75.95,506.21,No
CUST-15225,Male,0,No,No,6,Yes,DSL,Yes,Yes,Two year,No,Credit card (automatic),67.49,413.19,No
CUST-15226,Male,0,No,No,44,Yes,DSL,No internet service,No,Month-to-month,Yes,Bank transfer (automatic),56.21,2388.32,No
CUST-15227,Male,0,No,No,39,No,Fiber optic,No internet service,No internet service,Month-to-month,Yes,Mailed check,95.24,3854.46,No
CUST-15228,Male,0,No,Yes,21,Yes,No,No,No,Two year,Yes,Credit card (automatic),21.43,427.1,No
CUST-15229,Female,0,No,No,6,Yes,Fiber optic,No internet service,No,Two year,No,Credit card (automatic),87.76,550.69,No
CUST-15230,Male,1,No,No,33,Yes,Fiber optic,Yes,No,Month-to-month,Yes,Electronic check,90.14,2995.09,Yes
CUST-15231,Female,0,No,No,14,Yes,DSL,No internet service,Yes,Month-to-month,Yes,Bank transfer (automatic),54.11,774.78,Yes
CUST-15232,Male,0,No,No,23,Yes,Fiber optic,No,Yes,Month-to-month,Yes,Credit card (automatic),85.26,1936.75,No
CUST-15233,Male,0,No,No,19,Yes,DSL,Yes,No,Month-to-month,No,Bank transfer (automatic),59.48,1110.98,No
CUST-15234,Male,1,No,Yes,39,No,No,Yes,No,Month-to-month,No,Electronic check,21.97,884.78,No
CUST-15235,Male,0,No,No,55,Yes,DSL,Yes,No internet service,Two year,Yes,Electronic check,53.37,2861.15,No
CUST-15236,Female,1,No,Yes,27,Yes,Fiber optic,No,Yes,Two year,Yes,Electronic check,62.23,1699.31,No
CUST-15237,Male,0,Yes,No,21,Yes,No,Yes,No,Month-to-month,Yes,Electronic check,29.01,604.45,No
CUST-15238,Female,0,No,No,7,Yes,DSL,Yes,No,Month-to-month,No,Electronic check,70.3,464.59,Yes
CUST-15239,Female,0,No,No,4,Yes,Fiber optic,No,Yes,Month-to-month,Yes,Bank transfer (automatic),62.01,259.96,No
CUST-15240,Male,1,Yes,No,37,Yes,DSL,Yes,Yes,Two year,Yes,Bank transfer (automatic),51.98,1840.45,No
CUST-15241,Male,0,No,No,20,Yes,Fiber optic,No,Yes,Month-to-month,No,Mailed check,61.92,1138.82,Yes
CUST-15242,Female,0,No,Yes,1,Yes,Fiber optic,No,No,Month-to-month,No,Bank transfer (automatic),78.0,79.22,Yes
CUST-15243,Male,0,Yes,No,1,Yes,Fiber optic,No internet service,No,One year,No,Electronic check,71.12,68.55,No
CUST-15244,Male,0,No,No,68,Yes,No,No,No,Month-to-month,Yes,Bank transfer (automatic),36.3,2520.91,No
CUST-15245,Female,0,No,No,8,Yes,Fiber optic,Yes,No,Two year,Yes,Electronic check,65.26,527.37,No
CUST-15246,Male,1,Yes,No,20,Yes,Fiber optic,Yes,No,Two year,No,Mailed check,88.07,1687.29,No
CUST-15247,Male,0,Yes,Yes,8,Yes,Fiber optic,No,No,Month-to-month,No,Mailed check,70.88,556.53,No
CUST-15248,Male,1,Yes,No,11,Yes,Fiber optic,No internet service,No,Month-to-month,No,Bank transfer (automatic),100.63,1049.99,No
CUST-15249,Female,0,No,No,72,Yes,Fiber optic,No,No,Two year,No,Electronic check,82.89,5510.46,No
CUST-15250,Male,0,No,Yes,3,Yes,No,No internet service,No,Month-to-month,Yes,Mailed check,25.17,74.34,No
CUST-15251,Male,0,Yes,No,4,Yes,Fiber optic,No internet service,No,One year,No,Electronic check,96.54,392.85,Yes
CUST-15252,Male,0,Yes,No,24,Yes,No,No,No,Two year,Yes,Electronic check,18.0,405.82,No
CUST-15253,Female,0,Yes,Yes,2,Yes,No,No,Yes,Two year,Yes,Bank transfer (automatic),19.09,36.32,No
CUST-15254,Male,0,No,No,72,Yes,DSL,Yes,No internet service,Month-to-month,No,Credit card (automatic),58.06,3985.8,No
CUST-15255,Male,0,Yes,Yes,9,Yes,Fiber optic,No internet service,No internet service,Two year,Yes,Bank transfer (automatic),116.07,1044.47,Yes
CUST-15256,Female,0,Yes,No,20,Yes,DSL,Yes,No internet service,Two year,Yes,Electronic check,56.65,1054.67,No
CUST-15257,Male,0,No,Yes,5,Yes,Fiber optic,No,No,Month-to-month,Yes,Electronic check,89.04,449.36,Yes
CUST-15258,Male,0,No,No,72,Yes,Fiber optic,No internet service,No,One year,Yes,Electronic check,63.71,4705.16,Yes
CUST-15259,Male,0,Yes,No,9,No,DSL,No internet service,No,Month-to-month,No,Credit card (automatic),59.71,521.44,Yes
CUST-15260,Male,0,Yes,No,2,Yes,Fiber optic,Yes,No internet service,Month-to-month,No,Electronic check,102.66,193.65,Yes
CUST-15261,Male,0,Yes,Yes,12,Yes,DSL,Yes,No internet service,Month-to-month,No,Electronic check,73.27,817.33,No
CUST-15262,Female,0,Yes,No,15,Yes,DSL,No,Yes,Month-to-month,No,Mailed check,51.39,807.51,No
CUST-15263,Male,0,Yes,No,14,Yes,Fiber optic,Yes,No internet service,Month-to-month,No,Electronic check,100.99,1309.12,Yes
CUST-15264,Male,0,Yes,No,28,Yes,Fiber optic,No,Yes,Month-to-month,No,Electronic check,77.03,2051.42,No
CUST-15265,Male,0,Yes,No,22,Yes,DSL,No,No internet service,Month-to-month,Yes,Credit card (automatic),65.55,1368.7,Yes
CUST-15266,Female,1,Yes,Yes,11,Yes,Fiber optic,No,No,Two year,No,Mailed check,81.72,874.43,No
CUST-15267,Male,0,No,No,3,Yes,Fiber optic,Yes,No,One year,Yes,Electronic check,82.15,252.79,No
CUST-15268,Male,0,Yes,Yes,5,Yes,DSL,Yes,No,Month-to-month,No,Mailed check,49.13,257.21,No
CUST-15269,Male,0,Yes,No,14,Yes,Fiber optic,Yes,No,Month-to-month,No,Electronic check,66.92,975.24,No
CUST-15270,Female,0,Yes,Yes,52,Yes,No,Yes,Yes,Two year,Yes,Credit card (automatic),30.3,1562.36,No
CUST-15271,Male,0,Yes,Yes,60,Yes,Fiber optic,No internet service,No internet service,One year,Yes,Bank transfer (automatic),74.83,4639.47,No
CUST-15272,Female,0,Yes,No,22,No,DSL,No,Yes,Month-to-month,Yes,Bank transfer (automatic),84.28,1935.17,No
CUST-15273,Female,0,Yes,Yes,5,Yes,DSL,No,Yes,Two year,Yes,Credit card (automatic),47.48,219.84,No
CUST-15274,Female,0,Yes,No,37,Yes,No,No,No internet service,Month-to-month,No,Bank transfer (automatic),28.15,993.59,No
CUST-15275,Female,0,Yes,No,24,Yes,Fiber optic,Yes,No,Month-to-month,No,Credit card (automatic),77.63,1890.42,No
CUST-15276,Female,1,No,No,21,Yes,DSL,Yes,No,Two year,No,Mailed check,75.52,1594.63,No
CUST-15277,Male,0,Yes,No,10,Yes,Fiber optic,Yes,No,Month-to-month,No,Electronic check,106.19,982.13,Yes
CUST-15278,Female,0,No,No,26,No,Fiber optic,Yes,No,Month-to-month,Yes,Electronic check,75.61,1905.09,No
CUST-15279,Male,0,Yes,No,4,Yes,Fiber optic,No,No,Month-to-month,Yes,Electronic check,79.75,317.0,Yes
CUST-15280,Female,0,No,Yes,20,Yes,DSL,No,No,Two year,Yes,Mailed check,54.07,1121.45,No
CUST-15281,Male,1,Yes,No,29,No,DSL,Yes,No internet service,Month-to-month,Yes,Credit card (automatic),62.8,1863.89,No
CUST-15282,Female,0,No,No,15,Yes,Fiber optic,Yes,Yes,Month-to-month,No,Electronic check,89.05,1315.24,Yes
CUST-15283,Male,1,Yes,Yes,11,Yes,Fiber optic,No,Yes,Two year,No,Electronic check,102.32,1019.36,No
CUST-15284,Female,1,Yes,No,61,Yes,DSL,No,No,Month-to-month,No,Mailed check,61.64,3828.59,No
CUST-15285,Female,0,No,No,16,Yes,DSL,No,No,One year,Yes,Credit card (automatic),62.82,1019.58,No
CUST-15286,Female,1,Yes,No,29,Yes,Fiber optic,No,No,Month-to-month,Yes,Mailed check,72.07,2091.78,No
CUST-15287,Male,0,Yes,No,14,Yes,No,No internet service,No internet service,Month-to-month,Yes,Mailed check,34.97,495.34,Yes
CUST-15288,Male,0,Yes,Yes,0,Yes,No,Yes,Yes,Month-to-month,Yes,Bank transfer (automatic),28.56,,No
CUST-15289,Female,0,Yes,Yes,11,Yes,No,Yes,No,Month-to-month,No,Mailed check,24.05,242.77,Yes
CUST-15290,Male,0,Yes,No,9,Yes,Fiber optic,No,No internet service,Two year,No,Bank transfer (automatic),106.36,864.27,No
CUST-15291,Male,0,Yes,Yes,3,Yes,Fiber optic,No,Yes,Month-to-month,No,Electronic check,75.94,223.0,Yes
CUST-15292,Female,0,Yes,No,2,Yes,No,No,No internet service,Two year,Yes,Credit card (automatic),35.25,65.71,No
CUST-15293,Male,0,No,No,5,Yes,Fiber optic,Yes,No,Month-to-month,Yes,Mailed check,89.18,459.2,No
CUST-15294,Male,0,No,No,26,No,DSL,No,No,Month-to-month,Yes,Mailed check,54.48,1363.69,No
CUST-15295,Male,0,No,No,44,No,DSL,No,No,Month-to-month,No,Credit card (automatic),41.05,1783.79,Yes
CUST-15296,Female,1,Yes,No,11,Yes,Fiber optic,Yes,No,Month-to-month,Yes,Mailed check,93.29,1030.47,Yes
CUST-15297,Male,0,Yes,No,44,Yes,No,Yes,Yes,Month-to-month,No,Credit card (automatic),18.0,812.36,Yes
CUST-15298,Male,0,Yes,No,15,Yes,No,No,No,Month-to-month,No,Bank transfer (automatic),20.84,301.03,No
CUST-15299,Male,0,Yes,No,6,Yes,DSL,No,Yes,Month-to-month,Yes,Credit card (automatic),65.39,396.9,No
CUST-15300,Male,0,No,Yes,20,No,No,No internet service,No,Month-to-month,No,Electronic check,25.07,460.23,No
CUST-15301,Female,0,Yes,Yes,28,Yes,Fiber optic,No,Yes,Month-to-month,Yes,Bank transfer (automatic),74.94,1949.0,Yes
CUST-15302,Male,0,Yes,No,5,No,Fiber optic,No,Yes,Two year,Yes,Mailed check,100.89,521.3,No
CUST-15303,Male,0,Yes,No,29,Yes,Fiber optic,Yes,No,Month-to-month,Yes,Mailed check,96.1,2731.52,Yes
CUST-15304,Female,0,No,No,67,Yes,No,No,No,Two year,No,Electronic check,25.83,1693.59,No
CUST-15305,Male,1,Yes,No,6,Yes,Fiber optic,Yes,No,Two year,No,Bank transfer (automatic),73.63,438.74,Yes
CUST-15306,Female,0,No,Yes,19,Yes,Fiber optic,No,Yes,Month-to-month,Yes,Bank transfer (automatic),110.62,1907.21,No
CUST-15307,Female,1,Yes,No,52,Yes,No,No,Yes,Month-to-month,No,Mailed check,34.55,1782.13,No
CUST-15308,Male,0,No,Yes,38,Yes,No,No,No,Month-to-month,Yes,Credit card (automatic),22.48,779.72,No
CUST-15309,Male,0,Yes,No,23,Yes,Fiber optic,No,No,Two year,Yes,Bank transfer (automatic),85.92,1924.31,No
CUST-15310,Female,0,Yes,No,68,Yes,No,Yes,Yes,Month-to-month,Yes,Credit card (automatic),23.63,1614.18,No
CUST-15311,Female,0,Yes,No,24,No,No,Yes,No,Month-to-month,No,Bank transfer (automatic),21.26,500.8,No
CUST-15312,Female,0,No,No,33,Yes,Fiber optic,Yes,No,One year,Yes,Mailed check,93.83,3195.38,Yes
CUST-15313,Male,0,No,No,12,Yes,DSL,No,No,One year,Yes,Mailed check,92.97,1118.18,Yes
CUST-15314,Female,0,No,No,0,Yes,DSL,No,Yes,One year,No,Mailed check,42.8,,No
CUST-15315,Male,0,Yes,No,72,Yes,Fiber optic,No,No internet service,Two year,Yes,Electronic check,67.82,4423.1,No
CUST-15316,Male,0,No,No,49,Yes,Fiber optic,Yes,Yes,One year,Yes,Bank transfer (automatic),85.46,4125.9,Yes
CUST-15317,Male,0,No,No,11,Yes,Fiber optic,No,No internet service,Two year,Yes,Electronic check,77.06,833.25,Yes
CUST-15318,Male,1,Yes,No,72,Yes,Fiber optic,No internet service,No,Month-to-month,Yes,Bank transfer (automatic),90.52,6306.14,Yes
CUST-15319,Female,0,Yes,Yes,0,Yes,Fiber optic,Yes,No,One year,No,Mailed check,93.48,,Yes
CUST-15320,Female,0,Yes,No,64,Yes,Fiber optic,No,No internet service,Month-to-month,No,Electronic check,83.81,5385.65,No
CUST-15321,Female,0,Yes,Yes,27,No,Fiber optic,No,No,Month-to-month,No,Electronic check,69.48,1734.94,No
CUST-15322,Female,0,No,No,1,Yes,Fiber optic,No,Yes,One year,Yes,Electronic check,97.52,98.63,Yes
CUST-15323,Female,0,Yes,No,6,Yes,No,Yes,No,Two year,No,Bank transfer (automatic),29.22,167.78,No
CUST-15324,Female,0,No,No,1,Yes,DSL,No,No,Month-to-month,No,Bank transfer (automatic),68.16,62.51,Yes
CUST-15325,Female,0,Yes,No,1,Yes,No,No internet service,No,Month-to-month,No,Bank transfer (automatic),39.13,40.71,No
CUST-15326,Female,0,Yes,Yes,19,Yes,DSL,No,No internet service,Two year,Yes,Bank transfer (automatic),55.31,1037.18,No
CUST-15327,Male,0,Yes,No,48,Yes,No,No internet service,Yes,Month-to-month,No,Electronic check,22.1,1056.03,No
CUST-15328,Female,0,Yes,Yes,6,Yes,Fiber optic,Yes,No,Two year,No,Electronic check,74.04,429.1,Yes
CUST-15329,Male,1,No,Yes,20,Yes,No,No,No,One year,Yes,Electronic check,41.35,817.49,No
CUST-15330,Female,0,Yes,No,37,No,No,Yes,No,Month-to-month,Yes,Bank transfer (automatic),18.0,605.13,No
CUST-15331,Male,1,Yes,No,39,Yes,DSL,Yes,No,One year,Yes,Bank transfer (automatic),67.32,2384.43,No
CUST-15332,Male,0,Yes,No,4,Yes,Fiber optic,Yes,No internet service,Month-to-month,Yes,Bank transfer (automatic),84.75,317.54,Yes
CUST-15333,Female,0,No,Yes,21,Yes,DSL,Yes,No,One year,Yes,Bank transfer (automatic),61.16,1269.44,Yes
CUST-15334,Male,0,No,No,29,Yes,Fiber optic,Yes,No,Month-to-month,No,Electronic check,100.86,2872.77,Yes
CUST-15335,Female,1,No,Yes,28,Yes,No,No internet service,No,Month-to-month,Yes,Electronic check,29.27,820.97,Yes
CUST-15336,Male,0,No,No,28,Yes,Fiber optic,No,No,Month-to-month,No,Bank transfer (automatic),78.89,2162.11,No
CUST-15337,Male,0,No,No,41,Yes,Fiber optic,No internet service,No,Month-to-month,No,Mailed check,64.87,2791.15,No
CUST-15338,Male,0,No,Yes,55,Yes,Fiber optic,No,No,One year,Yes,Electronic check,74.78,3789.01,No
CUST-15339,Female,1,No,Yes,13,Yes,DSL,No,Yes,Month-to-month,No,Mailed check,78.99,1044.36,No
CUST-15340,Male,0,No,Yes,7,Yes,DSL,No,Yes,Month-to-month,Yes,Electronic check,58.81,394.71,Yes
CUST-15341,Female,0,No,No,4,Yes,Fiber optic,No,No,Month-to-month,Yes,Bank transfer (automatic),71.06,274.18,No
CUST-15342,Female,0,No,Yes,14,No,DSL,No internet service,No internet service,One year,Yes,Bank transfer (automatic),57.95,742.4,No
CUST-15343,Male,0,No,No,8,No,DSL,No,No internet service,Month-to-month,Yes,Electronic check,81.79,621.81,No
CUST-15344,Female,0,Yes,No,10,Yes,DSL,Yes,No internet service,Month-to-month,No,Electronic check,39.15,367.47,No
CUST-15345,Female,0,No,No,58,Yes,No,No,Yes,Two year,Yes,Mailed check,36.81,2156.2,No
CUST-15346,Female,0,Yes,No,26,Yes,Fiber optic,Yes,No,One year,Yes,Mailed check,80.14,1967.93,No
CUST-15347,Female,0,No,No,51,Yes,Fiber optic,No internet service,No internet service,Two year,Yes,Electronic check,76.74,3531.76,No
CUST-15348,Female,1,No,No,9,Yes,Fiber optic,Yes,No,Month-to-month,Yes,Credit card (automatic),63.93,555.0,No
CUST-15349,Male,1,Yes,Yes,0,Yes,No,No,No,Two year,No,Bank transfer (automatic),32.92,,No
CUST-15350,Female,0,Yes,Yes,0,Yes,Fiber optic,Yes,No,Two year,Yes,Credit card (automatic),81.61,,No
CUST-15351,Male,0,No,Yes,23,Yes,DSL,Yes,No internet service,Month-to-month,No,Credit card (automatic),71.07,1501.18,No
CUST-15352,Male,0,Yes,Yes,44,Yes,Fiber optic,No,No,Month-to-month,Yes,Mailed check,56.86,2604.77,No
CUST-15353,Female,0,No,No,63,Yes,No,No,No,Month-to-month,No,Bank transfer (automatic),19.81,1284.61,No
CUST-15354,Male,0,No,Yes,33,Yes,No,Yes,No internet service,Month-to-month,No,Credit card (automatic),18.0,553.13,No
CUST-15355,Female,0,No,No,70,No,No,No internet service,Yes,One year,Yes,Electronic check,20.89,1377.0,No
CUST-15356,Female,0,Yes,No,10,Yes,Fiber optic,No internet service,Yes,Month-to-month,Yes,Electronic check,82.68,835.75,Yes
CUST-15357,Female,0,No,No,28,Yes,DSL,Yes,Yes,Two year,Yes,Electronic check,67.29,1963.61,No
CUST-15358,Female,0,No,No,15,Yes,No,Yes,No,One year,Yes,Electronic check,43.94,678.74,No
CUST-15359,Female,0,Yes,Yes,26,No,Fiber optic,No internet service,No,One year,Yes,Electronic check,65.77,1609.3,Yes
CUST-15360,Female,0,No,No,10,Yes,Fiber optic,No,No,Month-to-month,Yes,Credit card (automatic),73.1,678.8,Yes
CUST-15361,Female,0,No,No,1,Yes,Fiber optic,Yes,Yes,Month-to-month,No,Credit card (automatic),73.36,66.87,No
CUST-15362,Female,0,No,No,9,Yes,Fiber optic,Yes,No internet service,One year,No,Credit card (automatic),91.32,764.27,No
CUST-15363,Female,0,Yes,No,29,Yes,DSL,No internet service,No,Month-to-month,No,Credit card (automatic),68.3,1902.12,No
CUST-15364,Female,1,Yes,No,5,Yes,Fiber optic,No,Yes,Month-to-month,Yes,Bank transfer (automatic),120.0,543.36,Yes
CUST-15365,Female,0,Yes,No,44,Yes,DSL,No,No,One year,Yes,Electronic check,62.35,2866.0,No
CUST-15366,Female,1,Yes,Yes,16,Yes,DSL,Yes,No,Month-to-month,No,Credit card (automatic),57.69,901.47,No
CUST-15367,Female,0,No,No,41,Yes,DSL,No,Yes,Two year,No,Electronic check,60.95,2578.07,Yes
CUST-15368,Female,0,No,Yes,48,Yes,Fiber optic,Yes,Yes,One year,Yes,Electronic check,92.43,4496.28,No
CUST-15369,Female,0,Yes,No,7,Yes,Fiber optic,Yes,No internet service,One year,Yes,Bank transfer (automatic),97.01,703.51,Yes
CUST-15370,Male,1,Yes,Yes,12,Yes,DSL,No internet service,No,Two year,No,Credit card (automatic),55.91,680.72,No
CUST-15371,Male,0,Yes,No,29,Yes,Fiber optic,Yes,No internet service,One year,No,Bank transfer (automatic),115.19,3249.44,No
CUST-15372,Female,0,Yes,Yes,72,Yes,No,No internet service,No,One year,Yes,Electronic check,18.0,1273.51,No
CUST-15373,Male,0,No,No,33,Yes,DSL,No,No internet service,One year,No,Mailed check,41.89,1421.57,No
CUST-15374,Female,0,Yes,No,54,Yes,DSL,No,Yes,Month-to-month,No,Mailed check,77.75,4374.94,No
CUST-15375,Female,0,Yes,No,20,Yes,DSL,Yes,No internet service,Month-to-month,Yes,Mailed check,62.56,1173.64,No
CUST-15376,Male,0,No,No,4,Yes,Fiber optic,No,No,Month-to-month,Yes,Electronic check,79.06,312.03,Yes
CUST-15377,Male,0,Yes,No,72,Yes,No,Yes,No,Month-to-month,Yes,Bank transfer (automatic),26.16,1892.43,No
CUST-15378,Female,0,Yes,No,24,Yes,DSL,No,Yes,Month-to-month,No,Credit card (automatic),55.87,1245.48,No
CUST-15379,Male,0,Yes,No,72,Yes,No,No,Yes,One year,Yes,Bank transfer (automatic),21.58,1412.14,No
CUST-15380,Male,0,No,No,23,Yes,DSL,Yes,No internet service,Month-to-month,No,Bank transfer (automatic),80.99,1762.09,No
CUST-15381,Male,0,No,No,24,Yes,DSL,No,Yes,Month-to-month,No,Mailed check,51.63,1283.56,Yes
CUST-15382,Female,0,No,No,5,Yes,DSL,Yes,No internet service,Month-to-month,Yes,Mailed check,61.12,312.44,No
CUST-15383,Female,0,No,No,3,Yes,Fiber optic,Yes,No,Month-to-month,No,Bank transfer (automatic),63.76,197.67,No
CUST-15384,Male,0,No,No,24,Yes,No,No,No,One year,No,Mailed check,31.14,767.31,No
CUST-15385,Female,1,No,No,11,Yes,DSL,No,Yes,One year,No,Mailed check,48.01,533.85,No
CUST-15386,Male,0,No,No,17,Yes,Fiber optic,No,No,Month-to-month,Yes,Electronic check,86.98,1548.04,Yes
CUST-15387,Female,0,No,No,65,Yes,DSL,No internet service,Yes,Two year,Yes,Electronic check,31.39,1908.6,No
CUST-15388,Male,0,Yes,Yes,31,Yes,Fiber optic,Yes,No,Month-to-month,No,Electronic check,106.71,3196.23,Yes
CUST-15389,Female,0,Yes,Yes,3,Yes,Fiber optic,No,No internet service,One year,Yes,Mailed check,90.78,264.25,No
CUST-15390,Female,0,No,Yes,72,Yes,Fiber optic,No internet service,No,One year,No,Mailed check,111.32,7625.47,No
CUST-15391,Female,0,Yes,Yes,22,Yes,No,Yes,No,Month-to-month,Yes,Bank transfer (automatic),34.94,775.13,No
CUST-15392,Female,0,No,No,30,Yes,Fiber optic,No,No,Two year,No,Mailed check,49.28,1545.15,No
CUST-15393,Female,0,No,No,7,No,No,No internet service,Yes,Month-to-month,No,Electronic check,30.56,216.53,No
CUST-15394,Male,0,Yes,Yes,2,Yes,Fiber optic,No,No,Month-to-month,Yes,Credit card (automatic),80.11,166.31,Yes
CUST-15395,Female,1,No,No,37,Yes,Fiber optic,No internet service,Yes,One year,No,Mailed check,76.92,2797.4,No
CUST-15396,Male,0,Yes,Yes,12,No,DSL,Yes,Yes,One year,Yes,Mailed check,57.52,673.87,No
CUST-15397,Male,0,Yes,No,27,Yes,Fiber optic,No internet service,No,One year,Yes,Bank transfer (automatic),75.37,2043.62,No
CUST-15398,Male,0,No,Yes,2,Yes,Fiber optic,No internet service,No,Two year,Yes,Credit card (automatic),94.17,178.99,No
CUST-15399,Female,0,No,Yes,38,Yes,DSL,No internet service,No,Month-to-month,No,Electronic check,59.98,2238.78,No
CUST-15400,Female,1,Yes,No,21,Yes,No,Yes,No,Two year,No,Mailed check,18.6,399.87,Yes
CUST-15401,Female,0,Yes,Yes,15,Yes,No,No,No,Month-to-month,Yes,Mailed check,30.63,475.54,No
CUST-15402,Male,0,Yes,No,29,Yes,No,Yes,Yes,Month-to-month,No,Electronic check,23.03,644.6,Yes
CUST-15403,Male,0,Yes,No,0,Yes,Fiber optic,No,No,Two year,Yes,Mailed check,84.43,,No
CUST-15404,Female,0,No,No,20,Yes,Fiber optic,No,No,Month-to-month,Yes,Electronic check,78.82,1583.69,No
CUST-15405,Male,0,Yes,No,2,Yes,Fiber optic,Yes,No,One year,Yes,Electronic check,100.24,197.22,No
CUST-15406,Male,1,Yes,Yes,29,Yes,No,No internet service,No,Month-to-month,Yes,Credit card (automatic),30.62,921.79,No
CUST-15407,Female,0,No,No,4,Yes,Fiber optic,Yes,No,Month-to-month,No,Electronic check,95.83,354.01,No
CUST-15408,Female,0,Yes,No,4,Yes,No,No,Yes,Two year,No,Credit card (automatic),19.39,80.51,No
CUST-15409,Female,1,No,Yes,56,Yes,DSL,No internet service,Yes,One year,Yes,Credit card (automatic),55.37,2992.02,No
CUST-15410,Female,0,No,No,4,Yes,No,No,No,Month-to-month,Yes,Mailed check,23.11,96.31,No
CUST-15411,Male,0,No,No,7,Yes,No,No,No,Month-to-month,Yes,Electronic check,30.87,217.89,No
CUST-15412,Male,0,Yes,No,31,Yes,DSL,Yes,No internet service,Month-to-month,No,Mailed check,77.32,2380.94,Yes
CUST-15413,Male,0,No,No,16,Yes,DSL,No,No internet service,Month-to-month,No,Electronic check,74.41,1118.54,No
CUST-15414,Female,0,Yes,No,9,Yes,Fiber optic,No,Yes,Two year,No,Bank transfer (automatic),81.38,687.03,No
CUST-15415,Female,1,No,No,15,Yes,DSL,No internet service,No internet service,Month-to-month,No,Credit card (automatic),34.79,488.5,No
CUST-15416,Female,0,Yes,Yes,31,Yes,No,Yes,No internet service,Month-to-month,Yes,Bank transfer (automatic),18.0,565.49,No
CUST-15417,Female,0,No,Yes,49,Yes,Fiber optic,No,Yes,Month-to-month,No,Bank transfer (automatic),76.12,3407.5,No
CUST-15418,Female,0,Yes,No,6,Yes,DSL,No internet service,No internet service,Month-to-month,No,Electronic check,35.55,195.49,No
CUST-15419,Female,0,Yes,No,22,Yes,No,Yes,No,One year,No,Bank transfer (automatic),18.0,415.23,No
CUST-15420,Female,0,No,No,14,Yes,Fiber optic,No,Yes,Two year,Yes,Credit card (automatic),88.36,1131.66,No
CUST-15421,Female,0,Yes,No,12,Yes,No,No internet service,No internet service,One year,No,Bank transfer (automatic),21.37,251.42,No
CUST-15422,Female,0,No,No,20,Yes,Fiber optic,No internet service,Yes,Month-to-month,No,Credit card (automatic),95.6,1919.58,No
CUST-15423,Female,0,No,No,69,Yes,Fiber optic,Yes,No internet service,One year,Yes,Bank transfer (automatic),96.15,6926.75,No
CUST-15424,Female,0,Yes,Yes,69,Yes,Fiber optic,No,No,One year,Yes,Bank transfer (automatic),76.48,5098.43,Yes
CUST-15425,Female,0,No,Yes,3,Yes,DSL,No internet service,Yes,Month-to-month,Yes,Bank transfer (automatic),49.39,138.16,No
CUST-15426,Female,0,No,No,0,Yes,Fiber optic,No,No,Month-to-month,Yes,Mailed check,96.23,,Yes
CUST-15427,Male,0,No,Yes,10,Yes,Fiber optic,No,No,One year,No,Electronic check,97.68,922.46,Yes
CUST-15428,Female,0,Yes,No,6,Yes,Fiber optic,No,No internet service,Month-to-month,No,Electronic check,73.97,405.92,Yes
CUST-15429,Male,1,Yes,Yes,2,Yes,Fiber optic,No,No,Month-to-month,No,Mailed check,77.62,144.9,Yes
CUST-15430,Female,0,Yes,Yes,6,Yes,Fiber optic,Yes,Yes,Month-to-month,No,Credit card (automatic),54.96,332.73,Yes
CUST-15431,Female,0,No,No,0,Yes,DSL,Yes,Yes,Two year,No,Bank transfer (automatic),71.29,,No
CUST-15432,Female,0,Yes,No,27,Yes,Fiber optic,No,No,Two year,No,Electronic check,81.54,2223.2,No
CUST-15433,Male,1,No,No,4,Yes,DSL,No,No,Two year,No,Credit card (automatic),47.11,170.97,No
CUST-15434,Female,1,Yes,Yes,2,Yes,Fiber optic,No,Yes,One year,No,Bank transfer (automatic),101.45,199.88,No
CUST-15435,Female,0,Yes,No,14,Yes,No,No internet service,No,One year,No,Credit card (automatic),21.77,305.47,No
CUST-15436,Male,0,Yes,No,18,Yes,Fiber optic,No,No internet service,Month-to-month,No,Electronic check,68.28,1143.38,Yes
CUST-15437,Male,0,Yes,No,5,Yes,Fiber optic,Yes,No internet service,One year,Yes,Electronic check,63.68,318.3,No
CUST-15438,Male,0,No,No,4,Yes,Fiber optic,No,No internet service,Month-to-month,Yes,Credit card (automatic),112.61,460.04,No
CUST-15439,Female,1,Yes,Yes,11,Yes,No,No internet service,Yes,One year,No,Mailed check,18.0,203.92,No
CUST-15440,Male,0,No,No,1,No,Fiber optic,No,No,Two year,No,Bank transfer (automatic),88.55,87.42,No
CUST-15441,Male,1,No,No,35,Yes,DSL,No internet service,No internet service,Month-to-month,Yes,Credit card (automatic),64.0,2225.73,No
CUST-15442,Female,0,Yes,No,8,Yes,Fiber optic,No,Yes,One year,No,Electronic check,83.62,607.08,No
CUST-15443,Female,0,Yes,Yes,62,Yes,No,No,Yes,Two year,No,Mailed check,23.79,1359.41,No
CUST-15444,Female,0,No,No,0,Yes,DSL,No,No,Month-to-month,No,Credit card (automatic),69.5,,Yes
CUST-15445,Male,0,Yes,No,2,Yes,Fiber optic,No internet service,Yes,Month-to-month,Yes,Electronic check,80.86,166.64,Yes
CUST-15446,Male,0,No,No,23,Yes,Fiber optic,No,No internet service,One year,Yes,Electronic check,81.69,1864.93,No
CUST-15447,Female,0,Yes,No,0,Yes,DSL,No,No,Month-to-month,Yes,Credit card (automatic),78.55,,No
CUST-15448,Female,0,Yes,No,65,Yes,DSL,No internet service,No internet service,Month-to-month,No,Electronic check,53.69,3659.3,No
CUST-15449,Male,0,Yes,Yes,8,No,DSL,No,No,Month-to-month,No,Electronic check,56.29,433.76,Yes
CUST-15450,Female,0,No,Yes,12,Yes,DSL,Yes,No,One year,Yes,Mailed check,63.05,714.72,No
CUST-15451,Male,0,No,Yes,1,Yes,DSL,No internet service,No,Month-to-month,No,Electronic check,75.25,71.0,No
CUST-15452,Female,0,No,No,72,Yes,Fiber optic,No,Yes,Month-to-month,Yes,Electronic check,75.27,5415.8,No
CUST-15453,Male,0,Yes,No,19,Yes,DSL,No,Yes,Two year,No,Electronic check,48.91,883.34,No
CUST-15454,Female,0,Yes,No,25,Yes,DSL,Yes,No,Month-to-month,Yes,Electronic check,63.66,1590.16,Yes
CUST-15455,Female,1,No,Yes,4,Yes,Fiber optic,No,Yes,Month-to-month,No,Bank transfer (automatic),87.19,336.94,Yes
CUST-15456,Female,0,No,Yes,28,Yes,Fiber optic,No,No internet service,One year,Yes,Bank transfer (automatic),87.5,2526.84,No
CUST-15457,Female,0,No,No,1,Yes,DSL,No,No,Two year,Yes,Mailed check,51.58,48.42,No
CUST-15458,Male,0,Yes,No,6,Yes,Fiber optic,No internet service,No,Month-to-month,No,Electronic check,64.38,358.63,Yes
CUST-15459,Male,0,No,Yes,12,Yes,Fiber optic,No,No,Month-to-month,Yes,Electronic check,85.47,1064.97,Yes
CUST-15460,Male,0,No,No,57,No,Fiber optic,No,No,Month-to-month,Yes,Electronic check,65.82,3772.47,Yes
CUST-15461,Female,0,No,No,11,Yes,Fiber optic,No,No,Two year,Yes,Electronic check,91.37,953.37,No
CUST-15462,Male,0,No,No,16,Yes,DSL,Yes,No,Month-to-month,Yes,Bank transfer (automatic),58.98,861.13,No
CUST-15463,Female,0,No,No,2,Yes,No,No,No,Month-to-month,No,Bank transfer (automatic),26.31,53.07,Yes
CUST-15464,Female,0,Yes,Yes,52,Yes,Fiber optic,No,Yes,Two year,No,Credit card (automatic),84.71,4275.12,No
CUST-15465,Male,0,No,No,51,Yes,Fiber optic,Yes,No internet service,Two year,Yes,Electronic check,88.38,4215.46,Yes
CUST-15466,Male,0,No,No,24,Yes,Fiber optic,No internet service,No,Month-to-month,Yes,Credit card (automatic),75.81,1639.89,Yes
CUST-15467,Male,0,No,No,1,Yes,Fiber optic,Yes,No,Month-to-month,No,Bank transfer (automatic),65.93,60.76,Yes
CUST-15468,Female,0,Yes,No,17,Yes,Fiber optic,Yes,Yes,One year,Yes,Electronic check,89.13,1542.07,Yes
CUST-15469,Female,1,No,No,31,Yes,Fiber optic,Yes,No,Month-to-month,Yes,Electronic check,52.34,1492.92,No
CUST-15470,Male,0,No,No,31,Yes,No,No internet service,No internet service,Month-to-month,No,Mailed check,22.62,677.74,No
CUST-15471,Male,0,Yes,No,17,Yes,No,No,No,Month-to-month,Yes,Electronic check,25.14,410.73,No
CUST-15472,Male,0,No,No,15,Yes,Fiber optic,No,No internet service,Month-to-month,No,Bank transfer (automatic),88.41,1255.67,Yes
CUST-15473,Female,0,Yes,Yes,1,Yes,Fiber optic,No,Yes,Two year,No,Electronic check,86.27,83.98,Yes
CUST-15474,Male,0,No,Yes,26,Yes,Fiber optic,Yes,Yes,One year,Yes,Electronic check,76.99,1969.21,Yes
CUST-15475,Female,0,No,No,8,Yes,Fiber optic,No,No,Month-to-month,Yes,Credit card (automatic),86.69,640.01,Yes
CUST-15476,Female,0,Yes,No,50,Yes,Fiber optic,No internet service,No internet service,Two year,Yes,Electronic check,99.85,4937.5,No
CUST-15477,Male,0,No,No,6,Yes,Fiber optic,Yes,No,One year,Yes,Mailed check,83.27,480.33,No
CUST-15478,Female,0,Yes,No,14,Yes,Fiber optic,No,No,Month-to-month,Yes,Credit card (automatic),92.56,1306.19,Yes
CUST-15479,Female,0,No,Yes,21,Yes,Fiber optic,No,No internet service,Month-to-month,Yes,Credit card (automatic),111.7,2252.02,No
CUST-15480,Female,0,Yes,No,13,Yes,Fiber optic,No,No,Month-to-month,Yes,Electronic check,105.87,1308.52,Yes
CUST-15481,Male,0,No,Yes,13,Yes,DSL,No,Yes,Month-to-month,Yes,Bank transfer (automatic),73.4,952.21,No
CUST-15482,Male,0,No,No,28,Yes,DSL,No,No internet service,Month-to-month,No,Mailed check,71.35,1892.43,No
CUST-15483,Male,0,Yes,No,3,Yes,Fiber optic,Yes,No,Month-to-month,Yes,Credit card (automatic),73.51,228.04,Yes
CUST-15484,Female,0,Yes,Yes,31,Yes,Fiber optic,No internet service,No internet service,Month-to-month,No,Mailed check,74.17,2096.71,No
CUST-15485,Female,0,No,No,1,Yes,Fiber optic,Yes,No internet service,One year,Yes,Bank transfer (automatic),76.62,71.5,Yes
CUST-15486,Male,1,Yes,No,15,Yes,DSL,No,No,Month-to-month,No,Credit card (automatic),66.92,961.63,Yes
CUST-15487,Male,0,Yes,Yes,50,Yes,No,No internet service,No,Month-to-month,Yes,Bank transfer (automatic),19.75,900.64,Yes
CUST-15488,Female,0,No,No,9,Yes,Fiber optic,No,No internet service,One year,No,Mailed check,51.53,448.0,No
CUST-15489,Female,0,Yes,No,8,Yes,Fiber optic,No,No internet service,One year,Yes,Bank transfer (automatic),73.24,541.1,No
CUST-15490,Male,0,Yes,No,16,Yes,Fiber optic,No,Yes,One year,Yes,Bank transfer (automatic),94.32,1543.25,Yes
CUST-15491,Female,0,No,No,16,Yes,Fiber optic,No internet service,No,Month-to-month,No,Electronic check,99.55,1488.43,No
CUST-15492,Male,0,Yes,No,22,Yes,Fiber optic,No internet service,No,Month-to-month,No,Bank transfer (automatic),53.0,1148.9,Yes
CUST-15493,Female,0,Yes,No,14,Yes,No,No,Yes,One year,Yes,Electronic check,18.0,227.8,No
CUST-15494,Male,0,No,No,72,Yes,DSL,No,Yes,One year,Yes,Bank transfer (automatic),73.79,5289.4,No
CUST-15495,Female,0,Yes,No,47,No,Fiber optic,No,No,Month-to-month,No,Electronic check,89.48,4040.15,No
CUST-15496,Male,0,Yes,Yes,0,Yes,Fiber optic,Yes,Yes,Month-to-month,Yes,Electronic check,82.54,,No
CUST-15497,Male,0,No,Yes,39,No,Fiber optic,No,Yes,Month-to-month,Yes,Mailed check,68.71,2500.25,No
CUST-15498,Male,1,No,No,30,Yes,Fiber optic,No internet service,Yes,Month-to-month,Yes,Bank transfer (automatic),94.69,2972.07,No
CUST-15499,Male,0,Yes,No,33,Yes,Fiber optic,No,No internet service,One year,Yes,Mailed check,96.58,3296.2,No
CUST-15500,Female,0,Yes,No,11,Yes,DSL,Yes,No internet service,One year,Yes,Electronic check,72.15,721.41,No
CUST-15501,Female,0,Yes,Yes,13,Yes,DSL,No,Yes,Month-to-month,No,Credit card (automatic),71.56,888.13,No
CUST-15502,Male,0,No,No,19,Yes,No,Yes,No,Two year,Yes,Mailed check,23.66,468.14,No
CUST-15503,Male,0,No,Yes,63,Yes,Fiber optic,No,No internet service,Month-to-month,Yes,Mailed check,88.96,5097.67,No
CUST-15504,Male,0,Yes,No,27,Yes,DSL,No,No internet service,Month-to-month,Yes,Credit card (automatic),59.42,1658.36,No
CUST-15505,Female,0,Yes,Yes,9,Yes,Fiber optic,No,No internet service,Two year,Yes,Mailed check,76.28,646.09,No
CUST-15506,Female,1,Yes,No,5,Yes,DSL,No,No internet service,Month-to-month,Yes,Mailed check,66.22,345.64,No
CUST-15507,Female,0,No,No,10,Yes,DSL,No,No,Month-to-month,Yes,Mailed check,54.02,536.8,Yes
CUST-15508,Male,0,Yes,No,18,Yes,Fiber optic,No,Yes,Month-to-month,Yes,Bank transfer (automatic),87.23,1566.58,No
CUST-15509,Female,0,Yes,No,37,Yes,DSL,No,No internet service,Month-to-month,No,Credit card (automatic),66.98,2477.24,No
CUST-15510,Female,0,No,No,33,Yes,DSL,No,Yes,One year,Yes,Credit card (automatic),53.12,1619.75,No
CUST-15511,Female,0,No,No,25,Yes,Fiber optic,Yes,Yes,Two year,No,Credit card (automatic),101.83,2342.87,No
CUST-15512,Female,0,Yes,No,22,Yes,No,No,Yes,One year,Yes,Electronic check,35.46,807.27,No
CUST-15513,Male,0,No,No,32,No,DSL,Yes,Yes,Month-to-month,No,Credit card (automatic),55.94,1767.28,No
CUST-15514,Female,0,Yes,No,19,Yes,Fiber optic,No,No,Two year,No,Bank transfer (automatic),84.03,1627.97,Yes
CUST-15515,Female,0,Yes,No,3,Yes,No,Yes,Yes,Month-to-month,Yes,Mailed check,27.86,76.05,No
CUST-15516,Female,0,No,No,52,Yes,No,No internet service,No internet service,Month-to-month,No,Bank transfer (automatic),32.97,1797.18,No
CUST-15517,Male,0,No,No,36,Yes,Fiber optic,No internet service,Yes,Month-to-month,No,Mailed check,103.96,3383.91,Yes
CUST-15518,Male,0,No,No,38,Yes,No,Yes,Yes,Month-to-month,Yes,Bank transfer (automatic),18.0,671.29,No
CUST-15519,Male,0,Yes,Yes,44,Yes,DSL,No,No internet service,Month-to-month,No,Mailed check,77.32,3302.81,No
CUST-15520,Male,0,No,No,0,Yes,No,Yes,No,Two year,Yes,Credit card (automatic),28.66,,No
CUST-15521,Female,0,Yes,Yes,10,Yes,Fiber optic,Yes,Yes,One year,No,Electronic check,69.0,713.72,No
CUST-15522,Male,0,No,No,1,Yes,Fiber optic,Yes,Yes,Month-to-month,No,Credit card (automatic),46.73,44.14,No
CUST-15523,Female,0,Yes,No,4,Yes,DSL,No,Yes,Month-to-month,Yes,Mailed check,61.5,230.82,No
CUST-15524,Female,0,No,Yes,16,Yes,DSL,Yes,Yes,One year,Yes,Credit card (automatic),56.59,877.6,No
CUST-15525,Male,0,No,No,31,Yes,DSL,No internet service,Yes,One year,No,Mailed check,50.67,1467.05,No
CUST-15526,Female,0,Yes,No,17,No,Fiber optic,No,No,Month-to-month,No,Mailed check,65.59,1073.14,Yes
CUST-15527,Male,0,No,Yes,72,Yes,Fiber optic,No internet service,No internet service,Month-to-month,Yes,Mailed check,83.52,5418.74,No
CUST-15528,Male,0,Yes,No,59,Yes,DSL,No,Yes,Month-to-month,No,Credit card (automatic),53.11,3097.3,No
CUST-15529,Male,0,Yes,No,60,Yes,No,No,No,Month-to-month,Yes,Credit card (automatic),33.28,1934.7,No
CUST-15530,Female,0,Yes,No,72,Yes,Fiber optic,No,No internet service,Two year,No,Credit card (automatic),100.15,7247.69,No
CUST-15531,Female,0,Yes,No,1,Yes,No,Yes,Yes,Month-to-month,Yes,Mailed check,27.63,26.3,No
CUST-15532,Female,1,Yes,Yes,72,Yes,Fiber optic,No internet service,No,Month-to-month,No,Credit card (automatic),111.28,7563.55,Yes
CUST-15533,Female,0,Yes,No,3,Yes,No,No internet service,No,Two year,Yes,Bank transfer (automatic),19.94,54.66,No
CUST-15534,Male,0,Yes,No,22,Yes,DSL,No,No internet service,Two year,No,Credit card (automatic),68.94,1513.83,Yes
CUST-15535,Male,0,Yes,No,9,Yes,Fiber optic,No,No,One year,No,Bank transfer (automatic),96.93,807.43,No
CUST-15536,Male,0,Yes,No,18,Yes,DSL,No internet service,No,Month-to-month,Yes,Electronic check,56.79,1039.35,Yes
CUST-15537,Male,0,No,No,61,Yes,No,No,No,Month-to-month,Yes,Electronic check,27.69,1612.03,Yes
CUST-15538,Male,0,No,No,1,Yes,Fiber optic,No internet service,Yes,Month-to-month,Yes,Credit card (automatic),93.35,84.3,Yes
CUST-15539,Male,0,No,No,22,Yes,Fiber optic,No,Yes,One year,No,Mailed check,99.62,2038.87,Yes
CUST-15540,Male,1,Yes,No,7,Yes,Fiber optic,No,Yes,Two year,Yes,Bank transfer (automatic),93.93,629.62,No
CUST-15541,Male,0,Yes,No,22,Yes,DSL,No,Yes,One year,Yes,Mailed check,50.92,1087.16,No
CUST-15542,Male,0,Yes,No,4,Yes,Fiber optic,Yes,No internet service,Month-to-month,No,Electronic check,99.74,374.09,No
CUST-15543,Male,0,No,No,4,Yes,Fiber optic,Yes,No,One year,No,Electronic check,64.19,246.09,No
CUST-15544,Female,0,No,Yes,19,Yes,Fiber optic,Yes,No internet service,One year,Yes,Credit card (automatic),67.89,1208.91,No
CUST-15545,Male,0,No,No,2,Yes,No,No,No,Two year,No,Electronic check,18.0,35.88,Yes
CUST-15546,Female,0,No,Yes,58,Yes,DSL,No,No internet service,Two year,Yes,Electronic check,68.45,3759.42,No
CUST-15547,Male,0,Yes,No,55,Yes,DSL,No,No,Two year,No,Mailed check,44.0,2387.71,No
CUST-15548,Male,0,Yes,Yes,14,Yes,DSL,Yes,Yes,Month-to-month,Yes,Credit card (automatic),51.82,755.12,No
CUST-15549,Female,0,Yes,No,5,Yes,DSL,Yes,No,Month-to-month,Yes,Electronic check,61.33,282.77,Yes
CUST-15550,Male,0,Yes,No,11,No,No,No,No,Two year,Yes,Credit card (automatic),23.87,261.98,No
CUST-15551,Female,0,No,No,48,Yes,No,No internet service,No internet service,Two year,No,Electronic check,21.36,1002.64,No
CUST-15552,Female,0,Yes,No,3,No,DSL,No internet service,No,Two year,Yes,Mailed check,68.21,204.51,No
CUST-15553,Female,0,No,Yes,0,Yes,DSL,No,No,Month-to-month,No,Credit card (automatic),40.5,,Yes
CUST-15554,Female,0,Yes,Yes,3,Yes,Fiber optic,No,Yes,Month-to-month,Yes,Electronic check,73.62,205.94,Yes
CUST-15555,Male,0,Yes,Yes,11,Yes,Fiber optic,No internet service,No internet service,Month-to-month,Yes,Credit card (automatic),96.46,1073.68,Yes
CUST-15556,Female,1,No,No,15,Yes,Fiber optic,No,No internet service,Month-to-month,Yes,Mailed check,68.83,954.19,Yes
CUST-15557,Female,0,Yes,Yes,17,Yes,DSL,No,No,Month-to-month,Yes,Mailed check,55.3,914.47,No
CUST-15558,Male,0,No,No,29,Yes,DSL,No internet service,No,Two year,Yes,Electronic check,64.67,1819.55,No
CUST-15559,Male,0,No,No,27,Yes,DSL,No,No internet service,Month-to-month,Yes,Electronic check,49.84,1328.99,Yes
CUST-15560,Female,1,Yes,No,13,Yes,DSL,No,No,Month-to-month,No,Bank transfer (automatic),73.56,944.77,Yes
CUST-15561,Female,0,Yes,Yes,13,Yes,No,No,No,Month-to-month,No,Bank transfer (automatic),20.0,261.48,Yes
CUST-15562,Female,0,No,No,72,Yes,DSL,No,No internet service,Month-to-month,No,Electronic check,65.95,4760.48,Yes
CUST-15563,Male,0,Yes,No,45,Yes,Fiber optic,Yes,No,Two year,No,Electronic check,73.98,3209.15,No
CUST-15564,Male,0,Yes,No,8,Yes,Fiber optic,No internet service,No,One year,Yes,Electronic check,95.52,727.91,Yes
CUST-15565,Male,0,No,No,8,Yes,No,No,No,Month-to-month,Yes,Electronic check,30.57,230.51,No
CUST-15566,Male,1,No,No,72,Yes,No,No,No,One year,Yes,Electronic check,32.7,2347.37,No
CUST-15567,Male,0,No,No,12,Yes,DSL,No internet service,No,Month-to-month,Yes,Mailed check,38.66,420.94,Yes
CUST-15568,Male,0,No,Yes,48,Yes,No,No internet service,No,Month-to-month,No,Credit card (automatic),26.25,1223.9,No
CUST-15569,Female,0,No,No,5,Yes,DSL,No,No internet service,Month-to-month,Yes,Electronic check,86.49,447.09,Yes
CUST-15570,Female,1,No,No,22,No,Fiber optic,No internet service,No,Two year,Yes,Mailed check,97.84,1962.43,Yes
CUST-15571,Male,0,No,No,14,Yes,DSL,No,No internet service,Two year,Yes,Mailed check,49.23,697.15,No
CUST-15572,Female,0,No,No,4,Yes,DSL,No,No internet service,Two year,No,Electronic check,67.75,249.54,No
CUST-15573,Female,1,Yes,Yes,42,Yes,No,No,No internet service,Month-to-month,Yes,Credit card (automatic),24.06,960.21,No
CUST-15574,Female,0,Yes,No,5,Yes,Fiber optic,Yes,No,One year,No,Credit card (automatic),79.6,358.36,Yes
CUST-15575,Female,0,Yes,Yes,67,Yes,Fiber optic,Yes,No internet service,Two year,Yes,Electronic check,84.05,5314.21,No
CUST-15576,Female,0,Yes,No,61,Yes,DSL,No internet service,No,Month-to-month,No,Electronic check,61.66,3405.48,No
CUST-15577,Male,0,No,No,5,Yes,DSL,No,No,Month-to-month,Yes,Bank transfer (automatic),49.43,225.39,No
CUST-15578,Female,0,No,No,0,Yes,No,Yes,No,Month-to-month,Yes,Bank transfer (automatic),24.91,,No
CUST-15579,Female,0,Yes,No,2,Yes,DSL,No,No,One year,Yes,Electronic check,50.41,97.6,No
CUST-15580,Female,0,No,No,27,Yes,Fiber optic,No,No internet service,Two year,Yes,Mailed check,105.72,2767.8,Yes
CUST-15581,Female,1,Yes,No,6,Yes,DSL,No,No internet service,Month-to-month,No,Bank transfer (automatic),49.17,268.01,No
CUST-15582,Female,1,No,Yes,55,Yes,No,No,Yes,One year,Yes,Mailed check,25.14,1386.97,No
CUST-15583,Male,0,No,No,4,Yes,DSL,Yes,No internet service,Month-to-month,Yes,Electronic check,52.53,191.68,No
CUST-15584,Female,0,Yes,No,11,Yes,Fiber optic,No internet service,No,Month-to-month,No,Credit card (automatic),64.06,653.72,Yes
CUST-15585,Male,0,Yes,Yes,72,Yes,No,No internet service,No internet service,Two year,No,Electronic check,32.41,2326.36,No
CUST-15586,Female,0,Yes,No,19,Yes,Fiber optic,Yes,No,Month-to-month,Yes,Electronic check,91.72,1652.08,No
CUST-15587,Male,0,Yes,No,5,Yes,Fiber optic,Yes,No internet service,Month-to-month,Yes,Mailed check,87.77,407.2,Yes
CUST-15588,Male,1,No,No,54,Yes,DSL,No,Yes,Month-to-month,No,Electronic check,64.72,3223.91,No
CUST-15589,Male,0,Yes,No,23,Yes,DSL,No,Yes,One year,Yes,Mailed check,38.88,931.55,No
CUST-15590,Male,0,No,No,11,Yes,No,No,No,Two year,Yes,Credit card (automatic),19.88,227.03,No
CUST-15591,Male,0,No,Yes,72,Yes,No,No internet service,No,Month-to-month,Yes,Mailed check,37.65,2489.25,No
CUST-15592,Male,1,Yes,No,20,Yes,Fiber optic,No,Yes,Month-to-month,No,Bank transfer (automatic),96.14,1886.72,Yes
CUST-15593,Female,0,No,No,52,Yes,Fiber optic,No,No,Month-to-month,Yes,Electronic check,112.99,6119.2,No
CUST-15594,Male,0,Yes,No,1,Yes,Fiber optic,No,No,Month-to-month,No,Bank transfer (automatic),71.74,66.7,Yes
CUST-15595,Male,0,Yes,Yes,5,No,Fiber optic,No internet service,No,Month-to-month,No,Credit card (automatic),106.42,535.89,No
CUST-15596,Male,0,Yes,No,17,Yes,No,No,No internet service,Two year,Yes,Electronic check,47.05,804.0,No
CUST-15597,Female,0,No,No,56,Yes,Fiber optic,Yes,Yes,Month-to-month,Yes,Mailed check,82.04,4205.34,No
CUST-15598,Male,0,No,No,4,Yes,Fiber optic,No,No,Month-to-month,Yes,Bank transfer (automatic),72.93,268.52,Yes
CUST-15599,Male,0,Yes,No,2,Yes,Fiber optic,No,No,One year,No,Mailed check,75.53,151.19,Yes
CUST-15600,Male,0,Yes,Yes,40,Yes,No,No,No,Month-to-month,Yes,Bank transfer (automatic),28.0,1146.6,No
CUST-15601,Female,0,Yes,No,24,Yes,Fiber optic,No internet service,No,One year,Yes,Electronic check,74.2,1740.3,No
CUST-15602,Female,0,Yes,No,40,Yes,Fiber optic,No,No,One year,No,Bank transfer (automatic),109.24,4215.57,Yes
CUST-15603,Female,0,Yes,Yes,72,No,Fiber optic,No,No internet service,Month-to-month,No,Bank transfer (automatic),87.81,6268.14,Yes
CUST-15604,Male,0,No,No,56,Yes,No,No,No internet service,One year,Yes,Electronic check,39.13,2154.96,No
CUST-15605,Male,0,No,No,19,Yes,Fiber optic,No,Yes,Two year,No,Electronic check,83.13,1606.33,No
CUST-15606,Female,0,No,Yes,11,Yes,Fiber optic,No internet service,No,Month-to-month,Yes,Electronic check,104.31,1180.32,Yes
CUST-15607,Male,1,No,No,9,No,Fiber optic,No,No,Month-to-month,No,Mailed check,82.29,774.42,Yes
CUST-15608,Male,0,No,No,72,Yes,Fiber optic,No,No,Month-to-month,No,Electronic check,89.4,6310.92,No
CUST-15609,Male,0,No,Yes,3,Yes,Fiber optic,Yes,Yes,Month-to-month,Yes,Mailed check,72.7,218.34,Yes
CUST-15610,Male,0,No,No,9,Yes,DSL,Yes,No internet service,Month-to-month,Yes,Mailed check,63.1,548.29,No
CUST-15611,Male,1,No,Yes,21,Yes,No,No internet service,No,Month-to-month,Yes,Credit card (automatic),18.0,348.45,No
CUST-15612,Male,0,No,No,15,Yes,No,No,Yes,Two year,No,Credit card (automatic),27.52,374.45,No
CUST-15613,Female,0,Yes,No,14,Yes,Fiber optic,Yes,No internet service,Month-to-month,No,Electronic check,67.0,897.18,Yes
CUST-15614,Female,0,Yes,No,21,Yes,DSL,No,No,Two year,No,Credit card (automatic),51.64,1099.74,No
CUST-15615,Female,1,Yes,No,68,Yes,DSL,Yes,No,Month-to-month,Yes,Bank transfer (automatic),52.49,3230.86,No
CUST-15616,Male,0,Yes,No,2,Yes,DSL,Yes,No,Month-to-month,Yes,Credit card (automatic),62.07,121.92,No
CUST-15617,Male,1,Yes,No,52,Yes,No,No,Yes,Month-to-month,Yes,Mailed check,18.0,951.66,No
CUST-15618,Female,0,Yes,Yes,4,Yes,Fiber optic,No internet service,No,Month-to-month,No,Credit card (automatic),60.19,245.41,Yes
CUST-15619,Female,0,Yes,Yes,21,Yes,DSL,No,No,Two year,No,Mailed check,45.45,913.11,No
CUST-15620,Male,0,Yes,Yes,5,Yes,Fiber optic,Yes,No internet service,One year,Yes,Credit card (automatic),59.35,280.58,No
CUST-15621,Female,0,Yes,No,14,Yes,Fiber optic,No internet service,No,Month-to-month,No,Mailed check,80.08,1014.07,Yes
CUST-15622,Female,0,No,No,47,Yes,DSL,Yes,No,Month-to-month,Yes,Bank transfer (automatic),48.18,2122.96,No
CUST-15623,Male,1,No,Yes,38,Yes,DSL,No internet service,Yes,Month-to-month,No,Bank transfer (automatic),54.22,2032.39,No
CUST-15624,Male,0,No,No,2,Yes,DSL,No,No,Month-to-month,No,Electronic check,48.96,95.7,Yes
CUST-15625,Female,0,No,No,54,Yes,Fiber optic,Yes,No,Month-to-month,No,Electronic check,89.43,4429.9,No
CUST-15626,Female,0,No,No,14,Yes,Fiber optic,No,No internet service,One year,Yes,Bank transfer (automatic),94.54,1275.51,No
CUST-15627,Male,0,Yes,Yes,4,Yes,Fiber optic,No internet service,No internet service,Month-to-month,No,Credit card (automatic),83.26,327.9,No
CUST-15628,Male,0,No,No,15,Yes,Fiber optic,No,No,Month-to-month,Yes,Electronic check,91.48,1414.53,Yes
CUST-15629,Male,0,Yes,No,11,Yes,DSL,No,No,Two year,No,Mailed check,62.07,639.18,No
CUST-15630,Male,1,No,Yes,17,Yes,DSL,No internet service,Yes,Two year,No,Credit card (automatic),84.99,1485.82,No
CUST-15631,Male,0,Yes,No,21,Yes,DSL,No internet service,Yes,Two year,Yes,Electronic check,72.57,1410.94,No
CUST-15632,Female,0,No,No,13,Yes,No,No internet service,No,Month-to-month,Yes,Electronic check,20.66,273.28,Yes
CUST-15633,Female,0,Yes,Yes,12,Yes,No,No,Yes,Month-to-month,No,Electronic check,20.09,249.58,No
CUST-15634,Male,1,No,No,8,Yes,Fiber optic,No,No internet service,Two year,Yes,Electronic check,68.17,544.03,No
CUST-15635,Female,0,Yes,No,12,Yes,Fiber optic,No,No internet service,Month-to-month,Yes,Electronic check,57.26,658.31,No
CUST-15636,Female,0,No,Yes,70,Yes,No,No,No,Two year,Yes,Electronic check,30.49,2021.39,No
CUST-15637,Male,0,Yes,Yes,8,No,Fiber optic,No,No internet service,One year,No,Mailed check,79.4,646.86,No
CUST-15638,Female,0,No,No,38,Yes,Fiber optic,No,Yes,Month-to-month,No,Bank transfer (automatic),72.36,2481.58,Yes
CUST-15639,Male,0,Yes,No,45,Yes,Fiber optic,No,No,One year,Yes,Mailed check,75.54,3073.12,No
CUST-15640,Male,1,Yes,Yes,10,Yes,Fiber optic,No,No,Two year,Yes,Electronic check,62.75,642.48,Yes
CUST-15641,Male,1,Yes,No,38,Yes,DSL,No internet service,No,One year,No,Credit card (automatic),45.52,1809.73,No
CUST-15642,Male,1,Yes,Yes,0,Yes,DSL,No,Yes,Month-to-month,Yes,Bank transfer (automatic),46.84,,No
CUST-15643,Male,1,No,No,0,Yes,DSL,No,Yes,Month-to-month,No,Credit card (automatic),56.73,,No
CUST-15644,Male,0,Yes,No,25,Yes,DSL,Yes,No internet service,Month-to-month,Yes,Mailed check,43.87,1112.13,No
CUST-15645,Female,0,No,No,23,No,Fiber optic,No,No,Month-to-month,No,Electronic check,89.6,1988.05,No
CUST-15646,Male,0,No,No,26,Yes,No,No,No,Month-to-month,Yes,Electronic check,36.72,862.7,No
CUST-15647,Male,1,No,Yes,17,Yes,Fiber optic,No,No,Two year,Yes,Electronic check,101.35,1581.24,No
CUST-15648,Female,0,No,No,13,Yes,Fiber optic,No internet service,Yes,Month-to-month,Yes,Bank transfer (automatic),97.03,1263.61,No
CUST-15649,Female,0,No,No,1,Yes,Fiber optic,Yes,No,Month-to-month,Yes,Bank transfer (automatic),106.47,101.02,Yes
CUST-15650,Female,1,No,No,25,Yes,DSL,Yes,No,Month-to-month,Yes,Mailed check,36.12,862.62,No
CUST-15651,Male,0,Yes,No,8,No,Fiber optic,No,Yes,Two year,Yes,Bank transfer (automatic),118.99,932.38,No
CUST-15652,Female,0,No,No,9,Yes,Fiber optic,No,Yes,One year,No,Mailed check,81.34,734.1,No
CUST-15653,Male,0,No,No,23,Yes,DSL,No,No internet service,Two year,No,Bank transfer (automatic),54.58,1171.19,No
CUST-15654,Female,0,Yes,Yes,3,Yes,Fiber optic,No,No,Two year,No,Electronic check,97.17,282.36,No
CUST-15655,Female,0,Yes,Yes,3,Yes,Fiber optic,Yes,No,Two year,Yes,Electronic check,64.44,178.37,No
CUST-15656,Male,0,Yes,No,9,Yes,No,No,No,One year,Yes,Electronic check,31.51,269.91,No
CUST-15657,Male,0,No,No,72,No,No,No,No internet service,Two year,Yes,Mailed check,32.57,2456.28,No
CUST-15658,Male,1,No,Yes,1,Yes,No,No,No,One year,Yes,Mailed check,32.6,31.02,No
CUST-15659,Female,0,Yes,No,8,Yes,Fiber optic,No,Yes,Month-to-month,Yes,Electronic check,89.43,717.03,No
CUST-15660,Male,0,Yes,No,10,Yes,DSL,Yes,Yes,Two year,Yes,Bank transfer (automatic),48.32,479.58,No
CUST-15661,Male,0,No,No,26,Yes,Fiber optic,No,No,Two year,No,Electronic check,74.1,2001.38,No
CUST-15662,Male,0,No,No,3,Yes,DSL,No internet service,Yes,Month-to-month,Yes,Bank transfer (automatic),70.49,207.85,No
CUST-15663,Female,1,No,No,6,Yes,DSL,No,No,Month-to-month,No,Electronic check,51.32,283.76,No
CUST-15664,Male,0,Yes,No,4,Yes,DSL,No,No,Month-to-month,Yes,Electronic check,43.54,165.74,Yes
CUST-15665,Male,0,Yes,Yes,1,Yes,DSL,Yes,No,Month-to-month,Yes,Mailed check,46.12,44.5,No
CUST-15666,Male,1,Yes,No,62,Yes,No,No,No,Two year,No,Credit card (automatic),22.04,1407.32,No
CUST-15667,Male,0,Yes,Yes,5,Yes,Fiber optic,Yes,No internet service,Two year,Yes,Bank transfer (automatic),98.23,476.94,No
CUST-15668,Female,1,Yes,No,6,Yes,DSL,No,No,Month-to-month,Yes,Bank transfer (automatic),42.47,230.12,Yes
CUST-15669,Male,0,Yes,No,0,Yes,Fiber optic,No,No,One year,Yes,Bank transfer (automatic),81.69,,No
CUST-15670,Male,0,Yes,No,13,Yes,No,Yes,No,Month-to-month,Yes,Electronic check,30.53,391.17,No
CUST-15671,Female,0,Yes,No,37,Yes,No,No internet service,Yes,Month-to-month,Yes,Credit card (automatic),26.0,938.13,No
CUST-15672,Female,0,Yes,No,1,Yes,DSL,No,No,Two year,Yes,Mailed check,77.58,73.94,Yes
CUST-15673,Male,0,Yes,No,15,Yes,Fiber optic,No,Yes,Two year,Yes,Mailed check,102.04,1476.33,No
CUST-15674,Male,0,Yes,No,37,Yes,No,No internet service,Yes,Month-to-month,Yes,Electronic check,24.72,856.49,Yes
CUST-15675,Male,0,Yes,Yes,58,Yes,Fiber optic,No,No,Month-to-month,Yes,Credit card (automatic),72.22,3817.81,Yes
CUST-15676,Female,0,Yes,No,16,No,No,No,Yes,Two year,No,Credit card (automatic),31.55,454.54,No
CUST-15677,Male,1,Yes,No,14,Yes,Fiber optic,No internet service,Yes,Month-to-month,No,Mailed check,100.41,1424.35,No
CUST-15678,Male,0,Yes,Yes,11,No,Fiber optic,No internet service,No internet service,Two year,No,Credit card (automatic),81.19,832.08,No
CUST-15679,Female,0,No,No,61,Yes,Fiber optic,Yes,No,Two year,Yes,Electronic check,105.31,5936.86,No
CUST-15680,Female,0,No,No,27,Yes,Fiber optic,No,No,One year,Yes,Electronic check,71.76,1889.04,No
CUST-15681,Female,0,Yes,Yes,16,Yes,Fiber optic,No,Yes,Month-to-month,Yes,Electronic check,120.0,1791.13,Yes
CUST-15682,Female,0,Yes,Yes,31,Yes,No,Yes,No,Two year,Yes,Mailed check,22.92,650.26,No
CUST-15683,Male,0,No,Yes,4,Yes,DSL,Yes,No internet service,One year,Yes,Bank transfer (automatic),62.25,247.98,No
CUST-15684,Male,0,Yes,No,72,Yes,Fiber optic,Yes,No,Month-to-month,Yes,Electronic check,80.5,5442.31,Yes
CUST-15685,Male,0,Yes,Yes,22,Yes,DSL,Yes,No,Month-to-month,Yes,Electronic check,60.27,1325.7,Yes
CUST-15686,Male,0,Yes,No,22,Yes,Fiber optic,No,No,Two year,Yes,Bank transfer (automatic),79.19,1771.62,No
CUST-15687,Female,0,No,No,11,No,DSL,No internet service,No,Month-to-month,Yes,Credit card (automatic),29.68,338.93,No
CUST-15688,Male,0,Yes,No,4,Yes,No,No,No,One year,No,Mailed check,19.07,78.06,No
CUST-15689,Male,0,No,No,9,Yes,DSL,No,Yes,One year,Yes,Mailed check,63.87,595.69,No
CUST-15690,Female,0,No,Yes,14,Yes,DSL,No internet service,Yes,One year,No,Credit card (automatic),49.68,725.72,No
CUST-15691,Female,0,No,No,18,Yes,DSL,No,Yes,Two year,Yes,Credit card (automatic),91.61,1695.24,No
CUST-15692,Male,0,No,Yes,15,Yes,No,No,No,Two year,No,Mailed check,29.59,435.01,Yes
CUST-15693,Female,0,No,Yes,25,Yes,Fiber optic,No,No internet service,Two year,Yes,Electronic check,55.23,1403.34,No
CUST-15694,Male,1,Yes,No,72,Yes,No,Yes,No,One year,Yes,Bank transfer (automatic),18.0,1352.31,No
CUST-15695,Male,0,Yes,No,7,Yes,No,Yes,Yes,Two year,Yes,Credit card (automatic),26.03,182.64,No
CUST-15696,Female,0,No,No,47,Yes,DSL,Yes,No,Two year,Yes,Electronic check,56.49,2534.87,No
CUST-15697,Male,0,Yes,No,9,Yes,No,Yes,No internet service,Month-to-month,No,Credit card (automatic),22.2,208.78,No
CUST-15698,Female,1,No,No,14,Yes,DSL,No internet service,No,Two year,No,Electronic check,47.15,627.12,Yes
CUST-15699,Male,0,Yes,No,66,Yes,Fiber optic,No internet service,No,Month-to-month,Yes,Electronic check,80.21,5254.69,No
CUST-15700,Female,0,Yes,No,22,Yes,Fiber optic,No internet service,Yes,Two year,Yes,Credit card (automatic),77.28,1665.62,Yes
CUST-15701,Female,0,No,No,32,Yes,Fiber optic,No,Yes,Two year,Yes,Credit card (automatic),92.6,2813.12,No
CUST-15702,Male,0,Yes,No,12,Yes,Fiber optic,No,No,Month-to-month,Yes,Bank transfer (automatic),62.12,719.16,Yes
CUST-15703,Female,0,Yes,No,4,Yes,Fiber optic,Yes,Yes,Month-to-month,Yes,Electronic check,81.51,323.15,Yes
CUST-15704,Female,0,Yes,No,55,Yes,Fiber optic,No internet service,Yes,One year,No,Credit card (automatic),90.77,5124.47,No
CUST-15705,Male,0,Yes,Yes,43,No,DSL,Yes,Yes,Two year,Yes,Bank transfer (automatic),45.31,1955.65,No
CUST-15706,Female,1,No,No,3,Yes,Fiber optic,Yes,No,Two year,Yes,Credit card (automatic),92.46,267.63,No
CUST-15707,Male,0,No,No,72,Yes,Fiber optic,No,No,Month-to-month,Yes,Electronic check,59.51,4291.1,No
CUST-15708,Female,0,No,No,1,Yes,Fiber optic,Yes,No,Month-to-month,No,Electronic check,82.15,82.93,No
CUST-15709,Female,0,No,No,34,Yes,Fiber optic,Yes,Yes,One year,No,Bank transfer (automatic),65.04,2306.89,Yes
CUST-15710,Male,0,No,No,70,Yes,No,No internet service,No,Two year,Yes,Mailed check,18.0,1181.56,No
CUST-15711,Male,0,No,No,4,Yes,Fiber optic,Yes,No,Month-to-month,No,Electronic check,59.69,216.87,Yes
CUST-15712,Female,0,Yes,No,11,Yes,No,No,No,Month-to-month,Yes,Mailed check,26.2,291.69,No
CUST-15713,Female,0,Yes,No,14,Yes,Fiber optic,No,Yes,Month-to-month,No,Electronic check,82.39,1135.35,Yes
CUST-15714,Male,1,Yes,No,19,Yes,DSL,No,Yes,One year,Yes,Electronic check,50.36,877.08,No
CUST-15715,Male,0,No,No,13,Yes,DSL,Yes,No,One year,Yes,Electronic check,53.23,696.55,No
CUST-15716,Male,0,No,No,7,Yes,Fiber optic,No,No,Two year,Yes,Bank transfer (automatic),67.87,435.22,No
CUST-15717,Male,0,No,Yes,22,Yes,No,No,No internet service,One year,No,Bank transfer (automatic),21.7,446.43,No
CUST-15718,Male,0,Yes,No,33,Yes,Fiber optic,No internet service,No,Month-to-month,Yes,Credit card (automatic),74.4,2360.49,Yes
CUST-15719,Male,0,No,Yes,16,Yes,DSL,No internet service,Yes,Two year,Yes,Mailed check,46.54,715.29,No
CUST-15720,Female,0,No,No,21,Yes,DSL,No,No internet service,Two year,No,Bank transfer (automatic),61.83,1215.36,No
CUST-15721,Male,0,Yes,Yes,13,No,DSL,No,Yes,Month-to-month,Yes,Electronic check,41.54,506.45,No
CUST-15722,Male,0,Yes,No,10,Yes,DSL,No,No,Two year,Yes,Mailed check,46.55,486.84,No
CUST-15723,Female,0,Yes,Yes,16,Yes,DSL,Yes,No,Month-to-month,No,Electronic check,48.28,728.16,Yes
CUST-15724,Female,0,No,No,4,Yes,DSL,No internet service,No internet service,One year,Yes,Electronic check,49.53,195.89,No
CUST-15725,Male,0,Yes,No,6,Yes,DSL,No internet service,No,Month-to-month,No,Mailed check,68.38,392.91,No
CUST-15726,Female,0,Yes,No,45,Yes,Fiber optic,No,Yes,Two year,Yes,Electronic check,87.3,4063.26,No
CUST-15727,Male,0,Yes,Yes,0,Yes,DSL,No,No,Two year,No,Credit card (automatic),29.76,,Yes
CUST-15728,Male,0,No,No,41,Yes,Fiber optic,No,No internet service,Month-to-month,No,Mailed check,64.32,2381.45,No
CUST-15729,Female,0,No,Yes,46,Yes,No,No,No,Month-to-month,Yes,Credit card (automatic),20.95,903.69,No
CUST-15730,Female,0,Yes,Yes,12,Yes,Fiber optic,No internet service,No,Month-to-month,Yes,Electronic check,107.39,1259.65,Yes
CUST-15731,Female,0,Yes,No,22,Yes,DSL,Yes,No,Two year,No,Electronic check,54.66,1235.26,No
CUST-15732,Male,0,No,Yes,54,Yes,Fiber optic,Yes,No,Month-to-month,No,Mailed check,56.04,2759.55,No
CUST-15733,Female,0,No,Yes,15,Yes,Fiber optic,Yes,No,Two year,Yes,Credit card (automatic),68.52,1023.15,No
CUST-15734,Female,0,No,No,65,Yes,No,No internet service,No,Two year,Yes,Electronic check,27.44,1743.79,No
CUST-15735,Male,0,Yes,No,63,Yes,No,No internet service,Yes,Month-to-month,Yes,Electronic check,26.44,1720.48,No
CUST-15736,Female,0,Yes,Yes,29,Yes,DSL,Yes,No internet service,Two year,No,Credit card (automatic),49.02,1288.97,No
CUST-15737,Female,0,No,No,72,No,DSL,No internet service,No,Two year,Yes,Credit card (automatic),65.27,4484.32,No
CUST-15738,Male,0,No,No,42,Yes,Fiber optic,No,No,Month-to-month,Yes,Electronic check,64.32,2710.64,No
CUST-15739,Female,1,Yes,No,35,Yes,Fiber optic,No internet service,No,Month-to-month,No,Credit card (automatic),93.68,3020.0,Yes
CUST-15740,Male,0,No,Yes,1,Yes,No,Yes,Yes,Two year,Yes,Mailed check,27.49,26.33,No
CUST-15741,Male,0,No,No,35,Yes,Fiber optic,No internet service,Yes,Month-to-month,Yes,Bank transfer (automatic),79.46,2811.33,Yes
CUST-15742,Female,0,No,Yes,67,Yes,Fiber optic,No,No,One year,Yes,Mailed check,59.33,3861.35,No
CUST-15743,Female,0,No,No,8,Yes,No,No,No,Month-to-month,Yes,Bank transfer (automatic),23.64,183.23,Yes
CUST-15744,Female,1,No,No,12,Yes,DSL,No,No,Month-to-month,No,Electronic check,59.51,691.97,Yes
CUST-15745,Male,0,Yes,Yes,32,Yes,DSL,No,Yes,One year,Yes,Mailed check,65.04,1970.23,No
CUST-15746,Male,0,Yes,Yes,14,Yes,No,No internet service,No,Month-to-month,No,Electronic check,18.0,227.81,Yes
CUST-15747,Female,0,No,No,1,Yes,No,No,No,Two year,No,Bank transfer (automatic),35.02,34.96,No
CUST-15748,Male,0,No,No,27,Yes,Fiber optic,No internet service,No,One year,No,Credit card (automatic),83.08,2089.95,No
CUST-15749,Male,0,No,Yes,64,Yes,DSL,Yes,Yes,One year,No,Credit card (automatic),70.82,4450.63,No
CUST-15750,Female,0,Yes,Yes,72,Yes,No,No internet service,Yes,Month-to-month,Yes,Electronic check,31.29,2296.65,No
CUST-15751,Male,0,Yes,No,7,Yes,DSL,Yes,No,Month-to-month,No,Mailed check,40.07,263.23,No
CUST-15752,Female,0,Yes,No,19,Yes,Fiber optic,No,No,Two year,Yes,Mailed check,66.53,1238.5,No
CUST-15753,Male,0,Yes,No,17,No,Fiber optic,No internet service,No internet service,Month-to-month,Yes,Electronic check,96.41,1720.29,Yes
CUST-15754,Female,0,Yes,Yes,34,Yes,DSL,No internet service,No,Month-to-month,Yes,Bank transfer (automatic),69.57,2404.54,No
CUST-15755,Male,0,Yes,Yes,17,Yes,Fiber optic,No,No,Month-to-month,No,Electronic check,101.29,1559.86,No
CUST-15756,Female,0,No,Yes,4,Yes,Fiber optic,Yes,No internet service,One year,Yes,Electronic check,99.58,406.9,No
CUST-15757,Male,0,Yes,No,9,Yes,DSL,No,No internet service,Month-to-month,Yes,Bank transfer (automatic),68.24,587.59,Yes
CUST-15758,Female,0,No,No,66,Yes,No,No internet service,No,Two year,No,Bank transfer (automatic),25.41,1657.61,No
CUST-15759,Female,0,No,No,33,Yes,Fiber optic,No,Yes,Month-to-month,Yes,Bank transfer (automatic),75.7,2370.76,Yes
CUST-15760,Female,0,Yes,Yes,21,Yes,DSL,No internet service,Yes,Month-to-month,No,Credit card (automatic),63.47,1241.68,Yes
CUST-15761,Male,0,Yes,Yes,61,Yes,No,No internet service,No internet service,Month-to-month,No,Credit card (automatic),22.36,1349.24,No
CUST-15762,Female,1,No,No,63,Yes,DSL,No,Yes,Two year,Yes,Electronic check,60.32,3519.53,No
CUST-15763,Male,1,No,No,61,Yes,No,No,Yes,One year,No,Electronic check,36.61,2224.19,No
CUST-15764,Male,0,No,Yes,72,Yes,DSL,Yes,No,Month-to-month,Yes,Mailed check,60.7,4233.36,Yes
CUST-15765,Female,0,No,Yes,18,No,Fiber optic,No,No,Two year,Yes,Bank transfer (automatic),78.24,1464.84,No
CUST-15766,Female,0,No,No,3,Yes,DSL,No,Yes,Month-to-month,No,Electronic check,56.99,162.95,Yes
CUST-15767,Male,1,No,No,16,Yes,Fiber optic,No,No internet service,Month-to-month,No,Mailed check,76.17,1102.69,No
CUST-15768,Female,0,Yes,No,23,Yes,No,No,Yes,Month-to-month,Yes,Electronic check,23.52,532.68,No
CUST-15769,Male,0,No,No,0,Yes,No,No,No,Two year,Yes,Electronic check,24.28,,No
CUST-15770,Female,0,No,No,3,Yes,No,No internet service,No,Two year,Yes,Credit card (automatic),18.0,56.3,No
CUST-15771,Male,0,No,No,27,Yes,DSL,Yes,No internet service,Month-to-month,No,Bank transfer (automatic),60.6,1564.07,No
CUST-15772,Female,0,Yes,Yes,0,Yes,DSL,Yes,No internet service,One year,Yes,Bank transfer (automatic),58.65,,No
CUST-15773,Female,0,No,Yes,4,Yes,Fiber optic,No,Yes,Two year,No,Mailed check,91.58,357.64,No
CUST-15774,Female,1,No,Yes,51,Yes,Fiber optic,No internet service,No,Month-to-month,No,Mailed check,70.49,3344.64,Yes
CUST-15775,Female,0,Yes,No,9,Yes,No,No,Yes,Two year,Yes,Bank transfer (automatic),35.98,337.75,No
CUST-15776,Female,0,Yes,No,22,Yes,Fiber optic,No,No,One year,Yes,Electronic check,69.87,1560.93,Yes
CUST-15777,Female,0,No,No,18,Yes,Fiber optic,No internet service,No internet service,Month-to-month,No,Electronic check,94.17,1630.34,No
CUST-15778,Male,0,Yes,No,72,No,No,No internet service,No internet service,Month-to-month,No,Bank transfer (automatic),36.74,2706.07,No
CUST-15779,Female,0,No,No,59,Yes,Fiber optic,No,No,Month-to-month,No,Credit card (automatic),97.01,5777.4,No
CUST-15780,Male,0,Yes,No,1,Yes,DSL,No,Yes,Month-to-month,Yes,Credit card (automatic),65.37,64.01,Yes
CUST-15781,Female,1,No,No,57,Yes,Fiber optic,No,Yes,Two year,No,Electronic check,53.1,2815.29,No
CUST-15782,Male,0,No,No,2,Yes,No,No,Yes,One year,No,Electronic check,37.6,69.68,No
CUST-15783,Female,0,No,No,8,Yes,No,Yes,Yes,One year,Yes,Bank transfer (automatic),21.99,165.63,No
CUST-15784,Female,0,Yes,No,5,Yes,DSL,No,No,Two year,Yes,Bank transfer (automatic),45.88,213.69,No
CUST-15785,Male,0,No,Yes,22,Yes,DSL,No internet service,Yes,One year,No,Mailed check,52.32,1090.88,No
CUST-15786,Female,0,No,Yes,62,Yes,No,Yes,No,Month-to-month,No,Electronic check,18.0,1118.28,No
CUST-15787,Male,0,No,No,8,Yes,Fiber optic,No,No internet service,Two year,Yes,Mailed check,89.55,684.94,No
CUST-15788,Male,0,No,Yes,16,Yes,Fiber optic,No,No,Two year,Yes,Electronic check,97.09,1432.37,Yes
CUST-15789,Female,1,Yes,No,1,Yes,Fiber optic,Yes,No,Month-to-month,No,Mailed check,70.32,71.21,No
CUST-15790,Male,0,Yes,Yes,0,Yes,DSL,Yes,No,Month-to-month,Yes,Credit card (automatic),38.2,,No
CUST-15791,Male,1,No,Yes,2,No,No,No,No,Two year,Yes,Bank transfer (automatic),25.91,53.96,No
CUST-15792,Male,0,No,Yes,72,Yes,No,Yes,No,One year,No,Bank transfer (automatic),32.29,2096.3,No
CUST-15793,Male,0,No,No,4,No,No,No internet service,No,Month-to-month,No,Mailed check,20.32,73.8,No
CUST-15794,Female,0,No,No,6,Yes,No,No,Yes,Month-to-month,Yes,Mailed check,19.41,105.48,No
CUST-15795,Female,0,Yes,No,7,No,DSL,No,Yes,Month-to-month,Yes,Bank transfer (automatic),62.64,415.89,No
CUST-15796,Male,0,No,Yes,37,Yes,No,No,No,Two year,Yes,Mailed check,18.0,688.21,No
CUST-15797,Female,0,No,No,12,Yes,Fiber optic,No internet service,Yes,Month-to-month,Yes,Electronic check,93.93,1148.82,Yes
CUST-15798,Female,0,Yes,No,3,No,Fiber optic,Yes,No,One year,Yes,Credit card (automatic),110.82,326.57,No
CUST-15799,Male,0,No,Yes,24,Yes,DSL,Yes,No,One year,Yes,Bank transfer (automatic),61.13,1463.56,No
CUST-15800,Male,0,No,No,3,Yes,DSL,No internet service,No internet service,Month-to-month,No,Credit card (automatic),64.06,176.19,No
CUST-15801,Male,0,Yes,No,7,Yes,Fiber optic,No,No internet service,Month-to-month,Yes,Bank transfer (automatic),83.78,575.55,No
CUST-15802,Male,0,Yes,No,1,No,No,No,No,Month-to-month,Yes,Electronic check,26.72,24.2,No
CUST-15803,Male,0,No,No,52,Yes,Fiber optic,No,No internet service,Month-to-month,Yes,Mailed check,97.46,4600.26,Yes
CUST-15804,Male,0,No,No,72,Yes,DSL,No,No internet service,Two year,No,Electronic check,43.59,3254.5,No
CUST-15805,Male,0,Yes,No,21,Yes,No,No,Yes,One year,Yes,Mailed check,31.88,612.76,No
CUST-15806,Male,1,Yes,No,18,Yes,Fiber optic,Yes,No,One year,Yes,Mailed check,51.17,874.0,No
CUST-15807,Male,0,Yes,No,27,Yes,Fiber optic,Yes,No,Month-to-month,Yes,Bank transfer (automatic),70.29,1931.92,Yes
CUST-15808,Male,0,No,No,1,Yes,DSL,No,No internet service,Two year,No,Electronic check,37.68,37.77,No
CUST-15809,Female,0,Yes,No,34,Yes,DSL,No,Yes,Month-to-month,Yes,Bank transfer (automatic),62.76,1974.79,No
CUST-15810,Male,0,Yes,No,18,Yes,No,Yes,Yes,Month-to-month,Yes,Mailed check,21.45,348.54,No
CUST-15811,Male,0,No,No,0,Yes,Fiber optic,No,No,Month-to-month,Yes,Mailed check,68.89,,Yes
CUST-15812,Female,0,No,Yes,58,Yes,DSL,Yes,No,One year,Yes,Electronic check,53.24,3191.78,No
CUST-15813,Female,1,Yes,Yes,72,Yes,Fiber optic,No internet service,No internet service,Month-to-month,Yes,Credit card (automatic),63.68,4763.24,No
CUST-15814,Male,0,No,Yes,27,Yes,DSL,No,No,Month-to-month,Yes,Credit card (automatic),72.6,1865.16,Yes
CUST-15815,Female,0,No,No,16,Yes,Fiber optic,Yes,No,Month-to-month,Yes,Bank transfer (automatic),81.34,1270.32,Yes
CUST-15816,Female,0,Yes,No,7,Yes,Fiber optic,No internet service,Yes,Month-to-month,Yes,Electronic check,98.84,706.89,Yes
CUST-15817,Male,0,Yes,No,22,Yes,Fiber optic,Yes,No,Two year,Yes,Mailed check,87.96,1851.31,No
CUST-15818,Female,1,Yes,No,16,Yes,DSL,Yes,No,Month-to-month,No,Bank transfer (automatic),77.52,1172.02,No
CUST-15819,Male,0,No,No,24,No,DSL,Yes,Yes,Two year,Yes,Mailed check,56.52,1313.08,No
CUST-15820,Female,0,Yes,No,13,Yes,DSL,Yes,No,Two year,Yes,Bank transfer (automatic),53.16,716.82,No
CUST-15821,Male,0,Yes,No,4,Yes,Fiber optic,No,No internet service,One year,No,Electronic check,85.1,310.06,Yes
CUST-15822,Male,1,No,No,8,Yes,No,Yes,No,Month-to-month,Yes,Electronic check,26.49,206.29,No
CUST-15823,Male,0,Yes,Yes,10,Yes,Fiber optic,Yes,No,Month-to-month,Yes,Mailed check,72.11,731.44,Yes
CUST-15824,Male,0,Yes,No,72,No,Fiber optic,No internet service,No,Two year,Yes,Credit card (automatic),75.39,5520.11,No
CUST-15825,Female,0,Yes,Yes,2,No,Fiber optic,No,No,Month-to-month,Yes,Electronic check,80.85,166.03,Yes
CUST-15826,Female,0,Yes,No,17,Yes,Fiber optic,No internet service,No,One year,Yes,Electronic check,120.0,1943.16,Yes
CUST-15827,Male,0,Yes,No,4,Yes,DSL,No internet service,No,One year,No,Bank transfer (automatic),59.83,240.3,No
CUST-15828,Female,0,No,Yes,24,No,DSL,No internet service,Yes,Two year,Yes,Electronic check,68.25,1509.58,No
CUST-15829,Male,0,No,No,72,Yes,DSL,No,No,Two year,Yes,Electronic check,50.03,3746.12,No
CUST-15830,Male,0,Yes,No,1,Yes,Fiber optic,Yes,Yes,Two year,Yes,Mailed check,63.15,65.38,No
CUST-15831,Female,0,No,No,14,Yes,DSL,Yes,No internet service,Month-to-month,Yes,Mailed check,69.64,914.56,No
CUST-15832,Male,0,No,No,14,Yes,No,No,No,Month-to-month,No,Bank transfer (automatic),18.0,254.13,Yes
CUST-15833,Female,0,No,Yes,20,Yes,DSL,No internet service,No,Two year,No,Mailed check,53.12,1024.52,No
CUST-15834,Male,0,No,No,54,Yes,Fiber optic,No,Yes,One year,Yes,Electronic check,67.08,3415.61,No
CUST-15835,Male,1,Yes,No,0,Yes,Fiber optic,No,Yes,Two year,Yes,Mailed check,95.19,,No
CUST-15836,Female,0,Yes,No,1,Yes,DSL,No internet service,Yes,Month-to-month,Yes,Bank transfer (automatic),63.05,58.67,No
CUST-15837,Female,0,No,No,3,No,Fiber optic,No internet service,No,Month-to-month,No,Electronic check,102.88,308.7,Yes
CUST-15838,Male,0,No,No,16,Yes,No,No,Yes,Two year,No,Electronic check,22.44,345.77,No
CUST-15839,Male,1,No,No,56,Yes,Fiber optic,No internet service,Yes,One year,Yes,Mailed check,85.63,4444.65,No
CUST-15840,Female,0,No,No,23,Yes,Fiber optic,Yes,Yes,Month-to-month,Yes,Electronic check,82.36,1794.26,Yes
CUST-15841,Female,1,No,Yes,72,Yes,DSL,No,No,Month-to-month,Yes,Bank transfer (automatic),56.96,4294.16,No
CUST-15842,Female,0,No,No,4,No,Fiber optic,No,No,Two year,Yes,Bank transfer (automatic),80.89,318.74,No
CUST-15843,Male,0,No,No,9,Yes,No,No,No internet service,Month-to-month,Yes,Credit card (automatic),22.39,187.7,No
CUST-15844,Female,1,No,No,19,No,Fiber optic,No,No,Month-to-month,No,Mailed check,82.18,1421.68,Yes
CUST-15845,Male,1,Yes,No,31,Yes,Fiber optic,No,No internet service,Month-to-month,No,Electronic check,81.52,2421.07,No
CUST-15846,Female,0,Yes,Yes,20,Yes,Fiber optic,No internet service,No,Two year,Yes,Bank transfer (automatic),78.46,1636.88,No
CUST-15847,Female,0,No,No,9,Yes,No,Yes,No,Two year,No,Bank transfer (automatic),23.29,193.98,No
CUST-15848,Female,0,No,No,5,Yes,Fiber optic,No,No internet service,Two year,No,Electronic check,75.15,360.54,No
CUST-15849,Male,0,Yes,Yes,2,Yes,DSL,Yes,No internet service,Two year,No,Bank transfer (automatic),48.35,90.9,No
CUST-15850,Male,0,No,Yes,72,Yes,Fiber optic,No,Yes,Month-to-month,No,Electronic check,86.08,6324.59,Yes
CUST-15851,Female,0,No,No,69,Yes,Fiber optic,Yes,Yes,One year,Yes,Electronic check,120.0,8407.3,No
CUST-15852,Female,0,Yes,No,1,Yes,DSL,No internet service,No,One year,Yes,Electronic check,69.69,62.72,No
CUST-15853,Female,1,No,No,23,Yes,Fiber optic,No internet service,No internet service,Two year,Yes,Mailed check,97.22,2068.36,No
CUST-15854,Male,0,No,No,29,Yes,No,Yes,Yes,One year,No,Credit card (automatic),18.0,506.02,No
CUST-15855,Male,0,Yes,No,57,Yes,Fiber optic,No,Yes,Month-to-month,Yes,Electronic check,67.42,3535.44,No
CUST-15856,Male,0,Yes,No,11,Yes,DSL,Yes,No internet service,Month-to-month,No,Electronic check,72.71,777.8,Yes
CUST-15857,Male,0,No,No,9,Yes,Fiber optic,No internet service,No,Month-to-month,No,Bank transfer (automatic),87.57,727.91,No
CUST-15858,Male,1,Yes,Yes,28,Yes,Fiber optic,No,No,One year,Yes,Credit card (automatic),107.85,2791.26,No
CUST-15859,Male,0,No,No,12,Yes,DSL,Yes,No,One year,No,Mailed check,40.06,450.93,No
CUST-15860,Male,0,No,No,13,Yes,DSL,No,No,Month-to-month,No,Mailed check,60.91,723.48,Yes
CUST-15861,Female,0,Yes,Yes,7,Yes,DSL,Yes,No internet service,One year,No,Mailed check,73.15,522.62,No
CUST-15862,Female,0,No,No,25,Yes,DSL,No,No internet service,Month-to-month,Yes,Mailed check,55.25,1268.58,No
CUST-15863,Male,0,No,No,17,Yes,Fiber optic,No,Yes,Month-to-month,No,Credit card (automatic),92.6,1602.99,No
CUST-15864,Male,0,Yes,No,40,Yes,DSL,No internet service,Yes,Month-to-month,No,Electronic check,37.61,1535.69,No
CUST-15865,Male,0,No,Yes,64,Yes,DSL,No internet service,No,One year,No,Electronic check,45.85,2756.41,No
CUST-15866,Female,0,No,Yes,40,Yes,No,No internet service,Yes,Month-to-month,No,Electronic check,38.11,1519.87,No
CUST-15867,Male,1,No,Yes,13,Yes,DSL,No internet service,No,Month-to-month,Yes,Mailed check,49.33,668.95,Yes
CUST-15868,Female,1,No,No,3,Yes,Fiber optic,Yes,No,One year,Yes,Mailed check,111.9,330.26,No
CUST-15869,Female,0,Yes,No,19,Yes,DSL,No,Yes,Two year,No,Bank transfer (automatic),55.99,967.43,No
CUST-15870,Male,1,Yes,No,9,Yes,Fiber optic,No internet service,No,One year,Yes,Mailed check,75.95,630.11,No
CUST-15871,Female,0,No,No,23,No,DSL,No internet service,No,Two year,No,Electronic check,45.18,954.03,No
CUST-15872,Male,1,Yes,Yes,0,No,Fiber optic,No,No,Two year,Yes,Credit card (automatic),90.49,,No
CUST-15873,Female,0,No,No,12,Yes,Fiber optic,No,No internet service,Month-to-month,Yes,Bank transfer (automatic),75.98,946.31,Yes
CUST-15874,Female,0,No,No,2,No,Fiber optic,Yes,No,One year,Yes,Electronic check,69.92,131.51,No
CUST-15875,Male,0,Yes,No,27,Yes,No,Yes,No,Month-to-month,No,Bank transfer (automatic),31.2,777.22,No
CUST-15876,Female,0,No,No,0,Yes,Fiber optic,Yes,No,One year,Yes,Credit card (automatic),93.56,,Yes
CUST-15877,Female,0,Yes,No,22,Yes,No,Yes,No,One year,Yes,Credit card (automatic),27.72,602.15,No
CUST-15878,Female,0,Yes,Yes,48,Yes,Fiber optic,No,No,Two year,Yes,Electronic check,84.6,3923.75,No
CUST-15879,Male,0,No,No,16,Yes,DSL,No,No,Two year,No,Credit card (automatic),53.56,898.42,Yes
CUST-15880,Male,0,No,No,72,Yes,DSL,Yes,No internet service,Month-to-month,Yes,Mailed check,46.18,3300.41,No
CUST-15881,Female,0,No,No,37,No,DSL,No internet service,No,Two year,No,Bank transfer (automatic),41.12,1399.56,No
CUST-15882,Male,0,No,No,12,Yes,No,No,No,Month-to-month,No,Electronic check,41.42,521.18,No
CUST-15883,Female,0,No,No,21,Yes,Fiber optic,No internet service,No,Month-to-month,No,Bank transfer (automatic),86.89,1904.74,No
CUST-15884,Female,0,No,Yes,9,Yes,DSL,No,No,One year,No,Credit card (automatic),54.72,472.81,No
CUST-15885,Female,1,Yes,No,26,Yes,DSL,Yes,Yes,Month-to-month,Yes,Bank transfer (automatic),42.32,1087.43,No
CUST-15886,Male,0,Yes,No,39,Yes,Fiber optic,No,No,Month-to-month,Yes,Electronic check,81.01,3051.14,Yes
CUST-15887,Female,0,No,No,8,Yes,DSL,Yes,No,Month-to-month,Yes,Electronic check,62.26,458.47,Yes
CUST-15888,Female,0,Yes,No,25,Yes,No,No internet service,Yes,Two year,No,Bank transfer (automatic),22.09,572.84,No
CUST-15889,Female,0,Yes,No,31,Yes,Fiber optic,No,Yes,One year,No,Bank transfer (automatic),73.98,2387.18,No
CUST-15890,Female,0,No,No,61,Yes,No,No,No internet service,Month-to-month,No,Credit card (automatic),18.15,1108.84,No
CUST-15891,Male,0,No,Yes,26,Yes,No,No,No,One year,Yes,Electronic check,28.08,703.57,No
CUST-15892,Male,0,Yes,No,9,Yes,DSL,No,No internet service,One year,No,Electronic check,79.87,694.22,No
CUST-15893,Male,0,Yes,No,6,Yes,Fiber optic,Yes,Yes,Two year,Yes,Bank transfer (automatic),74.74,425.24,No
CUST-15894,Female,1,No,No,2,Yes,Fiber optic,Yes,No internet service,Month-to-month,Yes,Bank transfer (automatic),106.32,191.49,No
CUST-15895,Male,0,No,No,27,Yes,No,Yes,No,One year,No,Mailed check,46.87,1210.07,No
CUST-15896,Male,0,No,No,34,Yes,Fiber optic,No internet service,No,Two year,No,Electronic check,79.84,2649.54,No
CUST-15897,Male,0,No,No,6,No,No,No,No,One year,Yes,Mailed check,44.99,276.14,No
CUST-15898,Female,0,No,No,19,Yes,Fiber optic,No internet service,Yes,One year,No,Electronic check,66.39,1230.06,Yes
CUST-15899,Female,0,Yes,No,12,No,No,No,No internet service,Month-to-month,Yes,Electronic check,31.63,383.9,No
CUST-15900,Female,0,Yes,Yes,19,Yes,DSL,No,No internet service,One year,No,Mailed check,72.81,1280.08,No
CUST-15901,Female,0,No,Yes,26,Yes,Fiber optic,Yes,Yes,Month-to-month,Yes,Electronic check,63.5,1555.48,No
CUST-15902,Male,0,No,No,54,No,DSL,No internet service,No,One year,Yes,Mailed check,46.69,2290.1,No
CUST-15903,Male,0,No,Yes,18,Yes,Fiber optic,No,Yes,Month-to-month,Yes,Bank transfer (automatic),101.11,1884.25,No
CUST-15904,Male,1,Yes,Yes,0,Yes,DSL,No,No,Month-to-month,Yes,Bank transfer (automatic),43.08,,Yes
CUST-15905,Male,0,Yes,No,11,Yes,Fiber optic,No,No,One year,Yes,Credit card (automatic),63.19,681.84,No
CUST-15906,Male,0,No,No,2,Yes,DSL,Yes,Yes,One year,Yes,Electronic check,67.83,125.68,No
CUST-15907,Male,0,No,Yes,3,Yes,DSL,No,Yes,Two year,Yes,Electronic check,47.36,142.76,No
CUST-15908,Female,0,No,No,7,Yes,DSL,No,No,Two year,Yes,Electronic check,64.34,407.58,No
CUST-15909,Female,0,No,Yes,10,Yes,Fiber optic,Yes,No,Two year,Yes,Electronic check,88.23,901.19,No
CUST-15910,Male,0,Yes,No,5,Yes,No,Yes,No,Month-to-month,Yes,Bank transfer (automatic),18.0,83.76,Yes
CUST-15911,Female,0,Yes,Yes,35,Yes,Fiber optic,Yes,No,Month-to-month,Yes,Mailed check,95.32,3462.24,No
CUST-15912,Male,0,Yes,Yes,2,Yes,DSL,No,No,Month-to-month,Yes,Electronic check,70.44,127.95,No
CUST-15913,Male,0,Yes,Yes,13,Yes,DSL,No internet service,No,One year,Yes,Electronic check,38.41,472.73,No
CUST-15914,Male,0,No,No,1,Yes,DSL,Yes,No internet service,Two year,No,Bank transfer (automatic),80.43,83.0,No
CUST-15915,Male,1,Yes,No,1,Yes,No,No internet service,Yes,Month-to-month,Yes,Mailed check,28.84,29.95,No
CUST-15916,Male,0,No,No,34,Yes,DSL,No,No,One year,No,Bank transfer (automatic),55.69,1779.15,No
CUST-15917,Male,0,Yes,No,71,Yes,DSL,No,No,One year,No,Bank transfer (automatic),33.56,2243.19,No
CUST-15918,Female,1,No,Yes,72,Yes,DSL,Yes,No,Month-to-month,No,Electronic check,46.32,3218.3,No
CUST-15919,Male,0,Yes,No,12,Yes,No,Yes,No,One year,No,Bank transfer (automatic),20.01,223.25,Yes
CUST-15920,Male,0,No,No,0,Yes,No,No,No internet service,One year,No,Bank transfer (automatic),30.3,,Yes
CUST-15921,Female,1,No,Yes,3,Yes,No,No,No,One year,Yes,Electronic check,29.27,87.72,No
CUST-15922,Male,0,No,No,4,Yes,Fiber optic,No,Yes,Two year,No,Credit card (automatic),66.62,241.03,No
CUST-15923,Female,0,Yes,No,43,Yes,No,Yes,No,One year,No,Credit card (automatic),30.87,1291.26,No
CUST-15924,Female,0,Yes,No,11,Yes,Fiber optic,Yes,No,Month-to-month,Yes,Mailed check,81.84,942.25,Yes
CUST-15925,Male,1,No,No,5,Yes,DSL,No,No,Two year,No,Credit card (automatic),30.19,146.31,No
CUST-15926,Female,0,Yes,Yes,53,Yes,Fiber optic,No,Yes,One year,Yes,Electronic check,104.95,5362.35,No
CUST-15927,Female,0,Yes,No,66,Yes,Fiber optic,No,Yes,Month-to-month,Yes,Mailed check,81.32,5617.58,Yes
CUST-15928,Female,0,No,No,47,Yes,Fiber optic,No internet service,No internet service,One year,Yes,Bank transfer (automatic),88.09,4127.92,No
CUST-15929,Male,0,No,No,9,Yes,DSL,Yes,Yes,Two year,No,Credit card (automatic),58.82,487.77,No
CUST-15930,Male,0,Yes,No,41,Yes,Fiber optic,No,Yes,One year,Yes,Bank transfer (automatic),94.44,3915.98,No
CUST-15931,Male,0,Yes,No,57,Yes,No,No,Yes,Two year,Yes,Mailed check,25.78,1475.42,No
CUST-15932,Male,0,Yes,No,3,Yes,DSL,No,No,Month-to-month,No,Credit card (automatic),58.22,166.32,No
CUST-15933,Female,0,No,No,0,Yes,Fiber optic,Yes,No,Month-to-month,No,Credit card (automatic),91.21,,Yes
CUST-15934,Male,0,Yes,No,0,Yes,Fiber optic,No,Yes,Month-to-month,Yes,Electronic check,100.03,,Yes
CUST-15935,Female,1,No,No,28,Yes,Fiber optic,No internet service,No,One year,Yes,Electronic check,72.99,2103.67,No
CUST-15936,Male,0,No,No,7,Yes,No,No,Yes,Month-to-month,Yes,Electronic check,24.86,164.58,No
CUST-15937,Female,0,Yes,No,47,Yes,Fiber optic,No,No,Two year,Yes,Credit card (automatic),107.3,4923.73,Yes
CUST-15938,Male,0,Yes,No,3,Yes,DSL,No,No,Month-to-month,No,Mailed check,66.32,192.52,No
CUST-15939,Female,0,No,Yes,3,Yes,Fiber optic,No,No,Month-to-month,No,Electronic check,75.57,218.05,Yes
CUST-15940,Female,0,Yes,No,7,Yes,DSL,No,Yes,One year,Yes,Electronic check,71.28,510.64,No
CUST-15941,Female,0,No,Yes,28,Yes,Fiber optic,No internet service,Yes,One year,Yes,Credit card (automatic),100.93,2569.62,No
CUST-15942,Male,0,Yes,Yes,36,Yes,Fiber optic,No internet service,No,Month-to-month,Yes,Mailed check,104.78,3599.79,No
CUST-15943,Female,1,Yes,Yes,72,Yes,DSL,Yes,No,One year,No,Mailed check,47.4,3541.04,Yes
CUST-15944,Female,0,Yes,Yes,6,Yes,DSL,No,No,Month-to-month,Yes,Credit card (automatic),66.91,401.1,No
CUST-15945,Male,0,No,No,67,Yes,DSL,Yes,No,Month-to-month,Yes,Electronic check,51.6,3489.31,No
CUST-15946,Female,0,Yes,Yes,16,Yes,DSL,No,Yes,Two year,Yes,Mailed check,48.36,800.97,Yes
CUST-15947,Female,0,Yes,No,10,Yes,DSL,Yes,No,Month-to-month,Yes,Electronic check,66.86,698.61,Yes
CUST-15948,Female,0,Yes,Yes,6,Yes,DSL,No,No,One year,Yes,Mailed check,70.49,432.44,No
CUST-15949,Male,0,No,Yes,49,Yes,Fiber optic,No internet service,Yes,Month-to-month,Yes,Bank transfer (automatic),74.75,3483.71,Yes
CUST-15950,Female,1,No,No,6,Yes,Fiber optic,Yes,No,Month-to-month,Yes,Bank transfer (automatic),113.5,671.2,Yes
CUST-15951,Male,1,Yes,No,72,Yes,Fiber optic,No,No,One year,Yes,Electronic check,117.48,7850.73,No
CUST-15952,Male,1,Yes,Yes,44,Yes,DSL,Yes,No,Month-to-month,Yes,Bank transfer (automatic),69.35,3064.76,No
CUST-15953,Female,0,Yes,Yes,16,Yes,DSL,Yes,No internet service,Month-to-month,Yes,Electronic check,64.43,944.05,No
CUST-15954,Female,0,No,Yes,2,Yes,DSL,No internet service,No,Month-to-month,No,Mailed check,49.38,93.06,No
CUST-15955,Female,0,No,No,2,Yes,DSL,Yes,No internet service,Month-to-month,No,Mailed check,76.78,160.62,No
CUST-15956,Female,0,Yes,Yes,8,Yes,Fiber optic,No,Yes,Month-to-month,No,Bank transfer (automatic),90.95,728.52,Yes
CUST-15957,Female,1,No,No,2,Yes,DSL,No,No,Month-to-month,Yes,Electronic check,66.62,132.86,Yes
CUST-15958,Male,0,Yes,No,5,Yes,DSL,No,No,Two year,Yes,Electronic check,50.44,259.84,No
CUST-15959,Female,0,Yes,No,6,Yes,No,No,No,Month-to-month,No,Credit card (automatic),27.52,169.05,No
CUST-15960,Female,0,Yes,No,0,Yes,DSL,No,Yes,Month-to-month,Yes,Mailed check,70.44,,No
CUST-15961,Male,1,No,No,3,Yes,Fiber optic,No internet service,No,Month-to-month,No,Bank transfer (automatic),65.51,183.78,Yes
CUST-15962,Male,0,Yes,No,19,Yes,No,Yes,No,Month-to-month,Yes,Credit card (automatic),18.0,323.0,Yes
CUST-15963,Male,0,Yes,No,28,Yes,Fiber optic,Yes,Yes,Month-to-month,Yes,Bank transfer (automatic),105.05,2651.71,No
CUST-15964,Female,0,No,No,46,Yes,DSL,No,No,Month-to-month,Yes,Credit card (automatic),62.19,2920.53,Yes
CUST-15965,Female,0,Yes,No,29,No,No,No internet service,No,One year,Yes,Credit card (automatic),21.16,562.63,No
CUST-15966,Female,1,No,No,16,Yes,Fiber optic,No,No internet service,Month-to-month,Yes,Bank transfer (automatic),81.18,1211.58,No
CUST-15967,Male,0,Yes,No,23,Yes,Fiber optic,No internet service,No internet service,One year,Yes,Mailed check,117.31,2575.43,No
CUST-15968,Male,0,No,Yes,2,Yes,DSL,No,No internet service,Two year,Yes,Credit card (automatic),62.86,118.29,No
CUST-15969,Female,0,Yes,No,0,Yes,Fiber optic,Yes,No internet service,Month-to-month,No,Electronic check,86.43,,Yes
CUST-15970,Male,0,No,No,59,Yes,Fiber optic,No,No,One year,Yes,Credit card (automatic),76.31,4662.15,No
CUST-15971,Male,0,Yes,No,32,Yes,DSL,Yes,No,Month-to-month,Yes,Electronic check,44.09,1280.09,Yes
CUST-15972,Male,0,No,No,12,Yes,Fiber optic,Yes,Yes,Month-to-month,No,Electronic check,102.6,1132.37,Yes
CUST-15973,Female,0,Yes,No,27,Yes,No,No,No internet service,Month-to-month,No,Electronic check,18.0,498.19,No
CUST-15974,Female,1,No,Yes,20,Yes,DSL,No internet service,No,Month-to-month,No,Electronic check,77.51,1458.69,Yes
CUST-15975,Female,0,Yes,Yes,5,No,No,No,No,Two year,Yes,Electronic check,43.85,200.84,No
CUST-15976,Female,0,No,Yes,6,Yes,Fiber optic,Yes,No,One year,Yes,Mailed check,78.0,468.11,No
CUST-15977,Male,0,No,No,3,Yes,DSL,No,Yes,Month-to-month,No,Mailed check,53.34,152.54,No
CUST-15978,Male,0,Yes,No,7,Yes,DSL,No,No internet service,One year,Yes,Bank transfer (automatic),49.77,325.46,Yes
CUST-15979,Male,0,No,Yes,17,Yes,Fiber optic,No internet service,No internet service,Month-to-month,No,Bank transfer (automatic),74.48,1157.69,No
CUST-15980,Female,0,Yes,No,72,No,DSL,Yes,No,Month-to-month,Yes,Bank transfer (automatic),55.54,4037.0,No
CUST-15981,Male,0,No,No,18,Yes,Fiber optic,Yes,No internet service,Month-to-month,No,Mailed check,67.99,1116.96,No
CUST-15982,Male,1,Yes,Yes,18,No,Fiber optic,No,Yes,Two year,Yes,Mailed check,72.92,1280.2,No
CUST-15983,Male,0,Yes,No,23,Yes,DSL,Yes,Yes,Month-to-month,No,Bank transfer (automatic),43.36,939.29,No
CUST-15984,Female,0,No,Yes,44,Yes,DSL,No,Yes,Two year,No,Credit card (automatic),54.11,2148.64,No
CUST-15985,Male,1,No,No,18,Yes,No,Yes,No internet service,Two year,No,Electronic check,28.54,507.39,No
CUST-15986,Male,0,No,Yes,1,Yes,DSL,No,No internet service,One year,Yes,Credit card (automatic),65.74,65.98,No
CUST-15987,Male,0,Yes,No,0,Yes,No,No,Yes,Two year,Yes,Mailed check,30.38,,No
CUST-15988,Female,1,No,No,18,Yes,Fiber optic,No internet service,No,Month-to-month,Yes,Bank transfer (automatic),85.1,1423.31,No
CUST-15989,Male,0,Yes,No,72,Yes,Fiber optic,No,No,Month-to-month,No,Mailed check,98.8,6662.96,Yes
CUST-15990,Female,0,No,No,56,Yes,Fiber optic,No internet service,Yes,One year,Yes,Bank transfer (automatic),84.69,4400.07,No
CUST-15991,Male,0,Yes,No,16,Yes,No,No,No,Month-to-month,Yes,Electronic check,25.82,430.21,Yes
CUST-15992,Female,0,No,Yes,0,Yes,DSL,No,No,Month-to-month,No,Electronic check,64.62,,Yes
CUST-15993,Male,0,No,No,37,Yes,DSL,No,Yes,Month-to-month,Yes,Electronic check,55.6,2127.7,No
CUST-15994,Male,0,No,No,60,Yes,DSL,No,Yes,Two year,No,Electronic check,76.59,4486.72,No
CUST-15995,Male,1,No,No,16,Yes,No,No,Yes,Month-to-month,No,Electronic check,18.0,292.36,No
CUST-15996,Male,0,Yes,Yes,0,Yes,Fiber optic,No,No internet service,Two year,Yes,Electronic check,74.75,,No
CUST-15997,Male,1,Yes,No,72,Yes,DSL,No,No,Month-to-month,Yes,Mailed check,46.39,3281.01,No
CUST-15998,Male,0,No,Yes,23,Yes,Fiber optic,No internet service,Yes,Two year,No,Bank transfer (automatic),84.18,1889.82,No
CUST-15999,Female,1,No,No,4,Yes,Fiber optic,No,No,Month-to-month,Yes,Electronic check,88.48,353.08,Yes
CUST-16000,Female,1,Yes,No,18,Yes,Fiber optic,Yes,No,Month-to-month,No,Electronic check,77.8,1369.11,Yes
CUST-16001,Male,0,Yes,No,20,Yes,Fiber optic,No,Yes,One year,Yes,Credit card (automatic),68.8,1324.64,No
CUST-16002,Female,0,Yes,No,12,Yes,Fiber optic,No,Yes,Two year,No,Electronic check,70.06,774.12,No
CUST-16003,Male,0,No,No,8,No,Fiber optic,Yes,No,Month-to-month,No,Mailed check,95.57,794.8,No
CUST-16004,Male,0,Yes,Yes,13,Yes,Fiber optic,No internet service,Yes,Month-to-month,Yes,Electronic check,98.91,1158.98,Yes
CUST-16005,Female,0,Yes,No,15,Yes,DSL,No,Yes,Month-to-month,Yes,Bank transfer (automatic),64.44,889.36,No
CUST-16006,Male,0,No,No,40,Yes,Fiber optic,No,No,Month-to-month,No,Mailed check,67.64,2741.0,No
CUST-16007,Female,0,No,Yes,31,Yes,Fiber optic,No,No internet service,Month-to-month,No,Electronic check,101.48,3154.22,No
CUST-16008,Female,0,Yes,No,28,Yes,Fiber optic,Yes,Yes,One year,Yes,Mailed check,91.54,2428.1,No
CUST-16009,Female,0,No,Yes,1,Yes,Fiber optic,No,Yes,Month-to-month,No,Credit card (automatic),82.03,77.07,Yes
CUST-16010,Male,0,Yes,Yes,30,Yes,DSL,No internet service,Yes,Month-to-month,Yes,Electronic check,67.0,2024.23,No
CUST-16011,Female,0,Yes,No,54,Yes,Fiber optic,No,No,One year,Yes,Mailed check,90.46,4515.44,No
CUST-16012,Male,0,Yes,No,30,Yes,No,No,No,One year,Yes,Mailed check,30.54,867.05,No
CUST-16013,Female,0,Yes,Yes,24,No,No,No internet service,No internet service,One year,No,Bank transfer (automatic),24.64,557.19,No
CUST-16014,Female,0,No,No,19,Yes,DSL,No internet service,Yes,Month-to-month,Yes,Electronic check,47.22,916.85,No
CUST-16015,Female,1,No,Yes,17,No,DSL,No,No internet service,One year,No,Mailed check,56.17,983.77,No
CUST-16016,Female,0,No,Yes,26,Yes,DSL,No internet service,No,Month-to-month,Yes,Mailed check,51.86,1248.97,No
CUST-16017,Male,0,No,No,3,Yes,Fiber optic,No,No internet service,One year,Yes,Mailed check,108.48,296.52,No
CUST-16018,Male,0,Yes,No,64,Yes,Fiber optic,No,No,Month-to-month,No,Mailed check,105.46,6326.34,Yes
CUST-16019,Male,0,No,No,5,Yes,Fiber optic,No internet service,No internet service,Month-to-month,No,Credit card (automatic),85.01,416.86,Yes
CUST-16020,Female,0,Yes,No,10,No,No,No internet service,No,Two year,No,Mailed check,28.32,267.3,No
CUST-16021,Male,0,No,Yes,24,Yes,No,Yes,No,Two year,Yes,Electronic check,37.66,858.86,No
CUST-16022,Female,0,No,Yes,32,Yes,Fiber optic,No,Yes,One year,No,Bank transfer (automatic),82.42,2462.2,No
CUST-16023,Male,0,No,No,36,Yes,Fiber optic,Yes,No,Month-to-month,Yes,Credit card (automatic),95.58,3253.84,Yes
CUST-16024,Male,0,Yes,Yes,70,Yes,DSL,No internet service,Yes,Two year,Yes,Bank transfer (automatic),57.12,3890.0,No
CUST-16025,Male,1,Yes,No,54,No,DSL,No,Yes,Month-to-month,Yes,Bank transfer (automatic),66.6,3462.69,Yes
CUST-16026,Male,0,No,No,11,Yes,Fiber optic,No,No,One year,No,Electronic check,61.11,666.98,Yes
CUST-16027,Female,0,No,No,19,Yes,DSL,No internet service,No,Two year,Yes,Electronic check,49.0,892.38,No
CUST-16028,Male,0,No,No,13,Yes,DSL,Yes,No,Month-to-month,No,Electronic check,58.71,787.8,Yes
CUST-16029,Male,0,Yes,Yes,24,Yes,Fiber optic,Yes,No,Two year,Yes,Mailed check,83.07,2091.67,Yes
CUST-16030,Male,0,Yes,No,54,Yes,DSL,No,Yes,Month-to-month,No,Mailed check,33.82,1755.86,No
CUST-16031,Male,0,Yes,No,14,Yes,No,Yes,No internet service,One year,Yes,Bank transfer (automatic),30.3,384.75,No
CUST-16032,Male,0,Yes,No,2,Yes,No,Yes,No,Month-to-month,No,Mailed check,30.54,58.51,No
CUST-16033,Male,0,Yes,No,27,Yes,DSL,No,No,Month-to-month,No,Electronic check,47.82,1233.31,No
CUST-16034,Female,0,No,No,27,Yes,DSL,No,No internet service,Month-to-month,No,Credit card (automatic),60.4,1642.21,No
CUST-16035,Female,0,No,No,2,Yes,Fiber optic,Yes,No,Month-to-month,Yes,Electronic check,84.19,159.49,Yes
CUST-16036,Female,0,No,Yes,59,Yes,Fiber optic,No,No,Two year,No,Electronic check,89.02,4990.62,No
CUST-16037,Female,0,Yes,No,18,Yes,Fiber optic,Yes,No internet service,Month-to-month,Yes,Bank transfer (automatic),69.45,1155.91,No
CUST-16038,Male,0,No,No,72,Yes,Fiber optic,Yes,No,Month-to-month,No,Mailed check,77.33,5154.0,Yes
CUST-16039,Male,0,No,No,8,Yes,No,Yes,Yes,Two year,Yes,Electronic check,32.43,236.4,No
CUST-16040,Female,0,Yes,Yes,42,Yes,Fiber optic,No,No,Two year,No,Mailed check,76.59,3279.14,No
CUST-16041,Male,0,Yes,No,50,Yes,Fiber optic,No,No,Two year,No,Bank transfer (automatic),76.89,3864.16,Yes
CUST-16042,Female,0,Yes,No,2,Yes,DSL,No,No,Two year,No,Electronic check,64.8,120.23,No
CUST-16043,Female,0,No,No,22,Yes,DSL,No,No,One year,Yes,Bank transfer (automatic),64.66,1468.98,No
CUST-16044,Male,0,No,No,1,No,Fiber optic,No internet service,No,Two year,No,Electronic check,80.81,73.27,No
CUST-16045,Female,0,Yes,No,13,No,Fiber optic,No,No internet service,Two year,Yes,Electronic check,45.23,617.07,No
CUST-16046,Female,0,No,No,13,Yes,Fiber optic,Yes,No internet service,Two year,Yes,Credit card (automatic),77.25,1039.19,No
CUST-16047,Male,0,Yes,No,7,Yes,Fiber optic,Yes,Yes,Month-to-month,Yes,Mailed check,74.92,499.74,No
CUST-16048,Female,0,No,No,3,Yes,No,Yes,No internet service,One year,No,Credit card (automatic),18.0,53.96,No
CUST-16049,Male,0,No,No,20,Yes,Fiber optic,Yes,No,Month-to-month,Yes,Credit card (automatic),88.7,1710.88,No
CUST-16050,Male,0,No,No,7,Yes,DSL,No internet service,No,Month-to-month,Yes,Bank transfer (automatic),55.99,372.04,No
CUST-16051,Female,0,No,No,43,Yes,No,No,Yes,Month-to-month,Yes,Mailed check,18.0,771.47,No
CUST-16052,Female,0,No,No,72,Yes,DSL,No,No internet service,Month-to-month,No,Credit card (automatic),32.51,2317.93,No
CUST-16053,Female,0,Yes,No,9,Yes,DSL,No,No,Two year,No,Bank transfer (automatic),62.51,507.17,No
CUST-16054,Male,0,Yes,No,44,Yes,No,No,No,One year,Yes,Mailed check,29.28,1189.84,No
CUST-16055,Female,0,Yes,No,72,Yes,DSL,No,Yes,Two year,Yes,Credit card (automatic),47.86,3421.51,No
CUST-16056,Female,0,Yes,Yes,26,Yes,No,No,Yes,Two year,No,Mailed check,24.55,593.41,No
CUST-16057,Male,0,Yes,Yes,48,Yes,No,No,No,One year,Yes,Bank transfer (automatic),34.53,1497.55,No
CUST-16058,Female,0,Yes,No,13,Yes,DSL,No,No,Two year,No,Electronic check,57.64,727.69,No
CUST-16059,Female,0,No,No,5,Yes,Fiber optic,Yes,No,One year,Yes,Electronic check,62.39,326.6,Yes
CUST-16060,Male,0,No,Yes,36,No,No,No,No internet service,Two year,No,Mailed check,25.95,881.64,No
CUST-16061,Male,0,Yes,Yes,3,No,Fiber optic,No,Yes,Two year,Yes,Bank transfer (automatic),36.02,107.28,No
CUST-16062,Female,1,Yes,No,71,Yes,Fiber optic,No internet service,Yes,Two year,Yes,Bank transfer (automatic),87.43,5845.58,No
CUST-16063,Female,0,Yes,No,55,Yes,Fiber optic,No,Yes,Month-to-month,No,Mailed check,61.73,3456.13,Yes
CUST-16064,Female,0,No,No,43,Yes,DSL,No internet service,Yes,Month-to-month,Yes,Electronic check,64.54,2706.35,No
CUST-16065,Female,1,No,No,27,Yes,DSL,No internet service,No internet service,Month-to-month,Yes,Bank transfer (automatic),56.26,1408.92,No
CUST-16066,Male,1,Yes,Yes,4,Yes,Fiber optic,No internet service,No,Month-to-month,No,Bank transfer (automatic),61.86,258.07,Yes
CUST-16067,Male,0,No,Yes,2,No,DSL,No,No,Two year,No,Credit card (automatic),67.32,141.36,No
CUST-16068,Female,0,Yes,No,6,Yes,DSL,No,No,Month-to-month,No,Bank transfer (automatic),63.23,371.35,No
CUST-16069,Male,0,No,Yes,72,Yes,Fiber optic,No,Yes,Two year,No,Credit card (automatic),77.96,5651.18,No
CUST-16070,Female,0,Yes,Yes,3,Yes,No,No,No,Two year,Yes,Bank transfer (automatic),19.26,58.36,No
CUST-16071,Female,1,No,Yes,60,Yes,Fiber optic,No internet service,No,Two year,No,Electronic check,59.63,3636.54,No
CUST-16072,Male,0,No,No,43,Yes,DSL,No internet service,Yes,One year,No,Mailed check,80.28,3318.27,No
CUST-16073,Male,0,Yes,No,1,Yes,DSL,Yes,Yes,Month-to-month,No,Credit card (automatic),56.55,56.32,Yes
CUST-16074,Male,0,Yes,No,7,Yes,Fiber optic,No,Yes,One year,Yes,Credit card (automatic),86.26,598.03,No
CUST-16075,Male,0,Yes,Yes,48,Yes,Fiber optic,No,No,Two year,Yes,Bank transfer (automatic),56.52,2687.43,No
CUST-16076,Male,1,No,Yes,1,Yes,Fiber optic,No,No,Month-to-month,Yes,Electronic check,79.95,73.16,Yes
CUST-16077,Male,0,No,No,25,Yes,Fiber optic,No,Yes,Month-to-month,No,Electronic check,90.31,2140.42,Yes
CUST-16078,Female,0,No,No,45,Yes,DSL,Yes,No,One year,No,Bank transfer (automatic),43.67,1771.74,No
CUST-16079,Female,0,No,No,3,Yes,Fiber optic,No,No internet service,Month-to-month,Yes,Bank transfer (automatic),91.73,256.27,No
CUST-16080,Male,0,Yes,Yes,50,No,DSL,No,No,Month-to-month,Yes,Bank transfer (automatic),70.39,3260.37,Yes
CUST-16081,Female,0,Yes,Yes,72,Yes,Fiber optic,No,No internet service,Month-to-month,Yes,Mailed check,81.65,6025.86,No
CUST-16082,Male,0,Yes,No,30,Yes,Fiber optic,No,Yes,One year,Yes,Bank transfer (automatic),83.69,2587.26,No
CUST-16083,Female,0,Yes,Yes,33,Yes,Fiber optic,No,No,Month-to-month,No,Bank transfer (automatic),113.21,3602.68,Yes
CUST-16084,Male,0,No,No,52,Yes,No,No,No internet service,Month-to-month,No,Mailed check,28.0,1329.36,No
CUST-16085,Male,0,No,Yes,17,Yes,DSL,No,No,One year,No,Mailed check,38.13,679.59,No
CUST-16086,Female,0,Yes,No,20,Yes,Fiber optic,Yes,No,Month-to-month,Yes,Credit card (automatic),96.62,1945.51,No
CUST-16087,Male,0,Yes,Yes,6,Yes,Fiber optic,No,No,One year,Yes,Mailed check,94.84,575.98,No
CUST-16088,Male,0,Yes,No,0,Yes,DSL,Yes,No,Month-to-month,Yes,Electronic check,44.24,,Yes
CUST-16089,Male,0,No,No,3,Yes,Fiber optic,No internet service,Yes,Month-to-month,Yes,Electronic check,107.07,296.71,Yes
CUST-16090,Female,0,Yes,No,19,Yes,DSL,No,No,Two year,Yes,Credit card (automatic),51.15,967.01,No
CUST-16091,Male,1,No,Yes,13,Yes,Fiber optic,No,No internet service,Month-to-month,Yes,Credit card (automatic),72.98,903.86,Yes
CUST-16092,Female,0,Yes,No,3,No,DSL,No,Yes,One year,Yes,Electronic check,65.64,202.18,No
CUST-16093,Female,0,No,No,0,Yes,No,Yes,No,One year,No,Credit card (automatic),32.84,,No
CUST-16094,Female,0,Yes,No,8,Yes,No,No internet service,No internet service,Month-to-month,No,Mailed check,18.0,147.82,No
CUST-16095,Female,0,No,Yes,37,Yes,No,No,No,Two year,Yes,Credit card (automatic),18.0,654.44,No
CUST-16096,Male,0,No,Yes,22,Yes,Fiber optic,No,No,Month-to-month,No,Bank transfer (automatic),94.01,2084.18,Yes
CUST-16097,Male,0,Yes,Yes,2,Yes,DSL,No,No,Month-to-month,No,Credit card (automatic),68.98,143.86,No
CUST-16098,Male,0,No,No,2,Yes,Fiber optic,No,No,One year,Yes,Credit card (automatic),91.56,171.98,Yes
CUST-16099,Female,0,No,Yes,35,Yes,DSL,No,No internet service,One year,Yes,Electronic check,60.47,2042.74,No
CUST-16100,Male,0,No,No,72,No,Fiber optic,No,No,One year,Yes,Mailed check,82.05,6092.64,No
CUST-16101,Male,0,No,No,22,Yes,DSL,No internet service,No,Two year,No,Credit card (automatic),62.53,1392.87,No
CUST-16102,Female,0,Yes,Yes,19,No,DSL,No,Yes,Two year,No,Electronic check,53.44,1000.27,No
CUST-16103,Female,1,Yes,No,10,Yes,Fiber optic,Yes,No,Month-to-month,Yes,Bank transfer (automatic),86.83,856.35,No
CUST-16104,Female,0,No,No,13,Yes,DSL,No,No internet service,One year,Yes,Electronic check,51.78,654.5,No
CUST-16105,Male,0,No,No,15,Yes,No,No,No internet service,Two year,No,Electronic check,28.03,422.0,No
CUST-16106,Male,0,No,Yes,48,Yes,Fiber optic,No internet service,No internet service,Month-to-month,No,Credit card (automatic),109.8,4899.18,Yes
CUST-16107,Female,0,No,Yes,21,Yes,No,No,No,Two year,No,Electronic check,18.0,375.32,No
CUST-16108,Male,0,No,Yes,1,Yes,Fiber optic,No,No,One year,Yes,Bank transfer (automatic),57.7,58.82,No
CUST-16109,Male,0,No,Yes,43,Yes,No,No,No internet service,Month-to-month,Yes,Electronic check,32.64,1348.21,No
CUST-16110,Female,1,Yes,No,1,Yes,Fiber optic,No internet service,Yes,Month-to-month,No,Electronic check,86.92,89.68,Yes
CUST-16111,Female,0,Yes,No,14,Yes,No,No,Yes,One year,No,Electronic check,21.24,281.48,No
CUST-16112,Male,0,No,No,3,Yes,Fiber optic,No,No internet service,Month-to-month,Yes,Bank transfer (automatic),78.13,221.48,Yes
CUST-16113,Male,0,No,No,21,Yes,No,No internet service,No,Two year,Yes,Bank transfer (automatic),18.0,351.93,No
CUST-16114,Male,1,Yes,No,34,Yes,Fiber optic,Yes,No,Month-to-month,Yes,Electronic check,67.17,2337.29,Yes
CUST-16115,Male,0,Yes,Yes,28,Yes,No,Yes,No,Month-to-month,Yes,Mailed check,19.84,517.5,No
CUST-16116,Male,0,No,No,3,Yes,DSL,No,No,Month-to-month,No,Credit card (automatic),67.32,181.78,Yes
CUST-16117,Male,0,Yes,No,14,Yes,DSL,Yes,Yes,Two year,No,Bank transfer (automatic),49.15,703.52,No
CUST-16118,Male,0,Yes,Yes,6,Yes,Fiber optic,No,No,Month-to-month,Yes,Mailed check,88.49,506.44,No
CUST-16119,Female,0,Yes,No,8,Yes,DSL,No,Yes,One year,Yes,Bank transfer (automatic),61.12,483.69,No
CUST-16120,Female,0,Yes,No,39,Yes,DSL,No,No,Month-to-month,No,Electronic check,64.91,2584.61,No
CUST-16121,Female,0,Yes,No,72,Yes,DSL,No,No,Month-to-month,No,Electronic check,61.52,4518.23,Yes
CUST-16122,Male,0,Yes,No,61,Yes,DSL,No,No,Month-to-month,Yes,Mailed check,58.57,3533.18,No
CUST-16123,Female,0,Yes,No,28,Yes,Fiber optic,No internet service,No,Month-to-month,No,Mailed check,69.11,2016.58,No
CUST-16124,Female,0,No,No,71,Yes,DSL,Yes,No,Month-to-month,Yes,Electronic check,49.27,3392.46,No
CUST-16125,Male,0,Yes,No,20,Yes,Fiber optic,No,No,Month-to-month,Yes,Credit card (automatic),93.99,1757.07,No
CUST-16126,Female,0,No,No,12,Yes,Fiber optic,No internet service,Yes,Two year,No,Credit card (automatic),86.82,1082.09,No
CUST-16127,Male,1,No,No,36,No,Fiber optic,Yes,No,Two year,Yes,Mailed check,82.47,2673.55,No
CUST-16128,Male,0,No,No,10,Yes,Fiber optic,Yes,Yes,Two year,Yes,Mailed check,75.78,733.03,No
CUST-16129,Female,0,No,No,3,Yes,Fiber optic,No,No,One year,Yes,Electronic check,89.86,282.8,Yes
CUST-16130,Male,0,Yes,No,11,Yes,No,Yes,Yes,Month-to-month,Yes,Mailed check,34.52,367.68,No
CUST-16131,Male,1,No,No,0,Yes,Fiber optic,No internet service,Yes,Month-to-month,No,Bank transfer (automatic),85.53,,No
CUST-16132,Male,0,No,No,58,Yes,DSL,Yes,Yes,Month-to-month,Yes,Mailed check,90.97,5348.17,Yes
CUST-16133,Female,0,Yes,No,7,No,Fiber optic,No,Yes,Month-to-month,Yes,Bank transfer (automatic),89.8,657.21,No
CUST-16134,Female,0,Yes,No,9,Yes,Fiber optic,No,Yes,Month-to-month,Yes,Mailed check,74.59,622.73,Yes
CUST-16135,Female,0,Yes,Yes,43,No,No,Yes,Yes,Month-to-month,Yes,Electronic check,18.0,724.61,No
CUST-16136,Male,0,No,Yes,10,Yes,Fiber optic,No internet service,Yes,Month-to-month,Yes,Credit card (automatic),82.33,836.08,No
CUST-16137,Male,0,Yes,No,1,Yes,Fiber optic,No,No,Two year,No,Bank transfer (automatic),55.0,52.05,Yes
CUST-16138,Female,0,No,No,25,Yes,Fiber optic,No,No,One year,Yes,Bank transfer (automatic),70.4,1587.07,No
CUST-16139,Male,0,Yes,No,11,Yes,No,No internet service,Yes,One year,Yes,Credit card (automatic),22.43,223.59,No
CUST-16140,Female,0,Yes,No,25,Yes,Fiber optic,No internet service,No,Month-to-month,Yes,Mailed check,102.56,2497.07,Yes
CUST-16141,Female,0,No,Yes,30,Yes,Fiber optic,Yes,No internet service,Month-to-month,Yes,Mailed check,103.25,3037.55,Yes
CUST-16142,Male,1,No,No,0,Yes,Fiber optic,No,Yes,Month-to-month,No,Mailed check,89.68,,Yes
CUST-16143,Male,0,Yes,No,9,Yes,DSL,No internet service,No,Month-to-month,No,Mailed check,42.81,377.93,No
CUST-16144,Male,0,No,Yes,2,Yes,DSL,No internet service,No,One year,Yes,Credit card (automatic),55.0,100.91,No
CUST-16145,Male,0,Yes,Yes,72,Yes,Fiber optic,No internet service,No,Two year,No,Bank transfer (automatic),82.27,5522.66,No
CUST-16146,Female,0,No,No,8,Yes,Fiber optic,No,No,One year,Yes,Electronic check,99.63,732.89,No
CUST-16147,Male,0,Yes,No,1,Yes,Fiber optic,No,No,One year,No,Credit card (automatic),85.46,89.28,Yes
CUST-16148,Male,0,Yes,No,54,Yes,DSL,No,No,Month-to-month,Yes,Bank transfer (automatic),69.72,3501.59,Yes
CUST-16149,Female,1,Yes,Yes,1,Yes,Fiber optic,No,No,One year,Yes,Bank transfer (automatic),91.69,89.64,No
CUST-16150,Female,0,No,No,31,Yes,Fiber optic,No,No,Month-to-month,Yes,Bank transfer (automatic),89.45,2556.08,Yes
CUST-16151,Male,0,Yes,Yes,35,Yes,Fiber optic,No,No,One year,No,Electronic check,87.93,2828.88,Yes
CUST-16152,Female,0,No,Yes,6,Yes,No,No,No internet service,Two year,Yes,Mailed check,19.07,117.7,No
CUST-16153,Male,1,No,No,17,Yes,DSL,No internet service,No,Month-to-month,No,Electronic check,62.19,999.43,Yes
CUST-16154,Female,1,Yes,Yes,6,Yes,DSL,No,No,Month-to-month,No,Bank transfer (automatic),54.79,343.63,No
CUST-16155,Female,0,Yes,Yes,26,No,DSL,Yes,Yes,Month-to-month,No,Credit card (automatic),61.2,1563.9,No
CUST-16156,Female,0,Yes,No,14,Yes,DSL,No,No internet service,One year,Yes,Credit card (automatic),38.62,563.41,No
CUST-16157,Male,0,Yes,No,16,Yes,DSL,No,No,Two year,Yes,Mailed check,53.95,818.11,No
CUST-16158,Female,0,Yes,Yes,2,Yes,No,No,Yes,One year,Yes,Bank transfer (automatic),18.0,35.89,No
CUST-16159,Male,1,Yes,No,2,Yes,No,Yes,No internet service,Month-to-month,No,Mailed check,30.0,59.42,No
CUST-16160,Female,0,Yes,No,27,Yes,DSL,No internet service,Yes,One year,No,Mailed check,61.38,1574.6,No
CUST-16161,Female,0,Yes,No,6,Yes,Fiber optic,No,No,Month-to-month,No,Mailed check,80.96,506.89,No
CUST-16162,Male,0,No,No,62,Yes,DSL,Yes,Yes,Month-to-month,No,Credit card (automatic),44.25,2684.91,No
CUST-16163,Female,0,Yes,No,72,Yes,DSL,No internet service,Yes,One year,Yes,Credit card (automatic),50.49,3702.71,No
CUST-16164,Male,1,Yes,No,22,Yes,DSL,No,No,Two year,No,Bank transfer (automatic),72.08,1570.29,No
CUST-16165,Male,0,No,No,8,Yes,No,Yes,Yes,One year,Yes,Credit card (automatic),50.38,392.48,No
CUST-16166,Male,1,No,No,9,Yes,DSL,No internet service,No,Month-to-month,No,Bank transfer (automatic),65.97,544.76,Yes
CUST-16167,Female,0,No,No,22,Yes,Fiber optic,Yes,No,One year,Yes,Credit card (automatic),97.45,2027.5,No
CUST-16168,Female,0,Yes,No,14,Yes,DSL,No,No internet service,One year,No,Mailed check,57.34,804.99,No
CUST-16169,Female,1,No,No,9,Yes,Fiber optic,No internet service,No,Month-to-month,Yes,Electronic check,89.45,825.34,Yes
CUST-16170,Female,1,No,No,13,Yes,DSL,No,No internet service,Month-to-month,Yes,Electronic check,53.41,716.0,Yes
CUST-16171,Male,0,Yes,No,2,Yes,DSL,No internet service,No internet service,Month-to-month,No,Electronic check,77.57,153.66,Yes
CUST-16172,Female,0,Yes,No,2,Yes,Fiber optic,No,No,Month-to-month,Yes,Credit card (automatic),120.0,216.45,Yes
CUST-16173,Female,0,No,No,54,Yes,Fiber optic,No,No,Month-to-month,No,Credit card (automatic),68.37,3571.96,Yes
CUST-16174,Female,0,Yes,Yes,54,Yes,Fiber optic,No,No,Two year,Yes,Bank transfer (automatic),83.33,4690.66,No
CUST-16175,Male,0,No,Yes,34,No,DSL,Yes,No,Month-to-month,Yes,Electronic check,69.99,2281.75,Yes
CUST-16176,Female,0,Yes,No,26,Yes,Fiber optic,No,No,Two year,Yes,Electronic check,87.7,2182.6,Yes
CUST-16177,Female,0,Yes,No,2,Yes,DSL,No,No,Month-to-month,No,Credit card (automatic),40.97,81.65,No
CUST-16178,Female,1,No,No,2,Yes,No,Yes,Yes,Month-to-month,No,Electronic check,29.14,56.62,Yes
CUST-16179,Male,0,Yes,No,28,Yes,Fiber optic,Yes,No internet service,Two year,Yes,Mailed check,98.27,2705.81,No
CUST-16180,Male,0,No,No,27,Yes,Fiber optic,No internet service,No,Month-to-month,Yes,Electronic check,80.18,2033.86,Yes
CUST-16181,Male,0,No,No,18,Yes,No,No internet service,No,Month-to-month,No,Bank transfer (automatic),23.72,423.29,No
CUST-16182,Male,0,No,No,6,Yes,DSL,No,Yes,Two year,Yes,Credit card (automatic),65.94,365.03,No
CUST-16183,Male,0,Yes,No,0,No,Fiber optic,Yes,No internet service,Two year,No,Mailed check,76.64,,No
CUST-16184,Male,1,Yes,No,40,Yes,Fiber optic,No internet service,No,Two year,Yes,Electronic check,72.21,2909.51,No
CUST-16185,Male,1,Yes,Yes,13,Yes,No,No,No internet service,Month-to-month,Yes,Mailed check,18.34,222.42,No
CUST-16186,Female,1,No,No,20,Yes,DSL,Yes,Yes,Month-to-month,Yes,Electronic check,73.67,1384.71,Yes
CUST-16187,Female,0,No,Yes,72,Yes,DSL,Yes,No,Month-to-month,No,Mailed check,63.76,4493.17,No
CUST-16188,Female,0,No,No,72,Yes,Fiber optic,Yes,No,Month-to-month,No,Mailed check,83.29,5461.07,Yes
CUST-16189,Male,0,Yes,No,72,Yes,No,No internet service,No,Two year,Yes,Electronic check,35.78,2673.74,No
CUST-16190,Male,0,No,Yes,61,Yes,Fiber optic,No internet service,Yes,Two year,Yes,Electronic check,85.36,5370.38,No
CUST-16191,Male,0,No,No,1,Yes,No,Yes,Yes,Month-to-month,Yes,Bank transfer (automatic),33.14,31.28,No
CUST-16192,Male,0,No,No,1,No,DSL,No,No internet service,Month-to-month,Yes,Electronic check,49.26,44.76,No
CUST-16193,Female,0,No,No,0,No,DSL,No,Yes,Month-to-month,Yes,Mailed check,67.78,,Yes
CUST-16194,Male,0,No,No,1,Yes,DSL,No,Yes,Month-to-month,No,Electronic check,54.19,55.11,No
CUST-16195,Female,0,No,No,9,Yes,DSL,No,No,Two year,Yes,Mailed check,54.21,511.96,No
CUST-16196,Female,0,No,No,20,Yes,Fiber optic,No,No,One year,Yes,Electronic check,87.37,1660.71,No
CUST-16197,Male,0,No,Yes,14,Yes,No,No,Yes,Month-to-month,Yes,Electronic check,26.27,361.21,No
CUST-16198,Male,0,Yes,Yes,25,Yes,Fiber optic,Yes,No internet service,Month-to-month,Yes,Bank transfer (automatic),74.9,1791.57,Yes
CUST-16199,Male,0,Yes,No,42,Yes,DSL,Yes,No,Two year,No,Bank transfer (automatic),67.93,2745.96,No
CUST-16200,Male,0,No,No,7,Yes,Fiber optic,No,No,Month-to-month,No,Electronic check,111.92,736.08,Yes
CUST-16201,Male,0,Yes,No,13,No,Fiber optic,No,Yes,One year,Yes,Electronic check,108.5,1334.92,No
CUST-16202,Male,0,Yes,No,0,Yes,No,No,No internet service,Two year,No,Mailed check,18.0,,No
CUST-16203,Female,0,No,No,63,Yes,Fiber optic,No,No internet service,Month-to-month,Yes,Electronic check,61.3,3944.44,No
CUST-16204,Male,0,No,Yes,8,Yes,DSL,Yes,No,Month-to-month,Yes,Electronic check,56.91,477.32,Yes
CUST-16205,Female,0,No,No,72,Yes,DSL,No,No,Month-to-month,Yes,Credit card (automatic),61.86,4424.56,No
CUST-16206,Male,0,Yes,Yes,32,Yes,DSL,Yes,No,One year,No,Bank transfer (automatic),72.49,2319.79,No
CUST-16207,Male,1,No,Yes,23,Yes,Fiber optic,No,No,One year,No,Bank transfer (automatic),91.31,2151.52,No
CUST-16208,Female,1,Yes,No,5,Yes,Fiber optic,Yes,Yes,One year,No,Electronic check,88.06,456.72,No
CUST-16209,Female,0,No,No,9,Yes,DSL,No internet service,No internet service,Two year,Yes,Bank transfer (automatic),48.42,442.14,No
CUST-16210,Male,0,No,No,27,Yes,Fiber optic,Yes,No internet service,Month-to-month,No,Electronic check,108.38,2720.59,No
CUST-16211,Female,0,No,Yes,0,Yes,Fiber optic,No,Yes,Month-to-month,Yes,Electronic check,65.38,,No
CUST-16212,Male,0,Yes,No,47,Yes,DSL,No,Yes,One year,Yes,Mailed check,38.67,1791.86,No
CUST-16213,Male,1,No,No,35,Yes,Fiber optic,Yes,Yes,Month-to-month,Yes,Electronic check,84.34,2737.32,Yes
CUST-16214,Female,0,No,Yes,72,Yes,DSL,No internet service,Yes,Two year,Yes,Credit card (automatic),33.81,2310.71,No
CUST-16215,Female,0,Yes,Yes,6,Yes,DSL,No internet service,Yes,Month-to-month,No,Mailed check,57.65,320.82,No
CUST-16216,Male,0,No,Yes,6,Yes,DSL,No,No internet service,One year,Yes,Electronic check,58.21,348.91,No
CUST-16217,Male,0,No,No,12,Yes,No,Yes,No,Two year,Yes,Electronic check,23.5,277.28,No
CUST-16218,Female,0,No,No,26,Yes,No,Yes,No,Two year,Yes,Electronic check,24.11,598.8,No
CUST-16219,Male,1,Yes,No,22,Yes,Fiber optic,No,No,Month-to-month,No,Mailed check,87.22,1967.68,No
CUST-16220,Female,0,Yes,Yes,43,Yes,No,Yes,No,Month-to-month,Yes,Mailed check,24.27,1069.3,Yes
CUST-16221,Female,0,No,No,43,Yes,Fiber optic,Yes,Yes,Two year,Yes,Mailed check,82.96,3677.45,No
CUST-16222,Female,1,Yes,No,8,No,DSL,Yes,No,One year,Yes,Electronic check,33.97,258.98,No
CUST-16223,Male,0,No,Yes,30,Yes,Fiber optic,No,Yes,Month-to-month,Yes,Mailed check,100.63,3036.15,No
CUST-16224,Female,0,No,No,22,Yes,Fiber optic,No,No,Month-to-month,No,Mailed check,109.93,2532.39,Yes
CUST-16225,Male,0,Yes,No,50,Yes,No,Yes,Yes,Month-to-month,No,Credit card (automatic),23.54,1080.16,No
CUST-16226,Female,0,Yes,Yes,6,No,Fiber optic,No internet service,No,Month-to-month,No,Electronic check,94.81,546.65,Yes
CUST-16227,Female,0,No,No,0,Yes,Fiber optic,Yes,No,Month-to-month,Yes,Bank transfer (automatic),78.12,,Yes
CUST-16228,Female,1,No,No,71,Yes,DSL,No,Yes,One year,Yes,Credit card (automatic),58.1,3842.91,No
CUST-16229,Male,0,Yes,No,51,Yes,Fiber optic,Yes,Yes,Month-to-month,No,Electronic check,102.25,4952.52,Yes
CUST-16230,Female,0,No,Yes,15,Yes,Fiber optic,No,No internet service,Month-to-month,Yes,Bank transfer (automatic),59.67,934.25,No
CUST-16231,Female,1,No,No,45,Yes,DSL,No internet service,Yes,Two year,Yes,Credit card (automatic),69.27,2909.74,No
CUST-16232,Male,0,No,Yes,8,Yes,DSL,Yes,No,Month-to-month,Yes,Mailed check,35.84,273.45,No
CUST-16233,Male,0,No,No,2,No,Fiber optic,Yes,Yes,Month-to-month,Yes,Electronic check,80.11,153.55,Yes
CUST-16234,Female,0,No,Yes,24,Yes,No,Yes,No,Month-to-month,Yes,Mailed check,18.0,449.86,No
CUST-16235,Female,0,No,Yes,24,Yes,Fiber optic,Yes,No internet service,Month-to-month,Yes,Electronic check,83.43,2032.95,No
CUST-16236,Male,0,No,No,2,Yes,DSL,Yes,No,Month-to-month,Yes,Mailed check,61.79,124.13,No
CUST-16237,Female,0,No,No,15,Yes,DSL,No,No,Month-to-month,No,Mailed check,62.59,941.03,Yes
CUST-16238,Female,0,Yes,No,72,Yes,No,No,Yes,Two year,Yes,Electronic check,18.1,1259.27,No
CUST-16239,Female,0,Yes,No,39,Yes,Fiber optic,No internet service,Yes,Month-to-month,Yes,Credit card (automatic),120.0,4500.83,Yes
CUST-16240,Male,0,No,No,0,Yes,Fiber optic,No,Yes,Two year,No,Electronic check,88.02,,No
CUST-16241,Male,0,Yes,Yes,5,Yes,DSL,No,Yes,Month-to-month,Yes,Bank transfer (automatic),40.53,182.83,No
CUST-16242,Female,0,No,No,16,Yes,No,No,No,Two year,Yes,Bank transfer (automatic),29.47,487.78,No
CUST-16243,Female,0,No,No,22,Yes,DSL,No internet service,No,Two year,No,Electronic check,63.23,1389.15,No
CUST-16244,Male,0,Yes,Yes,8,Yes,Fiber optic,Yes,No,Two year,No,Bank transfer (automatic),71.92,548.48,No
CUST-16245,Female,1,No,No,12,Yes,DSL,Yes,No,Two year,Yes,Electronic check,51.84,591.61,No
CUST-16246,Male,0,No,No,3,Yes,DSL,No,No,Two year,Yes,Electronic check,60.42,163.62,No
CUST-16247,Female,1,Yes,No,3,Yes,DSL,No,No internet service,Month-to-month,No,Electronic check,64.27,192.34,Yes
CUST-16248,Male,0,No,Yes,28,Yes,DSL,No,Yes,Month-to-month,No,Mailed check,49.66,1345.18,No
CUST-16249,Male,0,Yes,No,22,Yes,Fiber optic,No internet service,No internet service,Month-to-month,Yes,Mailed check,62.72,1434.85,No
CUST-16250,Female,0,No,No,15,Yes,DSL,No,No internet service,One year,No,Electronic check,56.63,778.9,No
CUST-16251,Female,0,No,No,4,Yes,No,Yes,No,One year,No,Bank transfer (automatic),24.12,99.14,No
CUST-16252,Male,1,Yes,No,37,Yes,Fiber optic,No,Yes,Two year,Yes,Electronic check,102.08,3942.48,No
CUST-16253,Female,0,No,No,72,Yes,DSL,No,No,Two year,Yes,Mailed check,66.68,4549.38,No
CUST-16254,Female,0,Yes,No,38,Yes,Fiber optic,No,Yes,Month-to-month,No,Bank transfer (automatic),57.4,2263.05,No
CUST-16255,Female,0,Yes,Yes,29,Yes,DSL,No,No,Month-to-month,Yes,Electronic check,56.05,1656.5,Yes
CUST-16256,Male,0,No,No,20,Yes,DSL,No,No internet service,Two year,Yes,Credit card (automatic),39.2,803.29,No
CUST-16257,Female,0,No,No,63,Yes,Fiber optic,No,No internet service,Month-to-month,No,Mailed check,92.89,5534.01,No
CUST-16258,Male,0,Yes,No,7,Yes,No,No internet service,No,Month-to-month,No,Bank transfer (automatic),29.21,186.06,Yes
CUST-16259,Female,1,Yes,No,8,Yes,Fiber optic,No,No,Month-to-month,Yes,Mailed check,88.19,669.8,Yes
CUST-16260,Female,0,Yes,No,14,Yes,DSL,No,No internet service,Two year,Yes,Mailed check,66.22,923.42,No
CUST-16261,Male,0,Yes,No,25,Yes,Fiber optic,Yes,No,Month-to-month,No,Credit card (automatic),84.85,2013.16,Yes
CUST-16262,Male,0,No,Yes,31,Yes,No,Yes,No,Month-to-month,Yes,Credit card (automatic),21.63,666.9,No
CUST-16263,Male,0,No,No,13,Yes,DSL,No,Yes,Month-to-month,Yes,Mailed check,57.01,689.82,Yes
CUST-16264,Female,0,No,Yes,50,Yes,Fiber optic,No,Yes,Month-to-month,Yes,Bank transfer (automatic),71.22,3379.53,No
CUST-16265,Female,0,No,No,5,No,Fiber optic,Yes,No,Month-to-month,No,Mailed check,93.43,443.17,Yes
CUST-16266,Female,0,No,No,16,Yes,DSL,No,No,Two year,Yes,Bank transfer (automatic),43.0,708.2,No
CUST-16267,Female,0,No,No,1,Yes,DSL,No internet service,No internet service,Month-to-month,No,Electronic check,57.77,57.03,No
CUST-16268,Male,0,No,Yes,3,No,Fiber optic,No,No internet service,Two year,No,Bank transfer (automatic),81.44,220.24,No
CUST-16269,Male,0,Yes,No,23,No,DSL,Yes,No,Two year,Yes,Electronic check,85.07,1804.26,No
CUST-16270,Male,0,Yes,Yes,14,Yes,DSL,No,Yes,Two year,Yes,Credit card (automatic),50.71,652.69,No
CUST-16271,Male,1,Yes,No,1,Yes,No,No internet service,No,One year,Yes,Electronic check,34.96,32.94,No
CUST-16272,Male,0,Yes,No,8,Yes,Fiber optic,Yes,Yes,Month-to-month,Yes,Electronic check,77.83,571.97,No
CUST-16273,Male,1,Yes,No,14,Yes,No,Yes,No,Month-to-month,No,Electronic check,19.03,258.01,No
CUST-16274,Male,0,No,Yes,20,No,No,No,No internet service,Two year,No,Credit card (automatic),32.08,664.22,No
CUST-16275,Male,0,Yes,Yes,0,No,Fiber optic,No internet service,No internet service,One year,No,Credit card (automatic),75.85,,No
CUST-16276,Male,0,Yes,Yes,23,Yes,Fiber optic,No internet service,No,Two year,Yes,Bank transfer (automatic),89.99,1938.33,Yes
CUST-16277,Male,0,Yes,No,34,No,Fiber optic,No,No internet service,Two year,Yes,Bank transfer (automatic),98.62,3291.23,No
CUST-16278,Female,0,Yes,No,7,Yes,Fiber optic,No,No,Month-to-month,No,Bank transfer (automatic),94.1,665.43,No
CUST-16279,Male,0,Yes,No,40,No,No,Yes,No,Month-to-month,Yes,Credit card (automatic),31.0,1249.41,No
CUST-16280,Male,0,No,No,46,No,No,Yes,No,One year,Yes,Mailed check,35.73,1703.75,Yes
CUST-16281,Male,0,No,No,43,Yes,Fiber optic,No,No,Month-to-month,No,Electronic check,101.81,4340.52,Yes
CUST-16282,Female,0,Yes,Yes,10,Yes,Fiber optic,Yes,Yes,Month-to-month,Yes,Bank transfer (automatic),83.25,866.97,No
CUST-16283,Male,0,No,No,46,Yes,Fiber optic,Yes,No,Month-to-month,No,Bank transfer (automatic),69.8,3307.03,Yes
CUST-16284,Female,1,No,No,41,Yes,No,No,No,One year,No,Mailed check,29.97,1137.88,No
CUST-16285,Male,1,Yes,Yes,31,No,DSL,Yes,No,One year,Yes,Credit card (automatic),48.01,1355.38,No
CUST-16286,Female,1,No,No,15,Yes,DSL,No,Yes,Month-to-month,No,Bank transfer (automatic),54.77,783.68,No
CUST-16287,Male,0,No,No,21,Yes,Fiber optic,Yes,No,Two year,Yes,Electronic check,81.17,1767.96,No
CUST-16288,Male,0,No,Yes,22,Yes,No,No,No,Month-to-month,Yes,Bank transfer (automatic),18.0,378.8,No
CUST-16289,Female,0,No,No,15,Yes,No,Yes,No,One year,No,Bank transfer (automatic),27.11,421.04,No
CUST-16290,Male,0,No,Yes,6,Yes,Fiber optic,Yes,Yes,Month-to-month,Yes,Mailed check,107.49,581.38,No
CUST-16291,Male,0,No,No,5,Yes,No,No internet service,No,One year,Yes,Bank transfer (automatic),18.0,89.97,No
CUST-16292,Male,0,No,No,53,Yes,DSL,Yes,Yes,Two year,No,Mailed check,61.68,3339.96,No
CUST-16293,Female,0,Yes,No,58,Yes,Fiber optic,No,No internet service,Month-to-month,Yes,Bank transfer (automatic),88.34,5330.53,No
CUST-16294,Female,0,No,No,32,Yes,Fiber optic,No,No,Month-to-month,Yes,Credit card (automatic),89.43,2914.1,Yes
CUST-16295,Female,0,No,No,72,No,No,Yes,No,Month-to-month,Yes,Credit card (automatic),20.75,1455.29,Yes
CUST-16296,Female,0,Yes,No,7,Yes,No,No,No,Month-to-month,Yes,Electronic check,19.67,130.35,Yes
CUST-16297,Female,0,No,Yes,0,Yes,Fiber optic,Yes,No,Month-to-month,No,Electronic check,72.77,,Yes
CUST-16298,Male,0,Yes,No,28,Yes,Fiber optic,No,No,Two year,No,Electronic check,82.58,2145.26,No
CUST-16299,Male,0,No,No,19,Yes,DSL,No,No,Month-to-month,Yes,Credit card (automatic),60.79,1092.22,No
CUST-16300,Male,0,No,No,25,Yes,Fiber optic,No,Yes,Month-to-month,Yes,Bank transfer (automatic),103.58,2411.17,Yes
CUST-16301,Male,1,Yes,No,8,Yes,Fiber optic,No,Yes,Month-to-month,Yes,Mailed check,74.05,544.31,No
CUST-16302,Male,1,Yes,Yes,8,Yes,No,Yes,No,Month-to-month,Yes,Electronic check,29.83,218.89,No
CUST-16303,Female,0,Yes,No,15,Yes,Fiber optic,No,No,One year,Yes,Mailed check,90.2,1344.96,Yes
CUST-16304,Female,0,Yes,No,20,No,No,No,No,Month-to-month,Yes,Credit card (automatic),18.61,335.07,No
CUST-16305,Male,0,No,No,36,Yes,Fiber optic,No,No internet service,Month-to-month,Yes,Bank transfer (automatic),66.99,2175.34,No
CUST-16306,Male,0,Yes,No,47,Yes,DSL,Yes,No,Month-to-month,Yes,Electronic check,63.67,2854.9,No
CUST-16307,Male,1,No,Yes,33,Yes,Fiber optic,No,Yes,Two year,No,Credit card (automatic),100.9,3323.43,No
CUST-16308,Male,0,Yes,Yes,7,Yes,Fiber optic,No internet service,No internet service,Month-to-month,Yes,Mailed check,66.93,472.96,Yes
CUST-16309,Female,0,No,No,42,Yes,No,No internet service,Yes,Month-to-month,Yes,Electronic check,31.47,1192.6,No
CUST-16310,Male,0,No,Yes,12,Yes,DSL,No,Yes,One year,Yes,Mailed check,56.34,615.77,No
CUST-16311,Female,0,Yes,No,13,No,DSL,No,No internet service,Month-to-month,Yes,Credit card (automatic),21.56,272.39,No
CUST-16312,Male,0,Yes,No,12,Yes,Fiber optic,Yes,No internet service,Month-to-month,Yes,Mailed check,63.07,724.62,No
CUST-16313,Female,0,Yes,No,17,No,Fiber optic,Yes,No,Month-to-month,No,Mailed check,114.56,1963.73,Yes
CUST-16314,Male,0,Yes,Yes,3,Yes,Fiber optic,Yes,No internet service,Month-to-month,No,Mailed check,95.42,280.78,No
CUST-16315,Male,1,No,No,3,Yes,DSL,No internet service,No,Month-to-month,Yes,Bank transfer (automatic),47.33,136.53,Yes
CUST-16316,Female,0,No,No,19,Yes,Fiber optic,No,No,One year,No,Electronic check,75.91,1482.68,No
CUST-16317,Female,1,No,No,5,Yes,Fiber optic,No internet service,No internet service,Two year,No,Mailed check,73.78,377.69,No
CUST-16318,Female,0,No,No,18,Yes,Fiber optic,Yes,No,One year,Yes,Electronic check,81.61,1441.17,No
CUST-16319,Male,1,Yes,Yes,44,Yes,No,No internet service,No internet service,Month-to-month,Yes,Credit card (automatic),23.32,1068.94,No
CUST-16320,Male,1,No,Yes,32,Yes,Fiber optic,Yes,Yes,Month-to-month,No,Credit card (automatic),73.32,2150.53,No
CUST-16321,Male,0,Yes,No,2,Yes,DSL,No internet service,No,One year,Yes,Credit card (automatic),63.06,117.76,No
CUST-16322,Male,0,Yes,Yes,16,Yes,DSL,No internet service,No,One year,Yes,Electronic check,68.63,1010.29,No
CUST-16323,Female,0,Yes,Yes,11,Yes,DSL,Yes,No internet service,Two year,No,Electronic check,64.06,663.09,No
CUST-16324,Female,0,No,No,26,Yes,DSL,No,No,Month-to-month,Yes,Credit card (automatic),63.73,1707.47,No
CUST-16325,Male,0,Yes,No,10,No,No,No,Yes,Month-to-month,No,Electronic check,24.63,230.37,No
CUST-16326,Female,0,Yes,No,72,Yes,DSL,No,No,One year,Yes,Mailed check,57.36,4262.65,No
CUST-16327,Female,0,Yes,No,23,Yes,Fiber optic,Yes,Yes,One year,Yes,Credit card (automatic),109.71,2430.13,No
CUST-16328,Male,0,No,Yes,6,Yes,DSL,No,Yes,Month-to-month,Yes,Electronic check,62.01,360.98,Yes
CUST-16329,Female,0,Yes,No,13,Yes,Fiber optic,No,Yes,Month-to-month,No,Bank transfer (automatic),89.36,1091.01,No
CUST-16330,Female,0,No,No,4,Yes,DSL,Yes,No,Month-to-month,No,Bank transfer (automatic),70.27,270.68,No
CUST-16331,Male,0,No,No,30,Yes,Fiber optic,No internet service,No,Month-to-month,No,Bank transfer (automatic),94.44,2685.43,Yes
CUST-16332,Female,0,Yes,No,33,Yes,DSL,No,No,Month-to-month,No,Electronic check,59.05,1968.29,Yes
CUST-16333,Male,1,Yes,Yes,11,Yes,Fiber optic,No internet service,No internet service,Two year,No,Credit card (automatic),75.04,746.75,No
CUST-16334,Male,0,No,No,72,Yes,DSL,No internet service,No internet service,One year,No,Bank transfer (automatic),63.51,4198.08,No
CUST-16335,Male,0,No,No,9,Yes,DSL,Yes,No,One year,No,Bank transfer (automatic),58.31,496.89,No
CUST-16336,Male,0,No,No,1,No,DSL,No,No,Month-to-month,No,Bank transfer (automatic),70.2,69.3,No
CUST-16337,Male,1,No,No,1,Yes,Fiber optic,Yes,No,Two year,Yes,Electronic check,92.13,87.29,No
CUST-16338,Female,0,No,No,2,Yes,DSL,No,Yes,Month-to-month,No,Mailed check,73.46,134.96,No
CUST-16339,Male,1,Yes,No,2,Yes,Fiber optic,Yes,No internet service,Month-to-month,No,Mailed check,106.91,198.21,No
CUST-16340,Male,0,No,Yes,6,Yes,No,Yes,No internet service,Two year,Yes,Credit card (automatic),35.69,195.02,No
CUST-16341,Male,0,Yes,Yes,5,Yes,Fiber optic,No,No,Month-to-month,No,Bank transfer (automatic),98.16,492.59,Yes
CUST-16342,Male,0,No,No,38,Yes,Fiber optic,No internet service,No internet service,One year,Yes,Mailed check,77.93,3070.54,No
CUST-16343,Male,0,Yes,Yes,30,Yes,Fiber optic,No,No,One year,No,Mailed check,107.25,3055.87,No
CUST-16344,Female,1,Yes,Yes,35,Yes,Fiber optic,Yes,No internet service,Month-to-month,Yes,Mailed check,99.23,3311.93,No
CUST-16345,Male,0,No,No,9,Yes,Fiber optic,No internet service,Yes,Two year,Yes,Electronic check,73.49,616.6,No
CUST-16346,Female,0,No,No,33,No,No,No,No,Month-to-month,Yes,Mailed check,19.67,679.24,No
CUST-16347,Male,0,Yes,Yes,26,Yes,DSL,No internet service,Yes,Two year,Yes,Electronic check,62.55,1486.76,No
CUST-16348,Female,0,No,Yes,28,Yes,DSL,Yes,No,One year,No,Mailed check,70.41,1844.04,No
CUST-16349,Male,0,No,No,34,Yes,Fiber optic,No,Yes,Month-to-month,Yes,Electronic check,100.46,3118.29,No
CUST-16350,Female,0,No,Yes,24,Yes,Fiber optic,No,No,Month-to-month,No,Credit card (automatic),100.36,2362.76,Yes
CUST-16351,Female,1,No,No,3,Yes,DSL,No,Yes,One year,No,Credit card (automatic),69.51,201.96,No
CUST-16352,Male,0,No,Yes,11,Yes,Fiber optic,No,No,Month-to-month,Yes,Mailed check,66.2,745.53,Yes
CUST-16353,Male,0,No,Yes,19,Yes,Fiber optic,No,Yes,One year,No,Credit card (automatic),95.69,1781.92,No
CUST-16354,Male,0,Yes,No,2,Yes,DSL,No internet service,No,Month-to-month,No,Electronic check,81.37,169.06,No
CUST-16355,Male,0,Yes,Yes,22,No,DSL,No,No,Two year,No,Bank transfer (automatic),56.84,1201.98,No
CUST-16356,Female,0,Yes,No,0,Yes,Fiber optic,Yes,No,Month-to-month,Yes,Credit card (automatic),101.05,,Yes
CUST-16357,Female,0,Yes,No,32,Yes,No,Yes,No,Month-to-month,Yes,Electronic check,31.23,960.73,No
CUST-16358,Female,1,No,Yes,18,Yes,Fiber optic,No internet service,No,One year,No,Mailed check,74.29,1242.5,No
CUST-16359,Male,0,No,Yes,9,Yes,Fiber optic,No,Yes,One year,No,Bank transfer (automatic),89.29,756.47,No
CUST-16360,Female,0,Yes,No,13,Yes,Fiber optic,No,Yes,Two year,Yes,Credit card (automatic),105.44,1402.76,No
CUST-16361,Female,0,Yes,No,24,Yes,Fiber optic,No,Yes,Month-to-month,Yes,Bank transfer (automatic),81.87,1832.94,No
CUST-16362,Female,0,No,No,3,Yes,Fiber optic,Yes,Yes,Two year,Yes,Bank transfer (automatic),100.21,282.24,No
CUST-16363,Male,0,No,Yes,17,Yes,Fiber optic,Yes,Yes,Month-to-month,Yes,Mailed check,105.23,1715.48,No
CUST-16364,Female,0,No,No,3,Yes,DSL,Yes,Yes,Month-to-month,No,Electronic check,75.47,235.55,Yes
CUST-16365,Female,0,Yes,No,35,Yes,Fiber optic,No,Yes,Month-to-month,Yes,Credit card (automatic),93.54,3374.41,Yes
CUST-16366,Female,0,Yes,No,9,No,DSL,No internet service,Yes,One year,Yes,Bank transfer (automatic),55.68,469.06,No
CUST-16367,Male,0,Yes,Yes,36,Yes,DSL,No,No internet service,Month-to-month,Yes,Electronic check,75.7,2857.1,Yes
CUST-16368,Female,0,Yes,No,72,Yes,No,No,No internet service,Two year,Yes,Mailed check,20.56,1487.28,No
CUST-16369,Male,0,No,No,7,Yes,No,No,Yes,Two year,Yes,Electronic check,35.89,242.45,No
CUST-16370,Male,0,Yes,Yes,53,Yes,No,Yes,No,One year,No,Credit card (automatic),26.72,1420.47,No
CUST-16371,Female,0,No,Yes,71,Yes,DSL,No,No,Two year,Yes,Credit card (automatic),56.06,3625.59,No
CUST-16372,Female,0,No,Yes,72,Yes,Fiber optic,No internet service,Yes,One year,Yes,Electronic check,83.77,6127.38,No
CUST-16373,Female,0,Yes,No,20,Yes,Fiber optic,No internet service,No,One year,Yes,Electronic check,99.09,1981.25,Yes
CUST-16374,Female,0,No,Yes,32,Yes,No,No,No,Month-to-month,Yes,Credit card (automatic),18.0,576.95,No
CUST-16375,Female,0,No,No,12,No,No,Yes,No,Month-to-month,Yes,Electronic check,34.99,382.75,No
CUST-16376,Male,0,Yes,No,21,Yes,Fiber optic,No internet service,No,One year,No,Bank transfer (automatic),94.55,1828.89,No
CUST-16377,Female,0,No,No,4,Yes,No,No,No internet service,Two year,No,Electronic check,31.4,131.73,No
CUST-16378,Female,0,No,No,24,No,DSL,No,Yes,Month-to-month,Yes,Credit card (automatic),39.04,878.1,No
CUST-16379,Female,0,No,Yes,0,Yes,No,No,No,Month-to-month,Yes,Mailed check,27.24,,No
CUST-16380,Male,0,No,No,14,Yes,Fiber optic,No,No,One year,No,Mailed check,109.82,1518.4,No
CUST-16381,Male,0,No,No,31,Yes,Fiber optic,No,No,Month-to-month,No,Bank transfer (automatic),88.37,2501.16,Yes
CUST-16382,Female,0,Yes,No,1,Yes,DSL,No,Yes,One year,No,Electronic check,52.47,49.53,No
CUST-16383,Female,0,Yes,No,19,Yes,DSL,No,No,Month-to-month,Yes,Electronic check,49.54,985.1,Yes
CUST-16384,Male,0,No,No,14,No,Fiber optic,No,Yes,Two year,Yes,Electronic check,101.58,1455.67,No
CUST-16385,Female,0,Yes,No,6,Yes,No,Yes,Yes,One year,Yes,Electronic check,33.04,178.62,No
CUST-16386,Male,0,Yes,No,5,Yes,Fiber optic,No internet service,No,One year,No,Mailed check,40.51,186.81,Yes
CUST-16387,Female,0,Yes,No,72,Yes,DSL,No,Yes,One year,Yes,Credit card (automatic),65.81,4754.7,No
CUST-16388,Male,0,No,Yes,4,Yes,Fiber optic,Yes,Yes,One year,Yes,Bank transfer (automatic),83.17,344.91,No
CUST-16389,Female,0,Yes,No,19,Yes,Fiber optic,Yes,Yes,Month-to-month,No,Credit card (automatic),100.66,1871.41,No
CUST-16390,Female,0,No,No,11,Yes,DSL,No,Yes,Month-to-month,No,Electronic check,57.87,655.37,No
CUST-16391,Female,1,No,No,1,Yes,No,No,No internet service,Month-to-month,No,Credit card (automatic),33.81,33.51,No
CUST-16392,Male,0,No,No,6,Yes,Fiber optic,Yes,No,Two year,No,Mailed check,75.3,416.95,No
CUST-16393,Male,0,No,No,14,Yes,Fiber optic,No internet service,No,Month-to-month,No,Electronic check,71.88,1003.82,No
CUST-16394,Male,0,No,No,15,Yes,Fiber optic,No,Yes,Two year,Yes,Credit card (automatic),88.09,1231.41,No
CUST-16395,Male,0,No,No,8,Yes,Fiber optic,No internet service,No,Two year,Yes,Credit card (automatic),84.25,627.51,No
CUST-16396,Female,0,No,No,39,Yes,No,No internet service,Yes,One year,Yes,Credit card (automatic),20.66,811.35,No
CUST-16397,Female,1,Yes,Yes,7,Yes,DSL,Yes,Yes,Two year,Yes,Credit card (automatic),57.1,396.17,No
CUST-16398,Male,0,Yes,No,16,Yes,No,Yes,No,Month-to-month,No,Electronic check,28.0,403.48,No
CUST-16399,Male,1,Yes,Yes,14,Yes,DSL,No,No,Two year,No,Credit card (automatic),62.97,851.42,No
CUST-16400,Female,1,Yes,No,15,Yes,DSL,No,No,Month-to-month,No,Bank transfer (automatic),73.34,1089.29,Yes
CUST-16401,Female,0,No,No,23,Yes,DSL,No,Yes,Month-to-month,Yes,Credit card (automatic),68.05,1475.44,No
CUST-16402,Male,0,Yes,No,34,Yes,Fiber optic,Yes,Yes,Month-to-month,No,Electronic check,71.13,2397.03,No
CUST-16403,Male,0,No,No,16,Yes,DSL,No,Yes,One year,Yes,Mailed check,53.96,876.97,No
CUST-16404,Female,0,No,Yes,1,Yes,No,Yes,Yes,Month-to-month,No,Electronic check,24.44,23.11,Yes
CUST-16405,Male,0,No,No,3,Yes,No,No,No internet service,Two year,Yes,Electronic check,19.91,57.29,No
CUST-16406,Female,0,Yes,No,1,Yes,No,No,No internet service,Month-to-month,Yes,Credit card (automatic),18.0,18.28,No
CUST-16407,Male,1,Yes,No,72,Yes,DSL,No,Yes,Month-to-month,No,Credit card (automatic),39.79,2872.0,No
CUST-16408,Male,0,Yes,Yes,18,Yes,No,No internet service,Yes,One year,Yes,Credit card (automatic),28.36,462.15,Yes
CUST-16409,Female,0,No,No,5,Yes,No,Yes,No internet service,Month-to-month,Yes,Bank transfer (automatic),24.28,115.4,No
CUST-16410,Male,0,Yes,Yes,2,Yes,No,No,No internet service,Month-to-month,No,Credit card (automatic),27.62,55.87,No
CUST-16411,Male,0,Yes,No,2,No,No,No,No internet service,Month-to-month,Yes,Electronic check,23.48,47.53,No
CUST-16412,Male,1,Yes,No,56,Yes,DSL,Yes,No,Month-to-month,Yes,Electronic check,70.29,3666.49,No
CUST-16413,Male,0,Yes,No,24,Yes,DSL,No,No,One year,No,Bank transfer (automatic),60.64,1506.31,No
CUST-16414,Male,0,No,No,72,Yes,No,Yes,No,Month-to-month,Yes,Credit card (automatic),18.0,1212.63,Yes
CUST-16415,Female,0,No,No,27,Yes,Fiber optic,No internet service,Yes,Month-to-month,Yes,Credit card (automatic),82.33,2322.2,Yes
CUST-16416,Female,0,Yes,No,26,Yes,No,Yes,No internet service,One year,Yes,Credit card (automatic),29.85,809.77,No
CUST-16417,Female,0,No,No,43,Yes,Fiber optic,Yes,No,Month-to-month,Yes,Credit card (automatic),76.17,2987.8,No
CUST-16418,Male,0,Yes,No,7,Yes,Fiber optic,Yes,No,Month-to-month,Yes,Credit card (automatic),84.48,547.91,Yes
CUST-16419,Female,0,Yes,No,17,Yes,Fiber optic,No,Yes,Month-to-month,No,Credit card (automatic),52.19,924.49,No
CUST-16420,Female,0,Yes,Yes,54,Yes,DSL,Yes,No,Two year,Yes,Electronic check,57.23,2784.3,No
CUST-16421,Female,0,No,Yes,27,No,Fiber optic,No,No,One year,No,Electronic check,69.58,1801.62,Yes
CUST-16422,Male,0,No,No,0,Yes,Fiber optic,No,Yes,Two year,No,Bank transfer (automatic),72.95,,No
CUST-16423,Male,0,No,No,66,Yes,Fiber optic,No,Yes,Month-to-month,Yes,Mailed check,86.75,5246.78,Yes
CUST-16424,Male,0,No,No,17,Yes,DSL,No,No internet service,Two year,No,Bank transfer (automatic),40.15,627.96,No
CUST-16425,Male,0,No,No,16,Yes,Fiber optic,No,Yes,One year,No,Mailed check,76.24,1219.8,No
CUST-16426,Male,0,No,No,17,Yes,DSL,No,No,One year,No,Mailed check,63.52,1049.02,No
CUST-16427,Female,1,No,No,8,Yes,DSL,No,Yes,Month-to-month,Yes,Credit card (automatic),56.97,421.39,No
CUST-16428,Male,0,Yes,No,21,Yes,DSL,No internet service,No,Month-to-month,Yes,Electronic check,37.64,729.13,Yes
CUST-16429,Male,0,Yes,No,0,Yes,DSL,No internet service,No,Two year,Yes,Bank transfer (automatic),52.89,,No
CUST-16430,Male,0,Yes,No,6,Yes,No,No,No,Month-to-month,No,Bank transfer (automatic),25.97,148.88,No
CUST-16431,Female,0,Yes,No,7,Yes,Fiber optic,No,No internet service,Month-to-month,Yes,Electronic check,79.33,579.39,Yes
CUST-16432,Female,0,No,Yes,11,Yes,Fiber optic,No,Yes,Month-to-month,Yes,Electronic check,75.27,755.62,Yes
CUST-16433,Female,0,No,No,10,Yes,Fiber optic,No internet service,No internet service,Month-to-month,Yes,Credit card (automatic),71.66,665.09,Yes
CUST-16434,Male,1,Yes,Yes,72,Yes,DSL,No,No,One year,Yes,Electronic check,79.63,5682.53,No
CUST-16435,Female,0,No,Yes,4,Yes,DSL,Yes,No,Month-to-month,Yes,Mailed check,95.07,373.77,No
CUST-16436,Female,0,Yes,No,41,Yes,Fiber optic,Yes,Yes,Two year,Yes,Mailed check,77.89,2975.68,No
CUST-16437,Female,0,No,Yes,26,Yes,Fiber optic,Yes,No,Two year,No,Electronic check,82.62,2250.34,No
CUST-16438,Male,0,No,Yes,1,Yes,No,No internet service,Yes,Month-to-month,No,Credit card (automatic),53.78,48.81,No
CUST-16439,Female,0,No,No,6,Yes,Fiber optic,Yes,Yes,Month-to-month,No,Credit card (automatic),91.67,560.73,Yes
CUST-16440,Male,1,Yes,Yes,9,Yes,Fiber optic,Yes,No,Month-to-month,Yes,Electronic check,44.56,382.42,No
CUST-16441,Male,0,No,Yes,16,Yes,Fiber optic,No internet service,No internet service,Month-to-month,Yes,Bank transfer (automatic),102.86,1517.62,No
CUST-16442,Female,1,No,No,22,Yes,No,No internet service,No internet service,Two year,Yes,Credit card (automatic),25.08,578.35,No
CUST-16443,Male,0,Yes,Yes,5,Yes,Fiber optic,No,Yes,Month-to-month,No,Credit card (automatic),81.15,369.38,No
CUST-16444,Female,1,Yes,No,13,Yes,Fiber optic,Yes,No internet service,One year,No,Credit card (automatic),76.02,1001.7,No
CUST-16445,Male,0,Yes,No,14,Yes,Fiber optic,Yes,Yes,Two year,No,Mailed check,72.41,982.69,No
CUST-16446,Male,1,Yes,No,24,No,DSL,No,No internet service,Two year,No,Electronic check,66.12,1455.78,No
CUST-16447,Male,1,Yes,No,12,Yes,DSL,No internet service,No,Month-to-month,Yes,Electronic check,73.88,853.47,No
CUST-16448,Male,0,Yes,Yes,35,Yes,DSL,No,Yes,One year,No,Electronic check,45.47,1526.37,No
CUST-16449,Female,1,No,Yes,38,Yes,Fiber optic,No internet service,No internet service,Month-to-month,No,Credit card (automatic),76.56,2950.75,Yes
CUST-16450,Male,1,Yes,Yes,6,Yes,Fiber optic,No internet service,No internet service,Two year,Yes,Bank transfer (automatic),87.72,512.86,No
CUST-16451,Female,0,No,Yes,16,Yes,Fiber optic,No internet service,Yes,Month-to-month,No,Bank transfer (automatic),85.59,1269.31,No
CUST-16452,Male,0,No,Yes,31,Yes,DSL,No,Yes,Month-to-month,Yes,Electronic check,57.76,1842.59,No
CUST-16453,Female,0,No,No,24,Yes,DSL,No,Yes,One year,Yes,Mailed check,43.57,1077.36,Yes
CUST-16454,Female,0,Yes,Yes,53,Yes,DSL,No internet service,No,Two year,Yes,Bank transfer (automatic),54.06,2705.38,No
CUST-16455,Female,0,No,Yes,57,Yes,Fiber optic,No,No internet service,One year,Yes,Electronic check,79.17,4621.87,No
CUST-16456,Female,0,No,No,14,Yes,No,Yes,No,One year,Yes,Bank transfer (automatic),35.16,466.93,No
CUST-16457,Female,0,No,No,8,Yes,DSL,No,Yes,Month-to-month,Yes,Mailed check,43.02,343.41,No
CUST-16458,Male,0,No,Yes,64,Yes,No,No,Yes,One year,Yes,Mailed check,21.27,1334.1,No
CUST-16459,Female,0,No,No,23,Yes,No,No internet service,No internet service,One year,Yes,Bank transfer (automatic),19.04,398.01,No
CUST-16460,Male,0,No,Yes,50,Yes,DSL,Yes,No,Two year,Yes,Electronic check,44.53,2053.35,No
CUST-16461,Male,0,Yes,No,21,Yes,DSL,No internet service,No internet service,Month-to-month,Yes,Credit card (automatic),47.59,925.69,No
CUST-16462,Female,0,Yes,No,4,Yes,Fiber optic,No internet service,Yes,One year,Yes,Bank transfer (automatic),101.81,414.28,No
CUST-16463,Female,0,Yes,No,16,Yes,Fiber optic,No,No,Month-to-month,Yes,Bank transfer (automatic),80.0,1250.22,Yes
CUST-16464,Female,0,No,No,31,Yes,Fiber optic,No,No,Two year,Yes,Mailed check,72.0,2230.03,No
CUST-16465,Male,0,No,Yes,72,No,DSL,No,No,Month-to-month,No,Bank transfer (automatic),66.09,4829.86,No
CUST-16466,Female,0,Yes,No,72,Yes,DSL,Yes,No,Month-to-month,Yes,Bank transfer (automatic),62.76,4613.71,Yes
CUST-16467,Female,0,No,No,1,Yes,Fiber optic,Yes,No internet service,Two year,No,Electronic check,76.49,69.1,No
CUST-16468,Female,0,Yes,Yes,19,Yes,No,Yes,No internet service,Month-to-month,No,Bank transfer (automatic),26.98,523.63,No
CUST-16469,Female,1,No,No,6,No,DSL,No,No,Month-to-month,No,Credit card (automatic),75.51,440.81,No
CUST-16470,Male,0,Yes,No,14,Yes,DSL,No,No,One year,Yes,Bank transfer (automatic),73.62,961.1,No
CUST-16471,Male,0,Yes,No,12,Yes,DSL,Yes,No,Two year,No,Mailed check,54.18,590.6,No
CUST-16472,Male,0,No,No,72,No,DSL,No internet service,No,One year,No,Mailed check,64.43,4700.9,No
CUST-16473,Female,0,Yes,No,43,Yes,DSL,No internet service,Yes,Two year,No,Credit card (automatic),64.9,2585.31,No
CUST-16474,Female,0,No,No,1,Yes,Fiber optic,Yes,No,Month-to-month,Yes,Mailed check,54.45,56.66,No
CUST-16475,Female,0,Yes,No,7,Yes,DSL,No internet service,No internet service,Month-to-month,No,Bank transfer (automatic),59.18,404.78,No
CUST-16476,Female,0,No,No,17,No,Fiber optic,No,No internet service,Month-to-month,No,Mailed check,81.83,1291.7,Yes
CUST-16477,Male,0,No,No,14,Yes,DSL,No,No internet service,Two year,No,Electronic check,49.8,669.06,No
CUST-16478,Male,0,No,No,13,Yes,Fiber optic,No,No,One year,Yes,Electronic check,69.26,844.97,No
CUST-16479,Male,1,Yes,No,16,Yes,Fiber optic,Yes,No internet service,Two year,Yes,Electronic check,89.94,1385.94,No
CUST-16480,Male,1,Yes,No,32,Yes,Fiber optic,No,No,Month-to-month,Yes,Bank transfer (automatic),90.97,2692.2,No
CUST-16481,Male,1,Yes,No,6,Yes,No,No,Yes,One year,No,Mailed check,23.9,148.94,No
CUST-16482,Male,0,No,No,16,Yes,DSL,No internet service,No,Month-to-month,Yes,Electronic check,47.01,747.35,Yes
CUST-16483,Female,1,No,Yes,72,Yes,No,Yes,Yes,Month-to-month,Yes,Electronic check,22.36,1453.47,Yes
CUST-16484,Male,0,Yes,No,14,No,DSL,No internet service,No,Month-to-month,Yes,Electronic check,50.62,737.43,Yes
CUST-16485,Female,0,Yes,Yes,8,Yes,Fiber optic,Yes,Yes,Month-to-month,Yes,Mailed check,56.91,412.02,Yes
CUST-16486,Female,0,Yes,No,51,No,Fiber optic,Yes,Yes,Two year,No,Electronic check,62.01,2908.75,No
CUST-16487,Female,0,Yes,No,26,Yes,No,No,No,Month-to-month,Yes,Mailed check,28.61,717.74,No
CUST-16488,Male,0,No,No,15,Yes,DSL,No internet service,No,Month-to-month,Yes,Credit card (automatic),67.83,951.11,No
CUST-16489,Male,0,No,No,8,Yes,Fiber optic,No,No internet service,One year,Yes,Credit card (automatic),64.0,461.59,No
CUST-16490,Male,0,No,Yes,9,Yes,DSL,No,No,Month-to-month,Yes,Electronic check,61.62,571.52,Yes
CUST-16491,Male,0,Yes,No,2,Yes,DSL,Yes,No,One year,No,Electronic check,83.85,162.14,Yes
CUST-16492,Male,1,Yes,No,8,Yes,DSL,No internet service,No,Month-to-month,Yes,Credit card (automatic),57.98,439.32,No
CUST-16493,Male,0,No,No,5,Yes,No,No,Yes,One year,Yes,Electronic check,34.14,175.4,No
CUST-16494,Female,0,No,No,10,Yes,No,No,No internet service,Month-to-month,Yes,Electronic check,23.97,226.83,No
CUST-16495,Male,0,Yes,No,39,Yes,DSL,Yes,Yes,Month-to-month,Yes,Electronic check,52.58,1997.25,No
CUST-16496,Female,0,No,No,1,Yes,DSL,No,Yes,Month-to-month,Yes,Bank transfer (automatic),39.98,38.18,No
CUST-16497,Male,1,Yes,No,72,Yes,DSL,Yes,No,Month-to-month,Yes,Mailed check,85.22,6377.37,No
CUST-16498,Female,0,Yes,Yes,24,No,DSL,Yes,No,One year,No,Credit card (automatic),42.19,1005.74,No
CUST-16499,Male,0,No,No,7,Yes,Fiber optic,No internet service,No,Two year,No,Bank transfer (automatic),92.17,655.38,No
CUST-16500,Female,1,Yes,Yes,35,Yes,Fiber optic,No internet service,No,Month-to-month,No,Electronic check,93.08,3142.46,Yes
CUST-16501,Female,0,No,No,18,Yes,Fiber optic,No,No,Two year,No,Bank transfer (automatic),87.57,1648.9,No
CUST-16502,Female,0,Yes,Yes,54,Yes,DSL,No internet service,No,Month-to-month,No,Electronic check,56.77,2960.32,No
CUST-16503,Male,0,No,No,6,Yes,Fiber optic,No,Yes,Month-to-month,Yes,Mailed check,85.05,464.46,No
CUST-16504,Female,0,No,Yes,4,Yes,DSL,No internet service,No,Month-to-month,Yes,Bank transfer (automatic),78.48,291.82,Yes
CUST-16505,Male,1,Yes,No,7,Yes,No,No internet service,No,Month-to-month,Yes,Credit card (automatic),22.08,142.52,Yes
CUST-16506,Female,0,Yes,No,18,Yes,No,Yes,No,One year,No,Credit card (automatic),24.71,422.36,No
CUST-16507,Male,0,No,No,54,Yes,Fiber optic,Yes,Yes,Month-to-month,No,Electronic check,93.14,5110.93,No
CUST-16508,Female,0,No,No,22,Yes,Fiber optic,No internet service,No,Two year,No,Bank transfer (automatic),75.67,1734.11,No
CUST-16509,Female,1,No,No,10,Yes,Fiber optic,Yes,No internet service,One year,No,Credit card (automatic),79.85,814.94,Yes
CUST-16510,Male,0,No,No,72,Yes,DSL,No internet service,Yes,Month-to-month,Yes,Bank transfer (automatic),39.77,2717.19,Yes
CUST-16511,Male,0,No,No,3,Yes,Fiber optic,No,Yes,One year,No,Mailed check,80.48,229.81,No
CUST-16512,Male,0,Yes,No,50,Yes,No,No internet service,No,Month-to-month,Yes,Mailed check,28.22,1418.73,Yes
CUST-16513,Female,0,Yes,Yes,6,Yes,DSL,Yes,No,Month-to-month,Yes,Credit card (automatic),57.11,313.37,No
CUST-16514,Female,0,Yes,No,2,Yes,DSL,No,No,One year,Yes,Credit card (automatic),59.79,115.35,No
CUST-16515,Female,0,Yes,No,47,No,No,No,Yes,Month-to-month,Yes,Bank transfer (automatic),25.38,1195.99,Yes
CUST-16516,Male,0,No,Yes,72,Yes,DSL,No,Yes,One year,Yes,Electronic check,60.2,4358.17,No
CUST-16517,Female,0,No,No,7,Yes,Fiber optic,No internet service,No,Two year,Yes,Bank transfer (automatic),74.13,526.45,No
CUST-16518,Female,0,Yes,Yes,41,Yes,DSL,No,No internet service,Month-to-month,Yes,Electronic check,59.25,2375.58,No
CUST-16519,Female,0,Yes,No,36,Yes,DSL,No,No,Month-to-month,No,Mailed check,65.9,2267.53,No
CUST-16520,Female,0,Yes,No,56,Yes,No,Yes,No,Month-to-month,No,Electronic check,21.07,1179.82,No
CUST-16521,Male,0,No,Yes,37,Yes,Fiber optic,No internet service,Yes,Two year,No,Mailed check,69.64,2537.9,No
CUST-16522,Female,1,Yes,Yes,72,Yes,Fiber optic,No,No internet service,Month-to-month,No,Credit card (automatic),77.35,5761.95,No
CUST-16523,Female,1,No,No,10,Yes,DSL,No,No,One year,Yes,Mailed check,70.51,677.99,No
CUST-16524,Female,0,Yes,No,23,Yes,Fiber optic,No,No internet service,Month-to-month,Yes,Credit card (automatic),78.63,1655.0,No
CUST-16525,Male,0,No,Yes,25,Yes,DSL,No,No,Month-to-month,Yes,Mailed check,69.34,1800.4,Yes
CUST-16526,Male,0,No,No,3,Yes,No,No internet service,No,Month-to-month,No,Mailed check,40.63,115.94,No
CUST-16527,Male,1,Yes,No,30,Yes,No,Yes,Yes,One year,Yes,Credit card (automatic),29.49,918.68,No
CUST-16528,Female,0,No,No,3,Yes,No,Yes,Yes,Month-to-month,Yes,Electronic check,33.06,96.46,No
CUST-16529,Male,0,No,Yes,5,Yes,No,No,No,One year,Yes,Bank transfer (automatic),18.0,84.55,No
CUST-16530,Male,0,Yes,No,10,Yes,Fiber optic,No,No internet service,Month-to-month,No,Electronic check,97.96,975.88,No
CUST-16531,Male,0,Yes,No,2,Yes,Fiber optic,No,No,Month-to-month,No,Electronic check,84.38,161.97,No
CUST-16532,Female,0,Yes,Yes,8,Yes,Fiber optic,No internet service,No,Month-to-month,Yes,Electronic check,59.37,466.12,Yes
CUST-16533,Female,0,Yes,No,5,Yes,No,No,No,One year,Yes,Mailed check,26.56,131.36,No
CUST-16534,Male,0,Yes,No,2,Yes,DSL,No internet service,Yes,Month-to-month,Yes,Bank transfer (automatic),76.71,154.83,No
CUST-16535,Female,0,No,Yes,16,No,Fiber optic,No internet service,No internet service,Two year,Yes,Bank transfer (automatic),93.74,1394.95,No
CUST-16536,Female,1,No,No,31,Yes,Fiber optic,No,No,Two year,No,Electronic check,57.6,1729.9,No
CUST-16537,Female,0,No,No,38,Yes,Fiber optic,No,Yes,Month-to-month,No,Electronic check,80.65,2810.33,Yes
CUST-16538,Female,0,No,No,2,Yes,Fiber optic,Yes,No,Month-to-month,No,Credit card (automatic),93.14,173.66,Yes
CUST-16539,Male,1,No,No,23,Yes,No,Yes,No,Month-to-month,No,Electronic check,38.23,885.09,No
CUST-16540,Male,0,Yes,Yes,23,Yes,Fiber optic,Yes,No,Month-to-month,No,Mailed check,79.6,1883.96,Yes
CUST-16541,Female,0,No,No,28,Yes,No,No,No,Month-to-month,No,Mailed check,18.0,501.91,No
CUST-16542,Female,0,No,No,8,Yes,DSL,Yes,Yes,Two year,No,Bank transfer (automatic),66.77,535.56,No
CUST-16543,Female,0,Yes,No,71,Yes,DSL,No,No,Month-to-month,Yes,Credit card (automatic),53.47,3636.44,No
CUST-16544,Male,0,No,Yes,22,Yes,No,No,No,Month-to-month,Yes,Electronic check,18.6,387.04,No
CUST-16545,Female,0,No,Yes,1,Yes,DSL,No,No,One year,No,Electronic check,57.92,57.88,No
CUST-16546,Female,0,No,No,13,Yes,Fiber optic,Yes,No,One year,No,Electronic check,74.17,915.35,Yes
CUST-16547,Male,0,No,Yes,4,Yes,DSL,Yes,No internet service,Two year,Yes,Mailed check,76.78,314.61,No
CUST-16548,Female,0,Yes,Yes,5,No,Fiber optic,No internet service,No internet service,Two year,Yes,Mailed check,82.1,428.03,No
CUST-16549,Male,0,Yes,No,1,Yes,No,Yes,No,Month-to-month,No,Credit card (automatic),33.44,33.8,No
CUST-16550,Male,0,Yes,No,33,Yes,DSL,No,No,Month-to-month,No,Mailed check,42.61,1433.57,Yes
CUST-16551,Female,0,No,No,6,Yes,DSL,No,No,Month-to-month,Yes,Electronic check,60.44,346.66,No
CUST-16552,Male,0,No,Yes,2,Yes,DSL,Yes,No,Month-to-month,Yes,Mailed check,48.25,99.19,Yes
CUST-16553,Female,0,No,No,4,Yes,Fiber optic,No internet service,No internet service,Month-to-month,No,Electronic check,88.73,331.18,Yes
CUST-16554,Female,0,No,Yes,27,Yes,Fiber optic,No internet service,Yes,One year,No,Bank transfer (automatic),104.08,2543.28,No
CUST-16555,Female,1,No,No,10,Yes,Fiber optic,No,Yes,Month-to-month,No,Mailed check,66.71,666.95,Yes
CUST-16556,Female,1,No,No,43,Yes,Fiber optic,Yes,No,Month-to-month,No,Credit card (automatic),97.66,4276.75,Yes
CUST-16557,Male,0,No,No,72,Yes,No,No,Yes,Two year,Yes,Bank transfer (automatic),18.0,1271.51,No
CUST-16558,Male,1,Yes,No,26,Yes,DSL,No,No,One year,Yes,Credit card (automatic),58.6,1502.38,No
CUST-16559,Female,0,No,No,8,Yes,No,No internet service,No,Month-to-month,Yes,Credit card (automatic),31.38,246.33,Yes
CUST-16560,Male,0,No,Yes,20,Yes,No,No,No internet service,Month-to-month,No,Credit card (automatic),22.26,404.6,No
CUST-16561,Female,1,Yes,Yes,10,Yes,DSL,No,No,Month-to-month,No,Bank transfer (automatic),51.18,521.02,No
CUST-16562,Male,1,Yes,Yes,28,Yes,DSL,Yes,No internet service,Two year,Yes,Mailed check,53.97,1545.14,No
CUST-16563,Female,0,No,Yes,2,Yes,Fiber optic,No,No,Two year,No,Credit card (automatic),99.02,187.84,No
CUST-16564,Female,1,No,No,11,Yes,DSL,Yes,No internet service,Month-to-month,Yes,Mailed check,56.27,577.31,No
CUST-16565,Male,0,Yes,No,72,Yes,DSL,No,No,Month-to-month,Yes,Electronic check,60.65,4219.35,Yes
CUST-16566,Female,0,No,Yes,30,Yes,Fiber optic,No,No,Month-to-month,Yes,Credit card (automatic),106.05,3023.98,No
CUST-16567,Male,0,Yes,No,37,Yes,DSL,No,Yes,Two year,Yes,Mailed check,32.39,1107.85,No
CUST-16568,Male,0,No,No,24,Yes,No,Yes,No,One year,No,Bank transfer (automatic),25.38,627.44,No
CUST-16569,Female,1,No,No,8,Yes,Fiber optic,No,Yes,One year,No,Mailed check,101.84,796.53,Yes
CUST-16570,Female,0,Yes,No,1,Yes,DSL,No,No,Month-to-month,Yes,Mailed check,50.8,45.78,No
CUST-16571,Male,0,Yes,No,72,Yes,DSL,No internet service,No,Month-to-month,Yes,Electronic check,47.88,3243.31,Yes
CUST-16572,Female,1,No,Yes,2,Yes,Fiber optic,No,Yes,Month-to-month,No,Mailed check,68.71,139.19,Yes
CUST-16573,Male,0,No,Yes,8,Yes,DSL,No,No internet service,Two year,Yes,Credit card (automatic),37.19,274.12,Yes
CUST-16574,Female,0,No,No,11,Yes,No,No,No,Month-to-month,Yes,Electronic check,29.37,323.43,Yes
CUST-16575,Female,0,Yes,Yes,7,Yes,Fiber optic,Yes,No internet service,Two year,Yes,Mailed check,74.43,547.03,Yes
CUST-16576,Female,0,No,Yes,6,Yes,Fiber optic,No,No,One year,No,Credit card (automatic),94.89,524.52,No
CUST-16577,Male,0,No,No,7,Yes,DSL,Yes,No internet service,One year,No,Bank transfer (automatic),61.45,392.29,No
CUST-16578,Male,0,No,Yes,23,Yes,No,Yes,No,Month-to-month,Yes,Electronic check,19.43,447.06,Yes
CUST-16579,Male,0,Yes,No,8,Yes,DSL,No,No internet service,Month-to-month,Yes,Electronic check,47.47,351.16,Yes
CUST-16580,Female,0,No,No,6,Yes,No,No,No,One year,Yes,Electronic check,18.0,100.1,No
CUST-16581,Male,0,Yes,Yes,12,Yes,DSL,No,No,Month-to-month,Yes,Bank transfer (automatic),60.36,724.31,No
CUST-16582,Male,0,No,No,25,Yes,Fiber optic,No,No,One year,Yes,Electronic check,98.73,2426.06,Yes
CUST-16583,Male,0,No,Yes,45,Yes,Fiber optic,No,No internet service,Month-to-month,Yes,Credit card (automatic),73.21,3438.49,No
CUST-16584,Female,0,No,No,5,Yes,No,Yes,No,Month-to-month,No,Mailed check,24.91,112.13,No
CUST-16585,Female,0,No,No,27,Yes,DSL,No internet service,No internet service,Two year,No,Electronic check,56.66,1574.58,No
CUST-16586,Female,0,Yes,No,2,Yes,Fiber optic,No,No,Month-to-month,Yes,Mailed check,95.57,172.33,Yes
CUST-16587,Female,0,Yes,Yes,15,Yes,Fiber optic,Yes,No,One year,No,Mailed check,82.62,1269.43,No
CUST-16588,Female,0,No,Yes,12,Yes,Fiber optic,Yes,No,Month-to-month,Yes,Mailed check,71.68,847.81,Yes
CUST-16589,Male,0,Yes,Yes,28,Yes,DSL,No internet service,No,Month-to-month,Yes,Mailed check,50.48,1443.33,No
CUST-16590,Female,0,Yes,Yes,28,No,DSL,No,No,Month-to-month,Yes,Bank transfer (automatic),46.57,1281.52,Yes
CUST-16591,Male,0,Yes,No,16,Yes,Fiber optic,Yes,Yes,Month-to-month,Yes,Bank transfer (automatic),53.7,776.57,Yes
CUST-16592,Male,0,No,Yes,60,Yes,Fiber optic,Yes,Yes,Month-to-month,Yes,Bank transfer (automatic),82.0,5101.44,No
CUST-16593,Female,0,Yes,No,26,No,DSL,No,No,Month-to-month,No,Electronic check,64.36,1686.98,Yes
CUST-16594,Male,0,No,No,1,Yes,Fiber optic,No internet service,No,Month-to-month,Yes,Electronic check,69.55,65.9,No
CUST-16595,Male,1,Yes,Yes,22,Yes,DSL,No,No,Month-to-month,Yes,Mailed check,53.22,1113.27,No
CUST-16596,Male,1,No,Yes,28,No,DSL,No internet service,No,Two year,Yes,Electronic check,53.4,1531.47,No
CUST-16597,Female,0,No,No,3,Yes,Fiber optic,No,No,Two year,Yes,Electronic check,87.36,236.26,No
CUST-16598,Female,0,Yes,Yes,13,Yes,No,No internet service,No,Month-to-month,No,Mailed check,25.29,338.52,Yes
CUST-16599,Male,0,Yes,No,13,Yes,DSL,No,No,Month-to-month,Yes,Mailed check,53.08,631.95,No
CUST-16600,Female,0,No,No,20,Yes,No,No internet service,No,Month-to-month,Yes,Credit card (automatic),21.81,427.08,No
CUST-16601,Female,0,No,Yes,2,Yes,DSL,No internet service,No,One year,No,Mailed check,43.74,79.78,No
CUST-16602,Male,0,Yes,No,15,Yes,Fiber optic,Yes,Yes,One year,Yes,Electronic check,69.82,1087.71,No
CUST-16603,Female,1,Yes,No,32,Yes,DSL,No,No,Month-to-month,Yes,Bank transfer (automatic),67.05,2200.16,No
CUST-16604,Female,0,No,Yes,2,Yes,DSL,Yes,Yes,Month-to-month,Yes,Electronic check,40.93,83.63,No
CUST-16605,Male,0,Yes,No,41,Yes,Fiber optic,Yes,No,One year,Yes,Mailed check,82.74,3441.23,Yes
CUST-16606,Female,0,No,No,43,Yes,DSL,No,No,Two year,No,Mailed check,70.85,2969.47,No
CUST-16607,Female,0,No,Yes,58,Yes,DSL,No,No,Month-to-month,Yes,Credit card (automatic),53.6,3083.52,No
CUST-16608,Female,1,Yes,No,7,Yes,Fiber optic,No,Yes,Month-to-month,No,Mailed check,74.93,514.13,No
CUST-16609,Female,0,No,No,16,Yes,No,No,No,Month-to-month,Yes,Electronic check,18.0,278.08,No
CUST-16610,Female,0,Yes,No,1,Yes,Fiber optic,No,No,Month-to-month,Yes,Electronic check,103.02,106.35,Yes
CUST-16611,Female,0,No,Yes,28,Yes,Fiber optic,No,No,Two year,No,Electronic check,76.74,2043.78,Yes
CUST-16612,Male,0,No,Yes,15,No,Fiber optic,Yes,No,Month-to-month,Yes,Credit card (automatic),88.01,1189.23,No
CUST-16613,Male,0,Yes,No,8,Yes,Fiber optic,No,No,One year,Yes,Mailed check,83.23,664.29,No
CUST-16614,Female,0,Yes,No,6,Yes,Fiber optic,No internet service,Yes,Two year,No,Credit card (automatic),81.15,499.7,No
CUST-16615,Female,0,Yes,No,61,Yes,Fiber optic,No internet service,No,Month-to-month,No,Credit card (automatic),92.82,5767.96,No
CUST-16616,Male,0,No,No,47,Yes,Fiber optic,No,No internet service,One year,No,Electronic check,87.39,3772.6,No
CUST-16617,Female,0,No,No,31,Yes,No,No,No,Month-to-month,Yes,Credit card (automatic),26.09,743.81,Yes
CUST-16618,Female,0,No,No,13,Yes,Fiber optic,No internet service,Yes,Two year,Yes,Credit card (automatic),81.56,963.03,No
CUST-16619,Female,0,Yes,Yes,16,No,Fiber optic,Yes,No internet service,Month-to-month,No,Electronic check,84.93,1230.16,Yes
CUST-16620,Male,0,Yes,No,0,Yes,DSL,Yes,No internet service,One year,Yes,Credit card (automatic),59.47,,No
CUST-16621,Male,0,Yes,Yes,9,No,DSL,Yes,Yes,Month-to-month,Yes,Bank transfer (automatic),65.92,565.26,No
CUST-16622,Female,0,No,No,41,Yes,No,No internet service,No internet service,Month-to-month,Yes,Mailed check,26.24,1128.02,No
CUST-16623,Female,0,Yes,Yes,72,Yes,Fiber optic,No,Yes,Month-to-month,No,Mailed check,96.56,6602.0,Yes
CUST-16624,Female,0,No,No,9,Yes,Fiber optic,No internet service,No internet service,Month-to-month,Yes,Mailed check,98.66,831.74,No
CUST-16625,Female,1,Yes,Yes,0,Yes,No,No,No,One year,No,Mailed check,33.02,,No
CUST-16626,Female,0,Yes,Yes,44,No,Fiber optic,No,Yes,One year,Yes,Credit card (automatic),109.2,4373.77,Yes
CUST-16627,Male,0,Yes,No,5,Yes,Fiber optic,Yes,No internet service,One year,No,Electronic check,105.12,534.92,No
CUST-16628,Female,0,Yes,No,3,Yes,DSL,No,No,Two year,No,Electronic check,65.81,200.02,No
CUST-16629,Female,0,Yes,No,29,Yes,Fiber optic,No,Yes,Month-to-month,Yes,Mailed check,74.49,2014.96,No
CUST-16630,Female,0,Yes,Yes,26,Yes,Fiber optic,No internet service,No internet service,One year,Yes,Bank transfer (automatic),80.33,2089.43,No
CUST-16631,Male,0,No,No,13,No,Fiber optic,No internet service,No internet service,Month-to-month,Yes,Mailed check,90.79,1120.22,Yes
CUST-16632,Female,0,No,No,5,Yes,DSL,Yes,Yes,Two year,No,Mailed check,65.45,301.26,No
CUST-16633,Male,1,No,No,72,Yes,DSL,No,No,Month-to-month,Yes,Electronic check,44.13,3012.55,No
CUST-16634,Male,0,Yes,No,30,No,No,No internet service,No,Month-to-month,Yes,Electronic check,26.39,772.86,No
CUST-16635,Female,0,No,No,46,Yes,DSL,No,No internet service,Month-to-month,No,Electronic check,87.16,3853.61,Yes
CUST-16636,Male,0,Yes,No,12,Yes,No,No internet service,No,One year,No,Bank transfer (automatic),18.0,207.05,Yes
CUST-16637,Female,1,No,No,46,Yes,No,Yes,No,Month-to-month,No,Bank transfer (automatic),28.83,1363.32,No
CUST-16638,Female,0,Yes,No,72,Yes,Fiber optic,No,No,One year,Yes,Electronic check,94.72,6305.43,Yes
CUST-16639,Female,0,No,No,19,Yes,DSL,Yes,Yes,Month-to-month,Yes,Mailed check,51.45,934.21,No
CUST-16640,Male,0,Yes,No,10,No,DSL,Yes,No internet service,Month-to-month,Yes,Electronic check,47.83,446.79,No
CUST-16641,Male,0,No,No,12,Yes,No,No,No,Month-to-month,No,Electronic check,37.29,433.25,No
CUST-16642,Male,0,Yes,No,0,Yes,Fiber optic,No internet service,No,Month-to-month,Yes,Electronic check,98.75,,Yes
CUST-16643,Male,0,Yes,No,0,No,Fiber optic,No,No internet service,One year,Yes,Bank transfer (automatic),79.95,,No
CUST-16644,Male,0,Yes,No,5,Yes,Fiber optic,No internet service,No,Month-to-month,Yes,Bank transfer (automatic),88.2,429.56,Yes
CUST-16645,Female,1,No,No,30,Yes,DSL,No internet service,Yes,Two year,Yes,Mailed check,78.12,2197.52,No
CUST-16646,Male,0,No,Yes,0,Yes,No,No,Yes,Month-to-month,Yes,Electronic check,18.0,,No
CUST-16647,Female,0,No,Yes,5,Yes,Fiber optic,No,No internet service,Month-to-month,Yes,Mailed check,67.74,344.01,No
CUST-16648,Female,0,No,No,14,Yes,DSL,No,Yes,One year,No,Electronic check,65.09,875.12,No
CUST-16649,Female,0,No,No,72,Yes,No,Yes,No,Two year,No,Credit card (automatic),31.18,2043.27,No
CUST-16650,Male,1,No,No,11,Yes,DSL,Yes,No internet service,Month-to-month,Yes,Credit card (automatic),55.86,565.01,No
CUST-16651,Male,0,No,Yes,2,Yes,DSL,No internet service,Yes,Month-to-month,No,Electronic check,50.8,105.9,No
CUST-16652,Male,0,No,No,60,Yes,DSL,No,Yes,Month-to-month,No,Credit card (automatic),48.9,2870.0,No
CUST-16653,Female,0,Yes,Yes,19,No,Fiber optic,Yes,Yes,One year,No,Mailed check,77.86,1333.77,No
CUST-16654,Female,0,No,No,19,Yes,Fiber optic,Yes,No internet service,Month-to-month,No,Bank transfer (automatic),96.22,1746.0,Yes
CUST-16655,Male,0,Yes,No,72,Yes,No,No internet service,Yes,Month-to-month,Yes,Electronic check,35.97,2387.86,No
CUST-16656,Female,0,No,No,8,Yes,Fiber optic,No internet service,No,Month-to-month,Yes,Credit card (automatic),91.61,731.46,Yes
CUST-16657,Female,0,Yes,Yes,19,Yes,No,No,No internet service,Two year,No,Credit card (automatic),18.0,349.07,No
CUST-16658,Male,0,Yes,Yes,67,Yes,DSL,Yes,No internet service,Month-to-month,Yes,Electronic check,44.8,2938.7,No
CUST-16659,Male,0,Yes,Yes,33,Yes,No,No,No,Month-to-month,Yes,Electronic check,20.37,664.32,No
CUST-16660,Female,0,No,No,34,Yes,No,No,Yes,Two year,Yes,Credit card (automatic),18.08,625.47,No
CUST-16661,Male,0,Yes,No,11,Yes,Fiber optic,No,No internet service,Month-to-month,Yes,Credit card (automatic),93.81,1040.71,Yes
CUST-16662,Male,1,Yes,No,9,Yes,DSL,No internet service,No,Month-to-month,Yes,Credit card (automatic),74.86,700.61,Yes
CUST-16663,Male,0,Yes,No,17,Yes,Fiber optic,No internet service,Yes,Two year,Yes,Credit card (automatic),87.12,1446.67,No
CUST-16664,Female,0,No,Yes,21,Yes,Fiber optic,No internet service,No internet service,Two year,No,Electronic check,94.28,2029.34,No
CUST-16665,Male,0,Yes,No,15,Yes,Fiber optic,No,No,Two year,Yes,Mailed check,106.75,1655.84,No
CUST-16666,Female,0,No,No,72,Yes,Fiber optic,No,No internet service,Two year,Yes,Bank transfer (automatic),73.13,4830.88,No
CUST-16667,Female,0,Yes,Yes,19,Yes,DSL,Yes,No,Two year,No,Mailed check,45.69,812.21,No
CUST-16668,Male,0,No,No,72,Yes,DSL,No internet service,No internet service,Two year,Yes,Mailed check,41.24,2793.45,No
CUST-16669,Male,1,No,Yes,0,Yes,DSL,No internet service,Yes,Month-to-month,Yes,Bank transfer (automatic),50.14,,No
CUST-16670,Male,1,Yes,No,72,Yes,Fiber optic,No internet service,No internet service,Month-to-month,No,Mailed check,104.41,7191.19,Yes
CUST-16671,Male,0,Yes,No,66,Yes,Fiber optic,Yes,No,Month-to-month,No,Electronic check,65.86,4032.77,No
CUST-16672,Female,0,Yes,No,15,Yes,Fiber optic,Yes,Yes,Month-to-month,Yes,Mailed check,89.58,1288.83,No
CUST-16673,Male,0,Yes,No,51,Yes,DSL,No internet service,Yes,One year,Yes,Bank transfer (automatic),60.8,3007.1,No
CUST-16674,Male,0,Yes,No,0,Yes,Fiber optic,No internet service,Yes,Month-to-month,Yes,Mailed check,81.59,,No
CUST-16675,Male,0,Yes,Yes,14,Yes,Fiber optic,Yes,No internet service,Month-to-month,Yes,Electronic check,100.01,1458.44,Yes
CUST-16676,Female,0,No,No,54,Yes,No,No,No,Month-to-month,Yes,Mailed check,29.49,1665.26,Yes
CUST-16677,Male,1,No,No,11,Yes,Fiber optic,Yes,No internet service,Month-to-month,Yes,Bank transfer (automatic),83.59,847.96,Yes
CUST-16678,Male,0,No,No,5,Yes,DSL,Yes,No,Month-to-month,No,Electronic check,46.75,218.08,No
CUST-16679,Male,0,No,Yes,4,Yes,Fiber optic,Yes,No,Two year,No,Credit card (automatic),93.18,387.45,No
CUST-16680,Female,0,Yes,Yes,19,Yes,No,Yes,No,Two year,Yes,Electronic check,18.0,313.55,No
CUST-16681,Female,0,Yes,No,25,Yes,Fiber optic,No,No internet service,Month-to-month,Yes,Bank transfer (automatic),99.95,2526.0,Yes
CUST-16682,Female,0,Yes,Yes,46,Yes,Fiber optic,No,Yes,Two year,No,Mailed check,85.32,4050.6,No
CUST-16683,Female,0,No,No,1,Yes,Fiber optic,No,Yes,Month-to-month,No,Electronic check,66.07,59.99,Yes
CUST-16684,Female,1,No,No,1,No,DSL,No internet service,No internet service,Month-to-month,Yes,Bank transfer (automatic),45.41,41.74,No
CUST-16685,Female,0,No,No,1,Yes,Fiber optic,No internet service,No,Month-to-month,No,Electronic check,70.51,70.54,No
CUST-16686,Male,0,No,No,20,Yes,Fiber optic,No internet service,Yes,Two year,Yes,Bank transfer (automatic),98.0,1824.92,No
CUST-16687,Male,0,Yes,No,4,Yes,Fiber optic,No,No,One year,Yes,Electronic check,88.8,365.48,Yes
CUST-16688,Male,1,No,Yes,5,Yes,No,Yes,No,Month-to-month,Yes,Electronic check,26.85,130.91,No
CUST-16689,Male,0,Yes,No,54,Yes,Fiber optic,No,No internet service,Month-to-month,No,Electronic check,79.22,4223.62,No
CUST-16690,Male,0,Yes,No,13,Yes,No,No,No internet service,Month-to-month,Yes,Mailed check,33.9,422.92,No
CUST-16691,Male,0,Yes,No,33,Yes,Fiber optic,No internet service,Yes,Month-to-month,Yes,Electronic check,92.5,2884.99,Yes
CUST-16692,Female,0,No,Yes,8,Yes,Fiber optic,Yes,No internet service,Two year,Yes,Bank transfer (automatic),93.14,706.78,No
CUST-16693,Female,1,No,Yes,21,Yes,No,Yes,No,Month-to-month,No,Mailed check,29.99,584.06,Yes
CUST-16694,Female,0,No,Yes,11,Yes,Fiber optic,Yes,No,Two year,Yes,Mailed check,66.79,740.44,No
CUST-16695,Female,0,No,Yes,17,Yes,Fiber optic,No internet service,No,Month-to-month,No,Credit card (automatic),78.49,1295.24,Yes
CUST-16696,Male,0,Yes,No,2,No,DSL,No,Yes,Month-to-month,Yes,Electronic check,76.64,156.62,No
CUST-16697,Female,0,No,Yes,1,Yes,DSL,No,No,Two year,Yes,Electronic check,39.17,37.95,No
CUST-16698,Male,0,Yes,Yes,18,Yes,Fiber optic,No,Yes,Month-to-month,No,Mailed check,61.4,1132.08,Yes
CUST-16699,Male,0,Yes,Yes,25,Yes,No,No,Yes,One year,Yes,Bank transfer (automatic),20.04,450.96,No
CUST-16700,Female,1,Yes,No,39,Yes,DSL,No,No,Two year,Yes,Mailed check,55.05,2182.42,Yes
CUST-16701,Male,0,No,No,8,Yes,No,No,No,Two year,Yes,Mailed check,18.0,137.4,Yes
CUST-16702,Female,1,Yes,Yes,4,Yes,Fiber optic,No,No internet service,Two year,No,Mailed check,85.55,310.86,No
CUST-16703,Male,0,No,No,16,Yes,No,No,No,Month-to-month,Yes,Credit card (automatic),30.13,478.5,Yes
CUST-16704,Male,0,No,No,22,Yes,Fiber optic,No internet service,No internet service,Month-to-month,Yes,Credit card (automatic),80.93,1806.79,No
CUST-16705,Male,0,Yes,No,5,Yes,DSL,No,No,Two year,No,Electronic check,79.9,399.6,Yes
CUST-16706,Male,1,No,No,20,Yes,Fiber optic,No,No internet service,Two year,Yes,Electronic check,73.96,1472.75,No
CUST-16707,Female,0,No,Yes,45,Yes,DSL,No internet service,No,Month-to-month,Yes,Mailed check,50.42,2102.94,No
CUST-16708,Male,1,No,No,23,No,Fiber optic,Yes,Yes,Month-to-month,Yes,Bank transfer (automatic),95.74,2075.12,No
CUST-16709,Female,0,No,No,16,Yes,No,Yes,No internet service,One year,Yes,Electronic check,30.2,451.71,No
CUST-16710,Female,0,No,Yes,6,Yes,DSL,No,No,One year,No,Electronic check,54.02,340.07,No
CUST-16711,Female,0,No,No,41,Yes,Fiber optic,No,No,One year,Yes,Mailed check,91.5,3588.23,Yes
CUST-16712,Male,0,No,Yes,43,Yes,DSL,No,Yes,Month-to-month,Yes,Credit card (automatic),77.07,3298.16,No
CUST-16713,Female,0,No,No,1,No,Fiber optic,Yes,Yes,Two year,Yes,Electronic check,75.67,71.96,No
CUST-16714,Female,0,Yes,No,1,Yes,DSL,No internet service,No internet service,One year,Yes,Mailed check,60.74,56.07,No
CUST-16715,Female,0,No,No,20,Yes,DSL,Yes,No,One year,Yes,Electronic check,54.72,1103.77,No
CUST-16716,Male,0,No,No,10,No,No,No internet service,No,Month-to-month,Yes,Electronic check,28.01,279.29,No
CUST-16717,Female,1,No,Yes,11,Yes,DSL,No internet service,No,Two year,No,Electronic check,21.26,228.98,Yes
CUST-16718,Male,0,No,No,4,Yes,Fiber optic,No internet service,No,Month-to-month,No,Mailed check,88.49,341.65,Yes
CUST-16719,Male,0,Yes,No,45,No,DSL,No internet service,No,Month-to-month,Yes,Mailed check,58.36,2687.43,No
CUST-16720,Male,0,No,No,4,No,Fiber optic,No,Yes,Two year,Yes,Bank transfer (automatic),79.79,312.23,No
CUST-16721,Male,1,Yes,No,32,Yes,No,No,Yes,Month-to-month,No,Bank transfer (automatic),30.86,1022.93,No
CUST-16722,Female,0,Yes,No,4,No,DSL,No,No,One year,Yes,Mailed check,63.19,237.89,No
CUST-16723,Female,1,No,No,35,Yes,Fiber optic,No,No,Two year,No,Electronic check,63.76,2237.35,Yes
CUST-16724,Female,1,No,No,18,Yes,Fiber optic,Yes,Yes,Month-to-month,No,Electronic check,98.28,1784.24,No
CUST-16725,Male,0,Yes,No,17,Yes,DSL,No,No,Two year,No,Electronic check,77.7,1322.92,No
CUST-16726,Female,0,Yes,Yes,18,Yes,Fiber optic,No,No,One year,No,Bank transfer (automatic),65.92,1178.29,No
CUST-16727,Male,0,Yes,Yes,39,Yes,No,No,No internet service,One year,No,Electronic check,31.65,1218.94,No
CUST-16728,Female,0,Yes,No,20,No,Fiber optic,No,No,One year,Yes,Electronic check,71.7,1317.4,No
CUST-16729,Male,0,No,No,10,Yes,DSL,No internet service,Yes,Two year,Yes,Credit card (automatic),39.1,370.61,No
CUST-16730,Male,0,No,No,4,Yes,DSL,No,No,Month-to-month,Yes,Credit card (automatic),57.77,215.91,No
CUST-16731,Male,1,Yes,Yes,24,Yes,DSL,No,No internet service,Month-to-month,Yes,Electronic check,72.08,1627.93,No
CUST-16732,Female,1,Yes,No,72,No,No,Yes,Yes,Month-to-month,No,Electronic check,19.33,1276.32,No
CUST-16733,Male,1,Yes,Yes,28,Yes,Fiber optic,No,No,One year,Yes,Credit card (automatic),100.09,2578.88,No
CUST-16734,Female,0,No,No,13,Yes,DSL,No internet service,No,Month-to-month,Yes,Electronic check,45.4,538.64,Yes
CUST-16735,Female,0,Yes,Yes,14,Yes,Fiber optic,No,Yes,Month-to-month,No,Bank transfer (automatic),103.38,1423.82,No
CUST-16736,Female,1,Yes,Yes,0,Yes,No,No internet service,No,One year,No,Credit card (automatic),31.1,,No
CUST-16737,Female,0,Yes,No,7,Yes,Fiber optic,Yes,Yes,One year,Yes,Mailed check,88.34,589.21,No
CUST-16738,Female,0,Yes,No,14,Yes,DSL,No internet service,No,Month-to-month,Yes,Electronic check,41.83,578.77,No
CUST-16739,Male,0,No,Yes,34,Yes,DSL,No internet service,No,One year,Yes,Electronic check,38.53,1254.55,No
CUST-16740,Male,0,Yes,No,25,Yes,DSL,Yes,No internet service,Month-to-month,Yes,Electronic check,76.55,1738.1,No
CUST-16741,Female,0,No,No,31,Yes,DSL,No internet service,No,Month-to-month,No,Electronic check,57.31,1762.6,No
CUST-16742,Female,0,Yes,Yes,2,No,DSL,No internet service,Yes,Month-to-month,No,Electronic check,70.61,144.45,No
CUST-16743,Female,1,Yes,No,15,Yes,No,No,No,One year,Yes,Bank transfer (automatic),27.17,375.45,No
CUST-16744,Male,1,No,No,47,Yes,No,No,No,One year,No,Bank transfer (automatic),34.16,1548.71,No
CUST-16745,Male,0,No,No,8,Yes,Fiber optic,No,Yes,Month-to-month,No,Electronic check,103.57,792.43,Yes
CUST-16746,Female,0,Yes,No,1,Yes,DSL,Yes,No,One year,Yes,Mailed check,61.33,55.9,Yes
CUST-16747,Female,0,No,Yes,4,Yes,Fiber optic,No,Yes,Month-to-month,Yes,Electronic check,103.92,398.47,Yes
CUST-16748,Female,0,No,Yes,24,Yes,Fiber optic,No internet service,No internet service,Month-to-month,Yes,Bank transfer (automatic),85.9,1950.71,No
CUST-16749,Female,1,No,Yes,72,Yes,Fiber optic,No,Yes,One year,No,Mailed check,74.63,5012.62,No
CUST-16750,Female,0,Yes,No,13,Yes,Fiber optic,No,No,Month-to-month,Yes,Electronic check,89.76,1126.36,Yes
CUST-16751,Female,0,No,No,13,Yes,Fiber optic,No,No,Month-to-month,No,Credit card (automatic),109.53,1335.4,Yes
CUST-16752,Male,1,Yes,No,1,Yes,Fiber optic,Yes,No,Two year,No,Electronic check,60.46,55.74,No
CUST-16753,Female,0,Yes,No,0,Yes,Fiber optic,No,Yes,Two year,Yes,Bank transfer (automatic),77.32,,No
CUST-16754,Female,0,No,No,15,Yes,No,No,No,Month-to-month,Yes,Bank transfer (automatic),18.0,250.86,No
CUST-16755,Female,0,Yes,No,28,Yes,DSL,No,No,Two year,Yes,Credit card (automatic),58.62,1658.97,No
CUST-16756,Male,0,No,Yes,49,Yes,DSL,No internet service,No,One year,Yes,Bank transfer (automatic),57.87,2743.1,No
CUST-16757,Female,0,Yes,No,72,No,No,No,Yes,Month-to-month,No,Electronic check,26.0,1701.87,Yes
CUST-16758,Male,0,Yes,No,64,Yes,No,No,Yes,Month-to-month,No,Electronic check,18.0,1078.77,No
CUST-16759,Female,0,No,No,9,Yes,Fiber optic,No,No,Two year,No,Electronic check,103.91,858.8,No
CUST-16760,Female,0,Yes,No,62,Yes,No,Yes,No internet service,One year,No,Bank transfer (automatic),18.0,1034.09,No
CUST-16761,Male,0,No,No,49,Yes,Fiber optic,No,No internet service,One year,Yes,Bank transfer (automatic),105.5,5065.88,No
CUST-16762,Male,0,No,Yes,11,Yes,DSL,No,No,Month-to-month,Yes,Electronic check,62.65,695.57,Yes
CUST-16763,Female,0,Yes,Yes,1,Yes,No,Yes,No,Month-to-month,Yes,Electronic check,32.6,31.31,Yes
CUST-16764,Male,0,No,No,23,Yes,Fiber optic,No,Yes,Month-to-month,Yes,Electronic check,78.76,1747.66,Yes
CUST-16765,Male,0,Yes,Yes,9,Yes,DSL,Yes,No,Two year,No,Credit card (automatic),44.7,418.18,No
CUST-16766,Male,1,No,No,16,Yes,No,No internet service,No internet service,Month-to-month,Yes,Mailed check,30.51,490.58,No
CUST-16767,Male,0,No,No,24,Yes,Fiber optic,No,No,Month-to-month,Yes,Electronic check,88.82,2075.87,Yes
CUST-16768,Male,0,No,No,42,Yes,DSL,No,No,One year,Yes,Mailed check,45.53,1773.11,No
CUST-16769,Male,0,No,No,20,No,No,Yes,No,Two year,No,Credit card (automatic),29.17,590.38,No
CUST-16770,Male,1,Yes,No,11,Yes,DSL,No internet service,No internet service,Two year,Yes,Electronic check,38.4,422.37,No
CUST-16771,Male,0,Yes,No,4,Yes,DSL,No internet service,No,Month-to-month,Yes,Mailed check,52.08,208.62,No
CUST-16772,Female,0,No,No,72,Yes,DSL,Yes,Yes,Month-to-month,No,Bank transfer (automatic),57.5,3934.43,No
CUST-16773,Female,1,No,Yes,26,No,DSL,No,No,Month-to-month,No,Mailed check,36.95,939.06,No
CUST-16774,Female,1,Yes,Yes,12,Yes,Fiber optic,No internet service,No,Month-to-month,Yes,Mailed check,94.84,1187.53,Yes
CUST-16775,Male,0,No,Yes,7,Yes,DSL,Yes,Yes,Month-to-month,Yes,Bank transfer (automatic),59.58,421.59,No
CUST-16776,Male,1,No,No,13,Yes,No,Yes,No internet service,Month-to-month,No,Credit card (automatic),34.52,425.32,Yes
CUST-16777,Female,1,No,Yes,6,Yes,No,No,No internet service,One year,Yes,Bank transfer (automatic),22.54,126.69,No
CUST-16778,Female,0,No,No,16,Yes,Fiber optic,No,Yes,Two year,Yes,Credit card (automatic),95.29,1420.09,No
CUST-16779,Male,0,Yes,Yes,14,Yes,Fiber optic,No,No,One year,Yes,Mailed check,70.46,892.27,No
CUST-16780,Male,0,Yes,No,15,Yes,DSL,Yes,No,Month-to-month,No,Bank transfer (automatic),56.43,766.36,No
CUST-16781,Male,0,Yes,Yes,24,Yes,Fiber optic,No,No internet service,Month-to-month,Yes,Electronic check,78.14,1782.43,No
CUST-16782,Female,0,No,Yes,41,Yes,Fiber optic,Yes,Yes,Month-to-month,No,Electronic check,89.08,3646.23,Yes
CUST-16783,Male,0,Yes,No,30,Yes,DSL,Yes,No,Month-to-month,Yes,Credit card (automatic),71.04,2106.36,Yes
CUST-16784,Female,0,Yes,No,34,Yes,Fiber optic,Yes,No,Two year,Yes,Bank transfer (automatic),105.59,3715.73,No
CUST-16785,Female,0,No,No,26,Yes,No,No,No,One year,Yes,Mailed check,41.3,1056.23,No
CUST-16786,Male,0,Yes,No,20,Yes,DSL,No,No,Two year,Yes,Mailed check,62.55,1184.67,No
CUST-16787,Female,0,No,No,65,Yes,DSL,No,No,Month-to-month,No,Mailed check,70.31,4781.36,No
CUST-16788,Female,1,No,No,1,Yes,DSL,No,Yes,Month-to-month,Yes,Electronic check,48.8,48.79,Yes
CUST-16789,Female,0,No,Yes,4,Yes,DSL,No,No internet service,Two year,Yes,Electronic check,80.81,325.7,No
CUST-16790,Female,1,No,No,20,Yes,Fiber optic,Yes,Yes,One year,Yes,Mailed check,56.42,1112.7,No
CUST-16791,Female,0,Yes,No,16,Yes,Fiber optic,No,Yes,Month-to-month,No,Mailed check,100.09,1579.34,Yes
CUST-16792,Female,0,Yes,Yes,33,Yes,Fiber optic,No,No,Month-to-month,No,Credit card (automatic),87.12,2683.63,Yes
CUST-16793,Male,0,Yes,No,53,Yes,Fiber optic,Yes,No internet service,Two year,Yes,Electronic check,95.9,5239.12,Yes
CUST-16794,Male,0,No,No,3,No,Fiber optic,Yes,Yes,One year,Yes,Mailed check,83.83,249.76,No
CUST-16795,Female,0,Yes,No,62,Yes,No,No,No,Two year,Yes,Mailed check,29.97,1682.63,Yes
CUST-16796,Male,0,No,No,7,Yes,Fiber optic,No internet service,Yes,Month-to-month,No,Credit card (automatic),65.91,475.54,No
CUST-16797,Male,0,No,Yes,7,Yes,Fiber optic,No,No,Month-to-month,No,Electronic check,60.52,388.38,No
CUST-16798,Female,0,No,No,9,Yes,Fiber optic,No,Yes,One year,No,Mailed check,101.98,901.13,No
CUST-16799,Female,0,Yes,Yes,5,Yes,Fiber optic,No internet service,No,Month-to-month,No,Bank transfer (automatic),90.95,410.73,Yes
CUST-16800,Male,0,No,Yes,8,Yes,No,No,No internet service,One year,Yes,Mailed check,24.84,190.22,No
CUST-16801,Female,0,Yes,No,8,Yes,DSL,No,No internet service,Two year,Yes,Bank transfer (automatic),58.66,428.14,No
CUST-16802,Female,1,Yes,No,72,Yes,Fiber optic,No,No,Two year,No,Electronic check,76.58,5737.99,No
CUST-16803,Male,0,No,No,10,Yes,Fiber optic,No internet service,No,One year,Yes,Bank transfer (automatic),103.98,1019.44,Yes
CUST-16804,Male,0,Yes,No,12,Yes,Fiber optic,No internet service,No,One year,No,Credit card (automatic),76.2,902.63,Yes
CUST-16805,Male,0,Yes,No,12,Yes,DSL,No,No internet service,Month-to-month,Yes,Mailed check,67.07,728.12,No
CUST-16806,Female,0,No,Yes,30,Yes,Fiber optic,No internet service,No,Month-to-month,No,Mailed check,84.12,2306.13,Yes
CUST-16807,Female,0,No,No,1,Yes,DSL,No,Yes,Month-to-month,Yes,Credit card (automatic),67.7,67.16,No
CUST-16808,Male,0,No,No,36,Yes,Fiber optic,No,Yes,Two year,Yes,Mailed check,85.76,3019.32,No
CUST-16809,Female,1,Yes,Yes,40,Yes,Fiber optic,Yes,Yes,Month-to-month,Yes,Credit card (automatic),99.13,3683.11,Yes
CUST-16810,Female,0,No,Yes,20,Yes,Fiber optic,No,No,Month-to-month,No,Credit card (automatic),82.22,1519.19,No
CUST-16811,Male,0,No,Yes,14,Yes,DSL,No,No internet service,Month-to-month,No,Credit card (automatic),76.32,998.37,No
CUST-16812,Female,0,No,No,7,Yes,DSL,No internet service,No,Two year,No,Credit card (automatic),57.35,364.48,No
CUST-16813,Female,0,No,Yes,2,Yes,DSL,Yes,No,One year,No,Electronic check,84.62,172.29,No
CUST-16814,Female,0,No,No,28,No,No,No internet service,No,Month-to-month,No,Electronic check,18.0,484.22,No
CUST-16815,Male,0,No,Yes,8,Yes,DSL,Yes,No,One year,No,Credit card (automatic),58.24,487.56,No
CUST-16816,Male,0,Yes,Yes,17,Yes,No,Yes,No,Month-to-month,Yes,Electronic check,20.98,356.04,No
CUST-16817,Male,0,No,No,13,Yes,DSL,Yes,No,One year,Yes,Electronic check,81.79,1105.94,Yes
CUST-16818,Female,0,No,No,11,Yes,No,No,No,Two year,No,Mailed check,18.0,203.77,No
CUST-16819,Female,0,No,Yes,25,Yes,Fiber optic,No,No internet service,Month-to-month,Yes,Bank transfer (automatic),57.05,1401.76,No
CUST-16820,Female,0,Yes,Yes,56,Yes,Fiber optic,Yes,No,One year,Yes,Bank transfer (automatic),120.0,6360.18,No
CUST-16821,Female,0,Yes,No,15,Yes,No,Yes,No,Two year,Yes,Mailed check,30.06,465.99,No
CUST-16822,Male,0,No,No,72,Yes,Fiber optic,No,No internet service,Month-to-month,No,Bank transfer (automatic),86.86,5750.28,No
CUST-16823,Female,0,No,No,34,Yes,DSL,No,No,Month-to-month,Yes,Electronic check,50.43,1700.04,Yes
CUST-16824,Female,0,No,Yes,0,Yes,DSL,No internet service,No internet service,Month-to-month,Yes,Bank transfer (automatic),64.05,,No
CUST-16825,Female,1,Yes,No,16,No,No,No,No,Two year,No,Credit card (automatic),22.74,366.96,No
CUST-16826,Male,0,Yes,Yes,16,No,No,No,No internet service,Two year,Yes,Credit card (automatic),39.49,627.32,No
CUST-16827,Male,0,Yes,Yes,72,Yes,DSL,Yes,No,Month-to-month,Yes,Mailed check,52.56,3477.07,No
CUST-16828,Male,0,No,No,11,Yes,No,Yes,No,Two year,No,Mailed check,32.86,367.14,No
CUST-16829,Male,0,No,No,61,Yes,No,Yes,No,One year,Yes,Electronic check,28.61,1726.33,No
CUST-16830,Male,0,Yes,No,26,Yes,No,Yes,No internet service,Month-to-month,Yes,Electronic check,27.44,651.7,Yes
CUST-16831,Female,0,No,No,0,Yes,No,No,No,Two year,No,Electronic check,18.0,,No
CUST-16832,Male,0,No,No,61,Yes,No,No,No,Month-to-month,No,Credit card (automatic),33.08,1845.01,Yes
CUST-16833,Female,0,No,Yes,69,Yes,DSL,No internet service,No,Month-to-month,No,Electronic check,63.97,4262.83,No
CUST-16834,Male,0,No,No,7,Yes,Fiber optic,Yes,No,One year,No,Mailed check,80.89,584.0,No
CUST-16835,Female,0,No,No,0,Yes,DSL,No internet service,No internet service,One year,No,Electronic check,65.64,,No
CUST-16836,Female,0,Yes,Yes,5,Yes,No,No,No,Two year,Yes,Bank transfer (automatic),22.18,102.62,No
CUST-16837,Female,0,Yes,No,19,No,Fiber optic,No,No,One year,Yes,Bank transfer (automatic),90.18,1604.34,No
CUST-16838,Female,1,Yes,No,23,Yes,DSL,No,No,Two year,No,Credit card (automatic),77.07,1789.67,No
CUST-16839,Male,0,No,Yes,1,Yes,No,No internet service,No,One year,No,Credit card (automatic),26.79,27.79,No
CUST-16840,Female,0,Yes,Yes,37,Yes,Fiber optic,No internet service,No,Month-to-month,No,Electronic check,103.42,3717.61,No
CUST-16841,Female,0,Yes,No,5,No,Fiber optic,Yes,No,Month-to-month,No,Bank transfer (automatic),56.13,275.57,No
CUST-16842,Male,1,No,Yes,6,No,No,No,No,Two year,No,Bank transfer (automatic),24.59,134.26,No
CUST-16843,Female,1,Yes,No,11,Yes,No,No,Yes,Month-to-month,Yes,Mailed check,31.63,339.65,No
CUST-16844,Female,1,Yes,Yes,8,Yes,Fiber optic,No,No,Two year,No,Bank transfer (automatic),103.92,841.42,No
CUST-16845,Male,0,Yes,Yes,12,No,DSL,No,No internet service,Month-to-month,Yes,Electronic check,63.49,758.4,Yes
CUST-16846,Male,0,Yes,Yes,21,Yes,DSL,Yes,Yes,Month-to-month,Yes,Electronic check,46.95,888.72,No
CUST-16847,Male,0,Yes,No,72,Yes,DSL,No,No,Month-to-month,Yes,Bank transfer (automatic),58.68,4300.82,No
CUST-16848,Male,0,Yes,Yes,26,Yes,Fiber optic,No,Yes,Two year,Yes,Bank transfer (automatic),66.45,1710.48,No
CUST-16849,Female,0,Yes,No,17,Yes,DSL,No,No,Two year,Yes,Bank transfer (automatic),57.18,1009.52,No
CUST-16850,Male,0,Yes,No,1,Yes,Fiber optic,Yes,No internet service,Month-to-month,Yes,Credit card (automatic),63.17,64.81,No
CUST-16851,Female,1,No,No,21,Yes,No,No,No,Month-to-month,Yes,Credit card (automatic),26.83,528.69,Yes
CUST-16852,Female,0,No,No,13,Yes,No,No,Yes,Month-to-month,Yes,Electronic check,18.0,225.68,No
CUST-16853,Female,0,No,No,33,Yes,No,Yes,No,Month-to-month,Yes,Electronic check,24.14,788.64,No
CUST-16854,Male,0,No,Yes,1,Yes,DSL,No,No internet service,Month-to-month,Yes,Electronic check,42.82,43.84,No
CUST-16855,Male,0,Yes,Yes,24,Yes,DSL,No,No,Month-to-month,Yes,Mailed check,75.35,1706.83,Yes
CUST-16856,Female,0,No,Yes,13,Yes,No,No,No internet service,Month-to-month,Yes,Electronic check,23.04,290.32,No
CUST-16857,Male,0,Yes,Yes,46,Yes,Fiber optic,No,No,Month-to-month,No,Mailed check,110.73,4782.88,Yes
CUST-16858,Female,0,Yes,Yes,72,Yes,Fiber optic,No,Yes,Month-to-month,No,Credit card (automatic),78.61,5780.0,Yes
CUST-16859,Female,0,Yes,No,9,Yes,DSL,No internet service,Yes,Month-to-month,Yes,Bank transfer (automatic),59.79,486.1,No
CUST-16860,Female,0,No,No,5,Yes,Fiber optic,No,No,One year,Yes,Bank transfer (automatic),79.04,395.63,Yes
CUST-16861,Female,0,Yes,No,23,Yes,Fiber optic,No,Yes,Month-to-month,No,Bank transfer (automatic),100.24,2215.81,Yes
CUST-16862,Female,0,Yes,No,29,Yes,DSL,Yes,Yes,Two year,No,Mailed check,64.97,1728.9,No
CUST-16863,Female,0,No,No,52,Yes,DSL,No,No internet service,Two year,No,Bank transfer (automatic),51.09,2414.03,No
CUST-16864,Male,0,No,No,20,Yes,Fiber optic,No,No internet service,Two year,Yes,Electronic check,76.82,1451.28,No
CUST-16865,Female,0,Yes,No,68,Yes,DSL,Yes,No,One year,Yes,Bank transfer (automatic),64.32,4159.08,No
CUST-16866,Male,0,No,No,20,Yes,Fiber optic,No,No,One year,Yes,Electronic check,95.73,1776.15,No
CUST-16867,Male,0,No,Yes,20,No,DSL,No,Yes,Month-to-month,Yes,Credit card (automatic),51.5,1076.33,No
CUST-16868,Female,0,No,No,33,Yes,DSL,No,No,Month-to-month,No,Mailed check,47.96,1506.45,Yes
CUST-16869,Female,0,Yes,Yes,11,Yes,No,No,No,Two year,No,Mailed check,21.32,221.06,No
CUST-16870,Male,0,Yes,No,4,Yes,No,No internet service,Yes,Two year,No,Electronic check,20.14,80.01,No
CUST-16871,Male,0,Yes,No,14,No,Fiber optic,Yes,No,Month-to-month,Yes,Bank transfer (automatic),102.85,1297.07,Yes
CUST-16872,Female,0,Yes,No,57,Yes,No,No,No internet service,Month-to-month,Yes,Credit card (automatic),28.48,1528.07,No
CUST-16873,Male,0,Yes,No,50,No,Fiber optic,No internet service,No internet service,Two year,Yes,Mailed check,100.45,4805.7,No
CUST-16874,Female,1,No,Yes,22,Yes,Fiber optic,Yes,No,Two year,No,Credit card (automatic),95.96,2077.82,No
CUST-16875,Male,0,No,Yes,40,No,Fiber optic,No,No,Month-to-month,No,Credit card (automatic),94.95,3563.17,Yes
CUST-16876,Female,0,No,No,1,Yes,DSL,Yes,Yes,Month-to-month,No,Mailed check,49.89,51.73,No
CUST-16877,Male,0,No,No,5,Yes,DSL,No,Yes,Month-to-month,Yes,Credit card (automatic),69.43,332.66,Yes
CUST-16878,Male,0,No,Yes,26,Yes,Fiber optic,Yes,No,One year,No,Credit card (automatic),83.63,2057.15,No
CUST-16879,Female,0,Yes,No,40,Yes,DSL,No internet service,Yes,One year,No,Electronic check,70.63,2545.15,No
CUST-16880,Male,0,No,No,19,Yes,DSL,No internet service,No,Two year,No,Electronic check,53.28,930.44,No
CUST-16881,Female,0,No,No,5,Yes,DSL,No internet service,No,Month-to-month,No,Bank transfer (automatic),23.83,108.1,No
CUST-16882,Female,0,No,No,1,Yes,No,No,No internet service,Month-to-month,Yes,Electronic check,24.1,25.04,Yes
CUST-16883,Male,1,Yes,No,48,Yes,DSL,No,No internet service,Two year,Yes,Mailed check,57.3,2482.25,No
CUST-16884,Female,0,Yes,No,24,Yes,Fiber optic,Yes,No internet service,Two year,Yes,Electronic check,77.91,1717.9,No
CUST-16885,Female,0,No,Yes,5,Yes,Fiber optic,No,No,Two year,No,Mailed check,104.93,487.05,No
CUST-16886,Male,1,No,No,17,Yes,DSL,Yes,Yes,Month-to-month,Yes,Electronic check,51.65,791.52,No
CUST-16887,Male,1,No,Yes,27,Yes,No,No,No internet service,Two year,No,Electronic check,18.0,488.94,No
CUST-16888,Male,0,No,No,0,Yes,Fiber optic,No,No,One year,No,Electronic check,93.87,,Yes
CUST-16889,Male,1,Yes,No,28,Yes,Fiber optic,Yes,No internet service,Two year,Yes,Bank transfer (automatic),90.39,2572.82,Yes
CUST-16890,Male,1,Yes,Yes,24,Yes,Fiber optic,No internet service,Yes,Month-to-month,No,Credit card (automatic),68.01,1588.56,No
CUST-16891,Male,0,Yes,Yes,1,Yes,No,No,No internet service,Two year,No,Mailed check,24.13,22.08,No
CUST-16892,Female,0,No,Yes,52,Yes,Fiber optic,No,No,Month-to-month,No,Bank transfer (automatic),67.36,3650.99,Yes
CUST-16893,Male,0,Yes,Yes,5,Yes,DSL,Yes,No internet service,One year,Yes,Electronic check,55.41,261.36,No
CUST-16894,Male,0,No,Yes,16,Yes,No,No,No,Month-to-month,Yes,Electronic check,44.89,647.19,Yes
CUST-16895,Male,0,No,No,11,Yes,DSL,No,Yes,Two year,Yes,Credit card (automatic),64.75,738.54,No
CUST-16896,Female,0,No,No,4,No,No,Yes,Yes,Two year,Yes,Mailed check,28.79,108.76,No
CUST-16897,Male,1,No,No,30,Yes,DSL,No,Yes,Two year,No,Mailed check,49.42,1473.7,No
CUST-16898,Male,0,No,No,20,Yes,Fiber optic,Yes,No internet service,One year,Yes,Electronic check,93.4,1785.41,No
CUST-16899,Male,0,No,No,13,Yes,Fiber optic,No,No,One year,No,Credit card (automatic),88.52,1174.72,Yes
CUST-16900,Male,0,No,Yes,7,Yes,Fiber optic,No,No,Two year,Yes,Electronic check,73.59,510.11,No
CUST-16901,Female,0,No,No,56,Yes,Fiber optic,Yes,No,Month-to-month,Yes,Mailed check,74.1,3811.81,No
CUST-16902,Male,1,No,No,13,Yes,Fiber optic,No,No internet service,Two year,Yes,Electronic check,97.58,1236.06,No
CUST-16903,Female,1,Yes,No,5,Yes,No,Yes,No,Month-to-month,Yes,Electronic check,21.31,101.56,No
CUST-16904,Male,0,Yes,No,72,Yes,DSL,Yes,No internet service,Two year,No,Electronic check,68.98,4628.25,No
CUST-16905,Male,0,No,Yes,44,No,No,No,No internet service,Two year,Yes,Electronic check,21.74,912.09,No
CUST-16906,Male,0,Yes,No,6,Yes,Fiber optic,No,No,Month-to-month,No,Credit card (automatic),91.28,500.96,Yes
CUST-16907,Male,0,Yes,Yes,5,Yes,Fiber optic,Yes,No internet service,Month-to-month,Yes,Electronic check,91.29,411.86,Yes
CUST-16908,Male,0,No,Yes,3,No,Fiber optic,No internet service,No,Month-to-month,No,Mailed check,76.61,234.97,Yes
CUST-16909,Male,1,No,No,17,No,DSL,No internet service,Yes,Month-to-month,Yes,Mailed check,46.74,764.3,No
CUST-16910,Male,1,No,No,41,Yes,Fiber optic,No,No,Month-to-month,Yes,Credit card (automatic),80.8,2981.65,No
CUST-16911,Female,0,Yes,No,5,Yes,DSL,No,No internet service,Month-to-month,No,Electronic check,53.12,264.54,Yes
CUST-16912,Male,1,Yes,Yes,16,Yes,DSL,No internet service,No,Month-to-month,No,Electronic check,52.12,776.71,No
CUST-16913,Male,1,No,No,37,Yes,No,Yes,No,One year,Yes,Credit card (automatic),22.86,862.44,No
CUST-16914,Male,0,Yes,No,48,Yes,No,No,No internet service,Month-to-month,No,Electronic check,28.9,1448.14,No
CUST-16915,Female,1,No,No,35,Yes,Fiber optic,No,No,Month-to-month,No,Bank transfer (automatic),51.12,1657.23,No
CUST-16916,Female,0,Yes,No,0,Yes,No,No,No,Month-to-month,Yes,Electronic check,42.6,,Yes
CUST-16917,Female,0,No,Yes,13,Yes,No,No,No,Month-to-month,No,Mailed check,20.06,236.35,No
CUST-16918,Male,0,No,No,3,Yes,No,No,No,Month-to-month,Yes,Bank transfer (automatic),26.53,75.63,No
CUST-16919,Male,0,No,No,4,Yes,DSL,No internet service,No internet service,Month-to-month,No,Mailed check,59.11,231.15,Yes
CUST-16920,Male,0,Yes,Yes,4,Yes,Fiber optic,Yes,No,Two year,No,Electronic check,78.89,323.9,No
CUST-16921,Female,0,Yes,No,42,Yes,No,No internet service,No internet service,Month-to-month,No,Mailed check,19.09,762.49,Yes
CUST-16922,Male,0,Yes,No,1,Yes,Fiber optic,Yes,No,Two year,Yes,Mailed check,93.35,96.01,No
CUST-16923,Male,0,Yes,No,6,No,No,No,No,Month-to-month,No,Bank transfer (automatic),34.7,215.53,No
CUST-16924,Female,0,No,No,3,Yes,DSL,No,No,Month-to-month,No,Electronic check,57.19,162.44,No
CUST-16925,Female,0,No,No,36,Yes,No,Yes,No internet service,Month-to-month,Yes,Credit card (automatic),21.71,749.79,Yes
CUST-16926,Male,0,Yes,No,16,Yes,No,No internet service,No,Month-to-month,No,Bank transfer (automatic),18.0,286.22,Yes
CUST-16927,Female,0,Yes,No,32,Yes,No,No,Yes,Month-to-month,Yes,Electronic check,23.71,741.12,No
CUST-16928,Male,0,No,No,14,Yes,DSL,No,No internet service,Two year,Yes,Mailed check,57.86,744.66,No
CUST-16929,Male,0,Yes,Yes,18,Yes,No,No,No internet service,One year,Yes,Mailed check,28.68,484.85,No
CUST-16930,Male,0,Yes,Yes,15,Yes,Fiber optic,Yes,Yes,Month-to-month,Yes,Mailed check,86.18,1217.68,No
CUST-16931,Female,0,No,No,20,Yes,DSL,No,Yes,Month-to-month,Yes,Mailed check,65.11,1328.04,No
CUST-16932,Male,0,Yes,Yes,31,No,Fiber optic,No,No internet service,Two year,No,Bank transfer (automatic),77.16,2312.96,No
CUST-16933,Male,0,No,Yes,0,Yes,Fiber optic,Yes,Yes,Month-to-month,Yes,Electronic check,95.89,,No
CUST-16934,Male,0,Yes,No,59,Yes,DSL,No,No internet service,One year,Yes,Bank transfer (automatic),45.88,2632.37,No
CUST-16935,Female,0,No,Yes,30,Yes,No,No,Yes,One year,Yes,Bank transfer (automatic),27.51,823.51,No
CUST-16936,Male,0,Yes,No,22,Yes,DSL,No,No,Month-to-month,Yes,Electronic check,61.23,1345.85,Yes
CUST-16937,Male,1,Yes,No,2,Yes,DSL,No,Yes,Month-to-month,Yes,Electronic check,74.65,153.72,No
CUST-16938,Female,0,No,No,2,Yes,DSL,No,No,Month-to-month,No,Bank transfer (automatic),49.91,94.53,Yes
CUST-16939,Female,1,Yes,No,36,Yes,DSL,Yes,No internet service,Month-to-month,No,Bank transfer (automatic),65.63,2371.66,No
CUST-16940,Male,0,No,No,19,Yes,Fiber optic,Yes,No,Two year,Yes,Bank transfer (automatic),72.72,1315.65,Yes
CUST-16941,Female,0,Yes,No,11,Yes,DSL,No,No internet service,Two year,Yes,Electronic check,56.82,605.74,No
CUST-16942,Male,0,Yes,No,14,Yes,Fiber optic,No,No,Two year,No,Mailed check,97.71,1338.87,No
CUST-16943,Female,0,Yes,No,65,Yes,Fiber optic,No,No,Month-to-month,Yes,Mailed check,62.65,4120.0,No
CUST-16944,Female,0,Yes,Yes,49,Yes,DSL,No,Yes,Month-to-month,Yes,Bank transfer (automatic),63.05,2953.3,No
CUST-16945,Male,0,Yes,No,24,Yes,No,No,No,Month-to-month,Yes,Electronic check,24.7,581.4,No
CUST-16946,Male,0,No,No,6,Yes,DSL,No,No,Two year,Yes,Mailed check,51.81,284.44,No
CUST-16947,Male,0,Yes,Yes,18,No,No,No,No,Two year,No,Mailed check,26.64,482.52,No
CUST-16948,Female,0,Yes,No,22,Yes,DSL,No,No,Two year,Yes,Bank transfer (automatic),46.89,965.12,No
CUST-16949,Male,0,No,No,19,Yes,Fiber optic,Yes,No,Month-to-month,Yes,Electronic check,77.06,1442.53,Yes
CUST-16950,Female,0,No,Yes,6,Yes,Fiber optic,No internet service,No,One year,Yes,Credit card (automatic),79.98,443.96,Yes
CUST-16951,Male,0,No,No,0,Yes,DSL,No internet service,Yes,Month-to-month,Yes,Electronic check,68.25,,Yes
CUST-16952,Male,0,Yes,Yes,23,Yes,Fiber optic,Yes,No internet service,Two year,No,Credit card (automatic),92.26,2052.38,No
CUST-16953,Female,0,Yes,No,7,Yes,Fiber optic,No,No,Two year,Yes,Credit card (automatic),76.12,526.01,No
CUST-16954,Female,0,No,Yes,15,Yes,No,No,Yes,Two year,Yes,Bank transfer (automatic),18.0,260.56,No
CUST-16955,Male,0,Yes,Yes,1,Yes,DSL,No internet service,Yes,Month-to-month,Yes,Bank transfer (automatic),72.42,71.92,Yes
CUST-16956,Female,0,No,No,22,Yes,No,Yes,No internet service,Month-to-month,No,Bank transfer (automatic),25.18,511.9,No
CUST-16957,Male,0,No,No,72,Yes,No,No,Yes,Month-to-month,Yes,Credit card (automatic),29.9,2062.52,No
CUST-16958,Male,0,No,No,20,Yes,DSL,No internet service,No,Two year,Yes,Electronic check,52.33,1095.6,No
CUST-16959,Female,1,No,Yes,8,Yes,No,Yes,Yes,Month-to-month,Yes,Bank transfer (automatic),19.79,160.95,No
CUST-16960,Female,0,No,Yes,10,Yes,DSL,Yes,Yes,Two year,No,Electronic check,60.48,556.66,No
CUST-16961,Female,0,No,Yes,33,Yes,DSL,No,No,Two year,Yes,Mailed check,58.83,1928.54,No
CUST-16962,Male,0,No,No,19,Yes,Fiber optic,No,Yes,Two year,Yes,Electronic check,84.47,1551.88,No
CUST-16963,Female,0,No,No,38,Yes,No,No internet service,No internet service,Two year,Yes,Credit card (automatic),21.87,786.62,No
CUST-16964,Male,0,No,Yes,13,Yes,No,No,No internet service,Month-to-month,Yes,Mailed check,19.85,263.31,No
CUST-16965,Female,0,No,No,72,Yes,Fiber optic,No,Yes,Two year,Yes,Credit card (automatic),76.27,5564.6,No
CUST-16966,Male,0,No,No,23,Yes,No,Yes,Yes,Month-to-month,No,Bank transfer (automatic),18.27,397.9,No
CUST-16967,Female,0,No,No,20,Yes,Fiber optic,No internet service,No internet service,Two year,Yes,Credit card (automatic),89.95,1644.59,No
CUST-16968,Male,0,Yes,No,5,Yes,Fiber optic,No,No internet service,Month-to-month,Yes,Credit card (automatic),68.55,322.33,Yes
CUST-16969,Female,0,No,No,13,Yes,Fiber optic,Yes,No,Month-to-month,Yes,Credit card (automatic),109.92,1307.89,Yes
CUST-16970,Male,0,Yes,Yes,28,Yes,No,No internet service,Yes,Month-to-month,No,Credit card (automatic),29.99,858.11,Yes
CUST-16971,Female,0,No,No,41,Yes,DSL,No internet service,No internet service,Two year,Yes,Mailed check,47.69,2002.26,No
CUST-16972,Female,0,No,No,0,No,No,Yes,No internet service,Month-to-month,Yes,Mailed check,30.2,,No
CUST-16973,Male,0,No,No,9,Yes,Fiber optic,No,No,One year,Yes,Credit card (automatic),81.97,698.91,No
CUST-16974,Female,0,Yes,Yes,8,Yes,No,No,No,Month-to-month,Yes,Electronic check,18.16,134.43,No
CUST-16975,Male,0,No,No,40,Yes,DSL,No,No,One year,No,Bank transfer (automatic),61.75,2536.63,No
CUST-16976,Female,1,Yes,No,2,Yes,DSL,No internet service,Yes,Two year,Yes,Bank transfer (automatic),34.48,63.59,No
CUST-16977,Female,0,No,Yes,42,Yes,Fiber optic,No,No,Two year,Yes,Credit card (automatic),103.11,4028.98,No
CUST-16978,Male,0,Yes,No,29,Yes,DSL,No,No internet service,Month-to-month,No,Electronic check,59.97,1642.26,No
CUST-16979,Female,0,Yes,No,6,Yes,Fiber optic,Yes,Yes,Two year,Yes,Credit card (automatic),69.03,402.25,No
CUST-16980,Female,0,No,No,7,Yes,Fiber optic,No,No,Month-to-month,Yes,Electronic check,74.81,541.49,No
CUST-16981,Male,0,Yes,Yes,15,Yes,Fiber optic,No internet service,Yes,Month-to-month,Yes,Mailed check,77.06,1148.67,No
CUST-16982,Female,0,No,Yes,8,No,Fiber optic,Yes,Yes,One year,Yes,Electronic check,93.33,681.14,No
CUST-16983,Male,0,No,Yes,36,Yes,Fiber optic,No,No internet service,Month-to-month,Yes,Mailed check,77.43,2743.54,Yes
CUST-16984,Female,0,No,No,72,Yes,DSL,No,Yes,One year,Yes,Mailed check,49.33,3445.78,No
CUST-16985,Female,0,Yes,No,28,Yes,No,No internet service,No,Two year,No,Mailed check,28.94,828.21,No
CUST-16986,Female,0,Yes,No,9,Yes,Fiber optic,Yes,No,Month-to-month,No,Mailed check,82.99,749.54,Yes
CUST-16987,Female,0,Yes,No,24,No,DSL,No,No internet service,Month-to-month,No,Credit card (automatic),53.36,1153.26,No
CUST-16988,Male,0,Yes,No,6,Yes,Fiber optic,No,No,Month-to-month,No,Credit card (automatic),71.11,388.66,Yes
CUST-16989,Female,0,No,No,39,Yes,Fiber optic,No,No,Month-to-month,No,Electronic check,86.48,3376.46,Yes
CUST-16990,Female,1,Yes,No,7,Yes,Fiber optic,No,No,Two year,Yes,Mailed check,92.43,656.92,No
CUST-16991,Female,0,No,Yes,62,Yes,DSL,No,No,Two year,No,Credit card (automatic),81.85,4866.11,No
CUST-16992,Female,0,Yes,Yes,3,Yes,DSL,No,Yes,Month-to-month,Yes,Electronic check,68.81,203.49,No
CUST-16993,Female,0,Yes,No,72,Yes,DSL,Yes,No,Month-to-month,No,Mailed check,52.66,3453.73,Yes
CUST-16994,Male,1,No,No,34,Yes,No,Yes,No,One year,No,Electronic check,29.61,942.17,No
CUST-16995,Male,1,Yes,Yes,12,Yes,DSL,No,Yes,Month-to-month,Yes,Credit card (automatic),48.6,609.25,No
CUST-16996,Female,0,No,No,72,Yes,DSL,No,No,Two year,Yes,Credit card (automatic),55.66,4206.84,No
CUST-16997,Male,0,Yes,No,22,Yes,Fiber optic,Yes,No internet service,Month-to-month,No,Credit card (automatic),98.17,1958.44,Yes
CUST-16998,Male,1,No,Yes,55,Yes,DSL,No,Yes,Two year,Yes,Mailed check,50.78,2900.73,Yes
CUST-16999,Female,1,Yes,No,24,Yes,DSL,No,No,Month-to-month,No,Mailed check,67.05,1669.07,No
CUST-17000,Male,0,No,No,32,No,No,No,No,Month-to-month,Yes,Mailed check,27.28,839.86,No
CUST-17001,Female,0,No,No,50,Yes,Fiber optic,No,Yes,Month-to-month,No,Credit card (automatic),112.75,5452.48,No
CUST-17002,Male,1,Yes,Yes,14,Yes,DSL,No,No,Two year,Yes,Bank transfer (automatic),73.44,957.79,No
CUST-17003,Female,1,No,Yes,72,Yes,No,No,No,Two year,No,Bank transfer (automatic),18.0,1324.66,No
CUST-17004,Male,0,Yes,No,43,Yes,Fiber optic,No,No,Two year,Yes,Credit card (automatic),83.43,3232.85,No
CUST-17005,Female,0,Yes,No,6,Yes,DSL,No internet service,No internet service,One year,No,Bank transfer (automatic),49.93,278.89,No
CUST-17006,Male,0,No,Yes,1,Yes,Fiber optic,No,No,Two year,Yes,Credit card (automatic),82.44,80.66,No
CUST-17007,Male,1,No,Yes,38,Yes,DSL,No internet service,No internet service,One year,Yes,Bank transfer (automatic),50.63,1908.86,No
CUST-17008,Female,0,No,No,34,Yes,Fiber optic,Yes,No internet service,Month-to-month,No,Bank transfer (automatic),81.94,2655.76,No
CUST-17009,Female,0,Yes,No,16,Yes,Fiber optic,No,No,Two year,Yes,Credit card (automatic),93.26,1552.78,No
CUST-17010,Male,0,No,No,28,Yes,No,No internet service,No,Month-to-month,No,Electronic check,46.31,1219.22,Yes
CUST-17011,Female,0,No,No,4,Yes,Fiber optic,Yes,Yes,One year,No,Electronic check,89.43,357.38,No
CUST-17012,Male,0,Yes,Yes,34,No,DSL,Yes,No,Month-to-month,Yes,Credit card (automatic),66.58,2236.48,No
CUST-17013,Female,0,Yes,No,35,No,No,No,No,One year,Yes,Electronic check,18.0,639.73,No
CUST-17014,Female,0,No,No,58,Yes,No,No,No internet service,Month-to-month,Yes,Mailed check,26.36,1409.76,No
CUST-17015,Male,1,No,No,7,Yes,No,No,No,Month-to-month,Yes,Bank transfer (automatic),42.18,297.39,Yes
CUST-17016,Female,0,No,No,12,Yes,DSL,No internet service,No,Month-to-month,No,Credit card (automatic),71.69,874.86,No
CUST-17017,Female,0,Yes,No,64,Yes,DSL,Yes,No,Month-to-month,No,Bank transfer (automatic),52.18,3050.27,Yes
CUST-17018,Male,1,Yes,No,28,No,Fiber optic,No internet service,No,Month-to-month,Yes,Credit card (automatic),74.59,2175.52,No
CUST-17019,Female,0,No,No,36,Yes,Fiber optic,No internet service,Yes,Month-to-month,Yes,Electronic check,76.82,2686.3,Yes
CUST-17020,Male,0,Yes,Yes,4,No,No,No,No,Month-to-month,No,Credit card (automatic),18.21,75.49,Yes
CUST-17021,Female,0,Yes,Yes,9,Yes,DSL,Yes,No,Two year,Yes,Electronic check,68.52,637.11,No
CUST-17022,Male,0,No,No,6,Yes,No,No,No,Two year,No,Credit card (automatic),22.4,132.47,No
CUST-17023,Female,1,No,No,58,Yes,Fiber optic,No,No internet service,Two year,No,Bank transfer (automatic),85.6,4765.22,No
CUST-17024,Female,0,No,No,15,Yes,Fiber optic,No,No internet service,Two year,Yes,Electronic check,67.41,1025.68,No
CUST-17025,Male,0,No,Yes,13,Yes,No,No,Yes,One year,Yes,Electronic check,25.37,328.45,No
CUST-17026,Male,0,No,No,5,Yes,Fiber optic,Yes,No,Month-to-month,No,Mailed check,110.95,523.67,Yes
CUST-17027,Female,0,Yes,No,5,Yes,Fiber optic,No,No,Month-to-month,No,Electronic check,72.04,331.79,Yes
CUST-17028,Female,0,No,No,35,Yes,Fiber optic,No,No internet service,Two year,Yes,Bank transfer (automatic),77.19,2630.42,No
CUST-17029,Female,0,Yes,No,60,Yes,No,Yes,No,Month-to-month,Yes,Mailed check,24.03,1312.36,No
CUST-17030,Female,0,Yes,Yes,25,Yes,Fiber optic,No internet service,Yes,Two year,Yes,Bank transfer (automatic),86.37,2126.0,No
CUST-17031,Male,0,No,No,63,Yes,DSL,No,No,Month-to-month,No,Mailed check,49.4,3201.54,No
CUST-17032,Male,0,No,No,13,No,DSL,No internet service,Yes,Month-to-month,No,Bank transfer (automatic),62.79,819.29,No
CUST-17033,Male,0,Yes,No,29,Yes,Fiber optic,No,Yes,Month-to-month,Yes,Electronic check,95.07,2781.76,No
CUST-17034,Male,0,No,No,2,Yes,Fiber optic,No,No,Month-to-month,Yes,Electronic check,30.16,61.8,Yes
CUST-17035,Female,0,Yes,No,2,Yes,Fiber optic,Yes,No,Month-to-month,No,Mailed check,68.74,138.07,No
CUST-17036,Female,0,Yes,No,1,Yes,Fiber optic,Yes,Yes,Month-to-month,No,Electronic check,111.09,105.23,Yes
CUST-17037,Female,0,No,No,58,Yes,DSL,No,Yes,One year,Yes,Mailed check,62.12,3262.77,No
CUST-17038,Female,0,No,No,72,Yes,Fiber optic,Yes,No,Month-to-month,Yes,Bank transfer (automatic),64.34,4863.36,No
CUST-17039,Male,0,Yes,No,5,Yes,No,No,No,Two year,No,Bank transfer (automatic),35.83,171.71,No
CUST-17040,Male,0,No,No,3,Yes,Fiber optic,Yes,Yes,Month-to-month,Yes,Bank transfer (automatic),79.38,221.04,Yes
CUST-17041,Male,0,Yes,Yes,0,Yes,DSL,No,No,Month-to-month,No,Mailed check,43.11,,Yes
CUST-17042,Male,0,No,Yes,7,Yes,Fiber optic,Yes,Yes,Month-to-month,Yes,Electronic check,83.81,580.79,Yes
